<?xml version="1.0" encoding="utf-8"?>
<COLLADA xmlns="http://www.collada.org/2005/11/COLLADASchema" version="1.4.1" xmlns:xsi="http://www.w3.org/2001/XMLSchema-instance">
  <asset>
    <contributor>
      <author>Blender User</author>
      <authoring_tool>Blender 4.5.4 LTS commit date:2025-10-27, commit time:12:46, hash:b3efe983cc58</authoring_tool>
    </contributor>
    <created>2026-08-04T20:12:22</created>
    <modified>2026-08-04T20:12:22</modified>
    <unit name="meter" meter="1"/>
    <up_axis>Z_UP</up_axis>
  </asset>
  <library_effects>
    <effect id="ericrolph_cannon_car_wash_attract_cannon-effect">
      <profile_COMMON>
        <technique sid="common">
          <lambert>
            <emission>
              <color sid="emission">0 0 0 1</color>
            </emission>
            <diffuse>
              <color sid="diffuse">0.16 0.17 0.19 1</color>
            </diffuse>
            <reflectivity>
              <float sid="specular">0.85</float>
            </reflectivity>
            <index_of_refraction>
              <float sid="ior">1.5</float>
            </index_of_refraction>
          </lambert>
        </technique>
      </profile_COMMON>
    </effect>
    <effect id="ericrolph_cannon_car_wash_rubber-effect">
      <profile_COMMON>
        <technique sid="common">
          <lambert>
            <emission>
              <color sid="emission">0 0 0 1</color>
            </emission>
            <diffuse>
              <color sid="diffuse">0.012 0.014 0.018 1</color>
            </diffuse>
            <index_of_refraction>
              <float sid="ior">1.5</float>
            </index_of_refraction>
          </lambert>
        </technique>
      </profile_COMMON>
    </effect>
  </library_effects>
  <library_images/>
  <library_materials>
    <material id="ericrolph_cannon_car_wash_attract_cannon-material" name="ericrolph_cannon_car_wash_attract_cannon">
      <instance_effect url="#ericrolph_cannon_car_wash_attract_cannon-effect"/>
    </material>
    <material id="ericrolph_cannon_car_wash_rubber-material" name="ericrolph_cannon_car_wash_rubber">
      <instance_effect url="#ericrolph_cannon_car_wash_rubber-effect"/>
    </material>
  </library_materials>
  <library_geometries>
    <geometry id="ericrolph_cannon_car_wash_cannonshape_Barrel_mesh-mesh" name="ericrolph_cannon_car_wash_cannonshape_Barrel_mesh">
      <mesh>
        <source id="ericrolph_cannon_car_wash_cannonshape_Barrel_mesh-mesh-positions">
          <float_array id="ericrolph_cannon_car_wash_cannonshape_Barrel_mesh-mesh-positions-array" count="288">0 0.05951017 -0.4 0 0.08499997 -0.375 0 0.07753419 -0.3926776 0 0.05951017 0.4 0 0.08499997 0.375 0 0.07753419 0.3926776 0.02277356 0.05498027 -0.4 0.03252804 0.07852971 -0.375 0.02967101 0.07163226 -0.3926776 0.02277356 0.05498027 0.4 0.03252804 0.07852971 0.375 0.02967101 0.07163226 0.3926776 0.04208004 0.04208004 -0.4 0.06010407 0.06010407 -0.375 0.05482494 0.05482494 -0.3926776 0.04208004 0.04208004 0.4 0.06010407 0.06010407 0.375 0.05482494 0.05482494 0.3926776 0.05498027 0.02277356 -0.4 0.07852971 0.03252804 -0.375 0.07163226 0.02967101 -0.3926776 0.05498027 0.02277356 0.4 0.07852971 0.03252804 0.375 0.07163226 0.02967101 0.3926776 0.05951017 0 -0.4 0.08499997 0 -0.375 0.07753419 0 -0.3926776 0.05951017 0 0.4 0.08499997 0 0.375 0.07753419 0 0.3926776 0.05498027 -0.02277356 -0.4 0.07852971 -0.03252804 -0.375 0.07163226 -0.02967101 -0.3926776 0.05498027 -0.02277356 0.4 0.07852971 -0.03252804 0.375 0.07163226 -0.02967101 0.3926776 0.04208004 -0.04208004 -0.4 0.06010407 -0.06010407 -0.375 0.05482494 -0.05482494 -0.3926776 0.04208004 -0.04208004 0.4 0.06010407 -0.06010407 0.375 0.05482494 -0.05482494 0.3926776 0.02277356 -0.05498027 -0.4 0.03252804 -0.07852971 -0.375 0.02967101 -0.07163226 -0.3926776 0.02277356 -0.05498027 0.4 0.03252804 -0.07852971 0.375 0.02967101 -0.07163226 0.3926776 0 -0.05951017 -0.4 0 -0.08499997 -0.375 0 -0.07753419 -0.3926776 0 -0.05951017 0.4 0 -0.08499997 0.375 0 -0.07753419 0.3926776 -0.02277356 -0.05498027 -0.4 -0.03252804 -0.07852971 -0.375 -0.02967101 -0.07163226 -0.3926776 -0.02277356 -0.05498027 0.4 -0.03252804 -0.07852971 0.375 -0.02967101 -0.07163226 0.3926776 -0.04208004 -0.04208004 -0.4 -0.06010407 -0.06010407 -0.375 -0.05482494 -0.05482494 -0.3926776 -0.04208004 -0.04208004 0.4 -0.06010407 -0.06010407 0.375 -0.05482494 -0.05482494 0.3926776 -0.05498027 -0.02277356 -0.4 -0.07852971 -0.03252804 -0.375 -0.07163226 -0.02967101 -0.3926776 -0.05498027 -0.02277356 0.4 -0.07852971 -0.03252804 0.375 -0.07163226 -0.02967101 0.3926776 -0.05951017 0 -0.4 -0.08499997 0 -0.375 -0.07753419 0 -0.3926776 -0.05951017 0 0.4 -0.08499997 0 0.375 -0.07753419 0 0.3926776 -0.05498027 0.02277356 -0.4 -0.07852971 0.03252804 -0.375 -0.07163226 0.02967101 -0.3926776 -0.05498027 0.02277356 0.4 -0.07852971 0.03252804 0.375 -0.07163226 0.02967101 0.3926776 -0.04208004 0.04208004 -0.4 -0.06010407 0.06010407 -0.375 -0.05482494 0.05482494 -0.3926776 -0.04208004 0.04208004 0.4 -0.06010407 0.06010407 0.375 -0.05482494 0.05482494 0.3926776 -0.02277356 0.05498027 -0.4 -0.03252804 0.07852971 -0.375 -0.02967101 0.07163226 -0.3926776 -0.02277356 0.05498027 0.4 -0.03252804 0.07852971 0.375 -0.02967101 0.07163226 0.3926776</float_array>
          <technique_common>
            <accessor source="#ericrolph_cannon_car_wash_cannonshape_Barrel_mesh-mesh-positions-array" count="96" stride="3">
              <param name="X" type="float"/>
              <param name="Y" type="float"/>
              <param name="Z" type="float"/>
            </accessor>
          </technique_common>
        </source>
        <source id="ericrolph_cannon_car_wash_cannonshape_Barrel_mesh-mesh-normals">
          <float_array id="ericrolph_cannon_car_wash_cannonshape_Barrel_mesh-mesh-normals-array" count="564">0.1802399 0.9061272 -0.3826839 0.07465815 0.375332 -0.9238788 0.18024 0.9061271 0.3826842 0.07465821 0.3753321 0.9238788 0.5132799 0.7681775 -0.3826838 0.2126085 0.3181911 -0.9238788 0.5132797 0.7681777 0.3826838 0.2126084 0.3181911 0.9238788 0.7681777 0.5132797 -0.3826838 0.3181911 0.2126084 -0.9238788 0.7681775 0.5132799 0.3826838 0.3181911 0.2126085 0.9238788 0.9061271 0.18024 -0.3826842 0.3753321 0.07465821 -0.9238788 0.9061272 0.1802399 0.3826839 0.375332 0.07465815 0.9238788 0.9061272 -0.1802399 -0.3826839 0.375332 -0.07465815 -0.9238788 0.9061271 -0.18024 0.3826842 0.3753321 -0.07465821 0.9238788 0.7681775 -0.5132799 -0.3826838 0.3181911 -0.2126085 -0.9238788 0.7681777 -0.5132797 0.3826838 0.3181911 -0.2126084 0.9238788 0.5132797 -0.7681777 -0.3826838 0.2126084 -0.3181911 -0.9238788 0.5132799 -0.7681775 0.3826838 0.2126085 -0.3181911 0.9238788 0.18024 -0.9061271 -0.3826842 0.07465821 -0.3753321 -0.9238788 0.1802399 -0.9061272 0.3826839 0.07465815 -0.375332 0.9238788 -0.1802399 -0.9061272 -0.3826839 -0.07465815 -0.375332 -0.9238788 -0.18024 -0.9061271 0.3826842 -0.07465821 -0.3753321 0.9238788 -0.5132799 -0.7681775 -0.3826838 -0.2126085 -0.3181911 -0.9238788 -0.5132797 -0.7681777 0.3826838 -0.2126084 -0.3181911 0.9238788 -0.7681777 -0.5132797 -0.3826838 -0.3181911 -0.2126084 -0.9238788 -0.7681775 -0.5132799 0.3826838 -0.3181911 -0.2126085 0.9238788 -0.9061271 -0.18024 -0.3826842 -0.3753321 -0.07465821 -0.9238788 -0.9061272 -0.1802399 0.3826839 -0.375332 -0.07465815 0.9238788 -0.9061272 0.1802399 -0.3826839 -0.375332 0.07465815 -0.9238788 -0.9061271 0.18024 0.3826842 -0.3753321 0.07465821 0.9238788 -0.7681775 0.5132799 -0.3826838 -0.3181911 0.2126085 -0.9238788 -0.7681777 0.5132797 0.3826838 -0.3181911 0.2126084 0.9238788 -0.5132797 0.7681777 -0.3826838 -0.2126084 0.3181911 -0.9238788 -0.5132799 0.7681775 0.3826838 -0.2126085 0.3181911 0.9238788 -0.18024 0.9061271 -0.3826842 -0.07465821 0.3753321 -0.9238788 -0.1802399 0.9061272 0.3826839 -0.07465815 0.375332 0.9238788 0 0 -1 0.1950903 0.9807853 0 -0.1950903 0.9807853 0 0 0 1 0.5555703 0.8314696 0 0.8314696 0.5555703 0 0.9807853 0.1950903 0 0.9807853 -0.1950903 0 0.8314696 -0.5555703 0 0.5555703 -0.8314696 0 0.1950903 -0.9807853 0 -0.1950903 -0.9807853 0 -0.5555703 -0.8314696 0 -0.8314696 -0.5555703 0 -0.9807853 -0.1950903 0 -0.9807853 0.1950903 0 -0.8314696 0.5555703 0 -0.5555703 0.8314696 0 0.1802399 0.9061273 -0.3826838 0.07465815 0.3753319 -0.9238789 0.1802399 0.9061272 0.3826839 0.07465821 0.375332 0.9238788 0.51328 0.7681776 -0.3826838 0.2126085 0.3181911 -0.9238788 0.5132799 0.7681775 0.3826841 0.2126085 0.3181911 0.9238787 0.7681775 0.5132799 -0.3826841 0.3181911 0.2126085 -0.9238787 0.7681776 0.51328 0.3826838 0.3181911 0.2126085 0.9238788 0.9061272 0.1802399 -0.3826839 0.375332 0.07465821 -0.9238788 0.9061273 0.1802399 0.3826838 0.3753319 0.07465815 0.9238789 0.9061273 -0.1802399 -0.3826838 0.3753319 -0.07465815 -0.9238789 0.9061272 -0.1802399 0.3826839 0.375332 -0.07465821 0.9238788 0.7681776 -0.51328 -0.3826838 0.3181911 -0.2126085 -0.9238788 0.7681775 -0.5132799 0.3826841 0.3181911 -0.2126085 0.9238787 0.5132799 -0.7681775 -0.3826841 0.2126085 -0.3181911 -0.9238787 0.51328 -0.7681776 0.3826838 0.2126085 -0.3181911 0.9238788 0.1802399 -0.9061272 -0.3826839 0.07465821 -0.375332 -0.9238788 0.1802399 -0.9061273 0.3826838 0.07465815 -0.3753319 0.9238789 -0.1802399 -0.9061273 -0.3826838 -0.07465815 -0.3753319 -0.9238789 -0.1802399 -0.9061272 0.3826839 -0.07465821 -0.375332 0.9238788 -0.51328 -0.7681776 -0.3826838 -0.2126085 -0.3181911 -0.9238788 -0.5132799 -0.7681775 0.3826841 -0.2126085 -0.3181911 0.9238787 -0.7681775 -0.5132799 -0.3826841 -0.3181911 -0.2126085 -0.9238787 -0.7681776 -0.51328 0.3826838 -0.3181911 -0.2126085 0.9238788 -0.9061272 -0.1802399 -0.3826839 -0.375332 -0.07465821 -0.9238788 -0.9061273 -0.1802399 0.3826838 -0.3753319 -0.07465815 0.9238789 -0.9061273 0.1802399 -0.3826838 -0.3753319 0.07465815 -0.9238789 -0.9061272 0.1802399 0.3826839 -0.375332 0.07465821 0.9238788 -0.7681776 0.51328 -0.3826838 -0.3181911 0.2126085 -0.9238788 -0.7681775 0.5132799 0.3826841 -0.3181911 0.2126085 0.9238787 -0.5132799 0.7681775 -0.3826841 -0.2126085 0.3181911 -0.9238787 -0.51328 0.7681776 0.3826838 -0.2126085 0.3181911 0.9238788 -0.1802399 0.9061272 -0.3826839 -0.07465821 0.375332 -0.9238788 -0.1802399 0.9061273 0.3826838 -0.07465815 0.3753319 0.9238789 0 0 -1 0 0 -1 0 0 -1 0 0 -1 0 0 -1 0 0 -1 0 0 -1 0 0 -1 0 0 -1 0 0 -1 0 0 -1 0 0 -1 0 0 -1 0.1950903 0.9807853 0 -0.1950903 0.9807853 0 0 0 1 0 0 1 0 0 1 0 0 1 0 0 1 0 0 1 0 0 1 0 0 1 0 0 1 0 0 1 0 0 1 0 0 1 0 0 1 0.5555703 0.8314696 0 0.8314696 0.5555703 0 0.9807853 0.1950903 0 0.9807853 -0.1950903 0 0.8314696 -0.5555703 0 0.5555703 -0.8314696 0 0.1950903 -0.9807853 0 -0.1950903 -0.9807853 0 -0.5555703 -0.8314696 0 -0.8314696 -0.5555703 0 -0.9807853 -0.1950903 0 -0.9807853 0.1950903 0 -0.8314696 0.5555703 0 -0.5555703 0.8314696 0</float_array>
          <technique_common>
            <accessor source="#ericrolph_cannon_car_wash_cannonshape_Barrel_mesh-mesh-normals-array" count="188" stride="3">
              <param name="X" type="float"/>
              <param name="Y" type="float"/>
              <param name="Z" type="float"/>
            </accessor>
          </technique_common>
        </source>
        <source id="ericrolph_cannon_car_wash_cannonshape_Barrel_mesh-mesh-map-0">
          <float_array id="ericrolph_cannon_car_wash_cannonshape_Barrel_mesh-mesh-map-0-array" count="1128">0.9375001 0.515625 0.9972552 0.5 1 0.515625 0.841537 0.4709898 0.75 0.418029 0.75 0.4891977 0.9375001 0.9843751 0.9972553 1 0.9375001 1 0.341537 0.4709898 0.25 0.4180289 0.3143019 0.4052384 0.875 0.515625 0.9375001 0.5 0.9375001 0.515625 0.9191383 0.4191383 0.8143017 0.4052383 0.841537 0.4709898 0.875 0.984375 0.9375001 1 0.8750001 1 0.341537 0.4709898 0.3688143 0.3688144 0.4191383 0.4191383 0.875 0.515625 0.8125 0.5 0.875 0.5 0.9709898 0.341537 0.8688143 0.3688144 0.9191383 0.4191383 0.875 0.984375 0.8125 1 0.8125 0.984375 0.4191383 0.4191383 0.4052384 0.3143018 0.4709898 0.341537 0.8125001 0.515625 0.75 0.5 0.8125 0.5 0.9709898 0.341537 0.9180291 0.25 0.9052384 0.3143019 0.8125 0.984375 0.75 1 0.75 0.9843751 0.4709898 0.341537 0.4180288 0.25 0.4891978 0.25 0.6875 0.515625 0.75 0.5 0.75 0.515625 0.9709898 0.158463 0.9180291 0.25 0.9891978 0.25 0.6875 0.9843752 0.75 1 0.6875 1 0.4709898 0.158463 0.4180288 0.25 0.4052384 0.1856981 0.625 0.515625 0.6875 0.5 0.6875 0.515625 0.9191383 0.08086168 0.9052385 0.1856981 0.9709898 0.158463 0.625 0.984375 0.6875 1 0.6250001 1 0.4709898 0.158463 0.3688143 0.1311856 0.4191383 0.08086168 0.625 0.515625 0.5625 0.5 0.6250001 0.5 0.8415369 0.02901011 0.8688144 0.1311856 0.9191383 0.08086168 0.625 0.984375 0.5625001 1 0.5625 0.9843751 0.4191383 0.08086168 0.3143019 0.09476155 0.341537 0.02901011 0.5625 0.515625 0.5 0.5 0.5625 0.5 0.8415369 0.02901011 0.7500001 0.0819711 0.8143019 0.09476155 0.5625 0.9843751 0.5 1 0.5 0.9843751 0.341537 0.02901011 0.25 0.0819711 0.25 0.01080226 0.4375 0.515625 0.5 0.5 0.5 0.515625 0.658463 0.02901011 0.7500001 0.0819711 0.75 0.01080226 0.4375 0.984375 0.5 1 0.4375 1 0.158463 0.02901011 0.25 0.0819711 0.1856981 0.09476155 0.375 0.515625 0.4375 0.5 0.4375 0.515625 0.5808617 0.08086168 0.6856981 0.09476155 0.658463 0.02901011 0.375 0.984375 0.4375 1 0.375 1 0.158463 0.02901011 0.1311857 0.1311856 0.08086168 0.08086168 0.375 0.515625 0.3125 0.5 0.375 0.5 0.5290102 0.158463 0.6311857 0.1311857 0.5808617 0.08086168 0.375 0.984375 0.3125 1 0.3125 0.984375 0.08086168 0.08086168 0.09476155 0.1856981 0.02901011 0.158463 0.3125 0.515625 0.25 0.5 0.3125 0.5 0.5290102 0.158463 0.5819711 0.25 0.5947616 0.1856981 0.3125 0.984375 0.25 1 0.25 0.9843751 0.02901011 0.158463 0.0819711 0.25 0.01080226 0.25 0.1875 0.515625 0.25 0.5 0.25 0.515625 0.5290102 0.341537 0.5819711 0.25 0.5108023 0.25 0.1875 0.984375 0.25 1 0.1875 1 0.02901011 0.341537 0.0819711 0.25 0.09476155 0.3143019 0.125 0.515625 0.1875 0.5 0.1875 0.515625 0.5808617 0.4191383 0.5947616 0.3143019 0.5290102 0.341537 0.125 0.984375 0.1875 1 0.125 1 0.02901011 0.341537 0.1311856 0.3688143 0.08086168 0.4191383 0.125 0.515625 0.0625 0.5 0.125 0.5 0.658463 0.4709898 0.6311857 0.3688144 0.5808617 0.4191383 0.125 0.984375 0.0625 1 0.0625 0.9843749 0.08086168 0.4191383 0.1856982 0.4052385 0.158463 0.4709898 0.0625 0.515625 0.002744734 0.5 0.0625 0.5 0.658463 0.4709898 0.75 0.418029 0.6856981 0.4052385 0.0625 0.9843749 0.002744734 1 0 0.9843751 0.158463 0.4709898 0.25 0.4180289 0.25 0.4891977 0.8143019 0.09476155 0.5947616 0.1856981 0.6856981 0.4052385 1 0.9843751 0.9375001 0.515625 1 0.515625 0.0625 0.9843749 0 0.515625 0.0625 0.515625 0.1311857 0.1311856 0.3688143 0.1311856 0.3688143 0.3688144 0.9375001 0.9843751 0.875 0.515625 0.9375001 0.515625 0.875 0.984375 0.8125001 0.515625 0.875 0.515625 0.8125 0.984375 0.75 0.515625 0.8125001 0.515625 0.75 0.9843751 0.6875 0.515625 0.75 0.515625 0.6875 0.9843752 0.625 0.515625 0.6875 0.515625 0.625 0.984375 0.5625 0.515625 0.625 0.515625 0.5625 0.9843751 0.5 0.515625 0.5625 0.515625 0.5 0.9843751 0.4375 0.515625 0.5 0.515625 0.4375 0.984375 0.375 0.515625 0.4375 0.515625 0.375 0.984375 0.3125 0.515625 0.375 0.515625 0.3125 0.984375 0.25 0.515625 0.3125 0.515625 0.25 0.9843751 0.1875 0.515625 0.25 0.515625 0.1875 0.984375 0.125 0.515625 0.1875 0.515625 0.125 0.984375 0.0625 0.515625 0.125 0.515625 0.9375001 0.515625 0.9375001 0.5 0.9972552 0.5 0.841537 0.4709898 0.8143017 0.4052383 0.75 0.418029 0.9375001 0.9843751 1 0.9843751 0.9972553 1 0.341537 0.4709898 0.25 0.4891977 0.25 0.4180289 0.875 0.515625 0.875 0.5 0.9375001 0.5 0.9191383 0.4191383 0.8688143 0.3688144 0.8143017 0.4052383 0.875 0.984375 0.9375001 0.9843751 0.9375001 1 0.341537 0.4709898 0.3143019 0.4052384 0.3688143 0.3688144 0.875 0.515625 0.8125001 0.515625 0.8125 0.5 0.9709898 0.341537 0.9052384 0.3143019 0.8688143 0.3688144 0.875 0.984375 0.8750001 1 0.8125 1 0.4191383 0.4191383 0.3688143 0.3688144 0.4052384 0.3143018 0.8125001 0.515625 0.75 0.515625 0.75 0.5 0.9709898 0.341537 0.9891978 0.25 0.9180291 0.25 0.8125 0.984375 0.8125 1 0.75 1 0.4709898 0.341537 0.4052384 0.3143018 0.4180288 0.25 0.6875 0.515625 0.6875 0.5 0.75 0.5 0.9709898 0.158463 0.9052385 0.1856981 0.9180291 0.25 0.6875 0.9843752 0.75 0.9843751 0.75 1 0.4709898 0.158463 0.4891978 0.25 0.4180288 0.25 0.625 0.515625 0.6250001 0.5 0.6875 0.5 0.9191383 0.08086168 0.8688144 0.1311856 0.9052385 0.1856981 0.625 0.984375 0.6875 0.9843752 0.6875 1 0.4709898 0.158463 0.4052384 0.1856981 0.3688143 0.1311856 0.625 0.515625 0.5625 0.515625 0.5625 0.5 0.8415369 0.02901011 0.8143019 0.09476155 0.8688144 0.1311856 0.625 0.984375 0.6250001 1 0.5625001 1 0.4191383 0.08086168 0.3688143 0.1311856 0.3143019 0.09476155 0.5625 0.515625 0.5 0.515625 0.5 0.5 0.8415369 0.02901011 0.75 0.01080226 0.7500001 0.0819711 0.5625 0.9843751 0.5625001 1 0.5 1 0.341537 0.02901011 0.3143019 0.09476155 0.25 0.0819711 0.4375 0.515625 0.4375 0.5 0.5 0.5 0.658463 0.02901011 0.6856981 0.09476155 0.7500001 0.0819711 0.4375 0.984375 0.5 0.9843751 0.5 1 0.158463 0.02901011 0.25 0.01080226 0.25 0.0819711 0.375 0.515625 0.375 0.5 0.4375 0.5 0.5808617 0.08086168 0.6311857 0.1311857 0.6856981 0.09476155 0.375 0.984375 0.4375 0.984375 0.4375 1 0.158463 0.02901011 0.1856981 0.09476155 0.1311857 0.1311856 0.375 0.515625 0.3125 0.515625 0.3125 0.5 0.5290102 0.158463 0.5947616 0.1856981 0.6311857 0.1311857 0.375 0.984375 0.375 1 0.3125 1 0.08086168 0.08086168 0.1311857 0.1311856 0.09476155 0.1856981 0.3125 0.515625 0.25 0.515625 0.25 0.5 0.5290102 0.158463 0.5108023 0.25 0.5819711 0.25 0.3125 0.984375 0.3125 1 0.25 1 0.02901011 0.158463 0.09476155 0.1856981 0.0819711 0.25 0.1875 0.515625 0.1875 0.5 0.25 0.5 0.5290102 0.341537 0.5947616 0.3143019 0.5819711 0.25 0.1875 0.984375 0.25 0.9843751 0.25 1 0.02901011 0.341537 0.01080226 0.25 0.0819711 0.25 0.125 0.515625 0.125 0.5 0.1875 0.5 0.5808617 0.4191383 0.6311857 0.3688144 0.5947616 0.3143019 0.125 0.984375 0.1875 0.984375 0.1875 1 0.02901011 0.341537 0.09476155 0.3143019 0.1311856 0.3688143 0.125 0.515625 0.0625 0.515625 0.0625 0.5 0.658463 0.4709898 0.6856981 0.4052385 0.6311857 0.3688144 0.125 0.984375 0.125 1 0.0625 1 0.08086168 0.4191383 0.1311856 0.3688143 0.1856982 0.4052385 0.0625 0.515625 0 0.515625 0.002744734 0.5 0.658463 0.4709898 0.75 0.4891977 0.75 0.418029 0.0625 0.9843749 0.0625 1 0.002744734 1 0.158463 0.4709898 0.1856982 0.4052385 0.25 0.4180289 0.6856981 0.4052385 0.75 0.418029 0.8143017 0.4052383 0.8143017 0.4052383 0.8688143 0.3688144 0.6856981 0.4052385 0.8688143 0.3688144 0.9052384 0.3143019 0.6856981 0.4052385 0.9052384 0.3143019 0.9180291 0.25 0.9052385 0.1856981 0.9052385 0.1856981 0.8688144 0.1311856 0.9052384 0.3143019 0.8688144 0.1311856 0.8143019 0.09476155 0.9052384 0.3143019 0.8143019 0.09476155 0.7500001 0.0819711 0.6856981 0.09476155 0.6856981 0.09476155 0.6311857 0.1311857 0.8143019 0.09476155 0.6311857 0.1311857 0.5947616 0.1856981 0.8143019 0.09476155 0.5947616 0.1856981 0.5819711 0.25 0.5947616 0.3143019 0.5947616 0.3143019 0.6311857 0.3688144 0.5947616 0.1856981 0.6311857 0.3688144 0.6856981 0.4052385 0.5947616 0.1856981 0.6856981 0.4052385 0.9052384 0.3143019 0.8143019 0.09476155 1 0.9843751 0.9375001 0.9843751 0.9375001 0.515625 0.0625 0.9843749 0 0.9843751 0 0.515625 0.3688143 0.3688144 0.3143019 0.4052384 0.25 0.4180289 0.25 0.4180289 0.1856982 0.4052385 0.3688143 0.3688144 0.1856982 0.4052385 0.1311856 0.3688143 0.3688143 0.3688144 0.1311856 0.3688143 0.09476155 0.3143019 0.1311857 0.1311856 0.09476155 0.3143019 0.0819711 0.25 0.1311857 0.1311856 0.0819711 0.25 0.09476155 0.1856981 0.1311857 0.1311856 0.1311857 0.1311856 0.1856981 0.09476155 0.3688143 0.1311856 0.1856981 0.09476155 0.25 0.0819711 0.3688143 0.1311856 0.25 0.0819711 0.3143019 0.09476155 0.3688143 0.1311856 0.3688143 0.1311856 0.4052384 0.1856981 0.4180288 0.25 0.4180288 0.25 0.4052384 0.3143018 0.3688143 0.1311856 0.4052384 0.3143018 0.3688143 0.3688144 0.3688143 0.1311856 0.3688143 0.3688144 0.1311856 0.3688143 0.1311857 0.1311856 0.9375001 0.9843751 0.875 0.984375 0.875 0.515625 0.875 0.984375 0.8125 0.984375 0.8125001 0.515625 0.8125 0.984375 0.75 0.9843751 0.75 0.515625 0.75 0.9843751 0.6875 0.9843752 0.6875 0.515625 0.6875 0.9843752 0.625 0.984375 0.625 0.515625 0.625 0.984375 0.5625 0.9843751 0.5625 0.515625 0.5625 0.9843751 0.5 0.9843751 0.5 0.515625 0.5 0.9843751 0.4375 0.984375 0.4375 0.515625 0.4375 0.984375 0.375 0.984375 0.375 0.515625 0.375 0.984375 0.3125 0.984375 0.3125 0.515625 0.3125 0.984375 0.25 0.9843751 0.25 0.515625 0.25 0.9843751 0.1875 0.984375 0.1875 0.515625 0.1875 0.984375 0.125 0.984375 0.125 0.515625 0.125 0.984375 0.0625 0.9843749 0.0625 0.515625</float_array>
          <technique_common>
            <accessor source="#ericrolph_cannon_car_wash_cannonshape_Barrel_mesh-mesh-map-0-array" count="564" stride="2">
              <param name="S" type="float"/>
              <param name="T" type="float"/>
            </accessor>
          </technique_common>
        </source>
        <vertices id="ericrolph_cannon_car_wash_cannonshape_Barrel_mesh-mesh-vertices">
          <input semantic="POSITION" source="#ericrolph_cannon_car_wash_cannonshape_Barrel_mesh-mesh-positions"/>
        </vertices>
        <triangles material="ericrolph_cannon_car_wash_attract_cannon-material" count="188">
          <input semantic="VERTEX" source="#ericrolph_cannon_car_wash_cannonshape_Barrel_mesh-mesh-vertices" offset="0"/>
          <input semantic="NORMAL" source="#ericrolph_cannon_car_wash_cannonshape_Barrel_mesh-mesh-normals" offset="1"/>
          <input semantic="TEXCOORD" source="#ericrolph_cannon_car_wash_cannonshape_Barrel_mesh-mesh-map-0" offset="2" set="0"/>
          <p>7 0 0 2 0 1 1 0 2 8 1 3 0 1 4 2 1 5 10 2 6 5 2 7 11 2 8 11 3 9 3 3 10 9 3 11 13 4 12 8 4 13 7 4 14 14 5 15 6 5 16 8 5 17 16 6 18 11 6 19 17 6 20 11 7 21 15 7 22 17 7 23 13 8 24 20 8 25 14 8 26 20 9 27 12 9 28 14 9 29 16 10 30 23 10 31 22 10 32 17 11 33 21 11 34 23 11 35 19 12 36 26 12 37 20 12 38 20 13 39 24 13 40 18 13 41 22 14 42 29 14 43 28 14 44 23 15 45 27 15 46 29 15 47 31 16 48 26 16 49 25 16 50 32 17 51 24 17 52 26 17 53 34 18 54 29 18 55 35 18 56 35 19 57 27 19 58 33 19 59 37 20 60 32 20 61 31 20 62 38 21 63 30 21 64 32 21 65 40 22 66 35 22 67 41 22 68 35 23 69 39 23 70 41 23 71 37 24 72 44 24 73 38 24 74 44 25 75 36 25 76 38 25 77 40 26 78 47 26 79 46 26 80 41 27 81 45 27 82 47 27 83 43 28 84 50 28 85 44 28 86 44 29 87 48 29 88 42 29 89 46 30 90 53 30 91 52 30 92 47 31 93 51 31 94 53 31 95 55 32 96 50 32 97 49 32 98 56 33 99 48 33 100 50 33 101 58 34 102 53 34 103 59 34 104 59 35 105 51 35 106 57 35 107 61 36 108 56 36 109 55 36 110 62 37 111 54 37 112 56 37 113 64 38 114 59 38 115 65 38 116 59 39 117 63 39 118 65 39 119 61 40 120 68 40 121 62 40 122 68 41 123 60 41 124 62 41 125 64 42 126 71 42 127 70 42 128 65 43 129 69 43 130 71 43 131 67 44 132 74 44 133 68 44 134 68 45 135 72 45 136 66 45 137 70 46 138 77 46 139 76 46 140 71 47 141 75 47 142 77 47 143 79 48 144 74 48 145 73 48 146 80 49 147 72 49 148 74 49 149 82 50 150 77 50 151 83 50 152 83 51 153 75 51 154 81 51 155 85 52 156 80 52 157 79 52 158 86 53 159 78 53 160 80 53 161 88 54 162 83 54 163 89 54 164 83 55 165 87 55 166 89 55 167 85 56 168 92 56 169 86 56 170 92 57 171 84 57 172 86 57 173 88 58 174 95 58 175 94 58 176 89 59 177 93 59 178 95 59 179 91 60 180 2 60 181 92 60 182 92 61 183 0 61 184 90 61 185 94 62 186 5 62 187 4 62 188 95 63 189 3 63 190 5 63 191 42 64 192 66 64 193 90 64 194 4 65 195 7 65 196 1 65 197 94 66 198 1 66 199 91 66 200 63 67 201 39 67 202 15 67 203 10 68 204 13 68 205 7 68 206 16 69 207 19 69 208 13 69 209 22 70 210 25 70 211 19 70 212 28 71 213 31 71 214 25 71 215 34 72 216 37 72 217 31 72 218 40 73 219 43 73 220 37 73 221 46 74 222 49 74 223 43 74 224 52 75 225 55 75 226 49 75 227 58 76 228 61 76 229 55 76 230 64 77 231 67 77 232 61 77 233 70 78 234 73 78 235 67 78 236 76 79 237 79 79 238 73 79 239 82 80 240 85 80 241 79 80 242 88 81 243 91 81 244 85 81 245 7 82 246 8 82 247 2 82 248 8 83 249 6 83 250 0 83 251 10 84 252 4 84 253 5 84 254 11 85 255 5 85 256 3 85 257 13 86 258 14 86 259 8 86 260 14 87 261 12 87 262 6 87 263 16 88 264 10 88 265 11 88 266 11 89 267 9 89 268 15 89 269 13 90 270 19 90 271 20 90 272 20 91 273 18 91 274 12 91 275 16 92 276 17 92 277 23 92 278 17 93 279 15 93 280 21 93 281 19 94 282 25 94 283 26 94 284 20 95 285 26 95 286 24 95 287 22 96 288 23 96 289 29 96 290 23 97 291 21 97 292 27 97 293 31 98 294 32 98 295 26 98 296 32 99 297 30 99 298 24 99 299 34 100 300 28 100 301 29 100 302 35 101 303 29 101 304 27 101 305 37 102 306 38 102 307 32 102 308 38 103 309 36 103 310 30 103 311 40 104 312 34 104 313 35 104 314 35 105 315 33 105 316 39 105 317 37 106 318 43 106 319 44 106 320 44 107 321 42 107 322 36 107 323 40 108 324 41 108 325 47 108 326 41 109 327 39 109 328 45 109 329 43 110 330 49 110 331 50 110 332 44 111 333 50 111 334 48 111 335 46 112 336 47 112 337 53 112 338 47 113 339 45 113 340 51 113 341 55 114 342 56 114 343 50 114 344 56 115 345 54 115 346 48 115 347 58 116 348 52 116 349 53 116 350 59 117 351 53 117 352 51 117 353 61 118 354 62 118 355 56 118 356 62 119 357 60 119 358 54 119 359 64 120 360 58 120 361 59 120 362 59 121 363 57 121 364 63 121 365 61 122 366 67 122 367 68 122 368 68 123 369 66 123 370 60 123 371 64 124 372 65 124 373 71 124 374 65 125 375 63 125 376 69 125 377 67 126 378 73 126 379 74 126 380 68 127 381 74 127 382 72 127 383 70 128 384 71 128 385 77 128 386 71 129 387 69 129 388 75 129 389 79 130 390 80 130 391 74 130 392 80 131 393 78 131 394 72 131 395 82 132 396 76 132 397 77 132 398 83 133 399 77 133 400 75 133 401 85 134 402 86 134 403 80 134 404 86 135 405 84 135 406 78 135 407 88 136 408 82 136 409 83 136 410 83 137 411 81 137 412 87 137 413 85 138 414 91 138 415 92 138 416 92 139 417 90 139 418 84 139 419 88 140 420 89 140 421 95 140 422 89 141 423 87 141 424 93 141 425 91 142 426 1 142 427 2 142 428 92 143 429 2 143 430 0 143 431 94 144 432 95 144 433 5 144 434 95 145 435 93 145 436 3 145 437 90 146 438 0 146 439 6 146 440 6 147 441 12 147 442 90 147 443 12 148 444 18 148 445 90 148 446 18 149 447 24 149 448 30 149 449 30 150 450 36 150 451 18 150 452 36 151 453 42 151 454 18 151 455 42 152 456 48 152 457 54 152 458 54 153 459 60 153 460 42 153 461 60 154 462 66 154 463 42 154 464 66 155 465 72 155 466 78 155 467 78 156 468 84 156 469 66 156 470 84 157 471 90 157 472 66 157 473 90 158 474 18 158 475 42 158 476 4 159 477 10 159 478 7 159 479 94 160 480 4 160 481 1 160 482 15 161 483 9 161 484 3 161 485 3 162 486 93 162 487 15 162 488 93 163 489 87 163 490 15 163 491 87 164 492 81 164 493 63 164 494 81 165 495 75 165 496 63 165 497 75 166 498 69 166 499 63 166 500 63 167 501 57 167 502 39 167 503 57 168 504 51 168 505 39 168 506 51 169 507 45 169 508 39 169 509 39 170 510 33 170 511 27 170 512 27 171 513 21 171 514 39 171 515 21 172 516 15 172 517 39 172 518 15 173 519 87 173 520 63 173 521 10 174 522 16 174 523 13 174 524 16 175 525 22 175 526 19 175 527 22 176 528 28 176 529 25 176 530 28 177 531 34 177 532 31 177 533 34 178 534 40 178 535 37 178 536 40 179 537 46 179 538 43 179 539 46 180 540 52 180 541 49 180 542 52 181 543 58 181 544 55 181 545 58 182 546 64 182 547 61 182 548 64 183 549 70 183 550 67 183 551 70 184 552 76 184 553 73 184 554 76 185 555 82 185 556 79 185 557 82 186 558 88 186 559 85 186 560 88 187 561 94 187 562 91 187 563</p>
        </triangles>
      </mesh>
    </geometry>
    <geometry id="ericrolph_cannon_car_wash_cannonshape_Bore_mesh-mesh" name="ericrolph_cannon_car_wash_cannonshape_Bore_mesh">
      <mesh>
        <source id="ericrolph_cannon_car_wash_cannonshape_Bore_mesh-mesh-positions">
          <float_array id="ericrolph_cannon_car_wash_cannonshape_Bore_mesh-mesh-positions-array" count="96">0 0.07999998 -0.006999969 0 0.07999998 0.006999969 0.03061467 0.07391035 -0.006999969 0.03061467 0.07391035 0.006999969 0.0565685 0.0565685 -0.006999969 0.0565685 0.0565685 0.006999969 0.07391035 0.03061467 -0.006999969 0.07391035 0.03061467 0.006999969 0.07999998 0 -0.006999969 0.07999998 0 0.006999969 0.07391035 -0.03061467 -0.006999969 0.07391035 -0.03061467 0.006999969 0.0565685 -0.0565685 -0.006999969 0.0565685 -0.0565685 0.006999969 0.03061467 -0.07391035 -0.006999969 0.03061467 -0.07391035 0.006999969 0 -0.07999998 -0.006999969 0 -0.07999998 0.006999969 -0.03061467 -0.07391035 -0.006999969 -0.03061467 -0.07391035 0.006999969 -0.0565685 -0.0565685 -0.006999969 -0.0565685 -0.0565685 0.006999969 -0.07391035 -0.03061467 -0.006999969 -0.07391035 -0.03061467 0.006999969 -0.07999998 0 -0.006999969 -0.07999998 0 0.006999969 -0.07391035 0.03061467 -0.006999969 -0.07391035 0.03061467 0.006999969 -0.0565685 0.0565685 -0.006999969 -0.0565685 0.0565685 0.006999969 -0.03061467 0.07391035 -0.006999969 -0.03061467 0.07391035 0.006999969</float_array>
          <technique_common>
            <accessor source="#ericrolph_cannon_car_wash_cannonshape_Bore_mesh-mesh-positions-array" count="32" stride="3">
              <param name="X" type="float"/>
              <param name="Y" type="float"/>
              <param name="Z" type="float"/>
            </accessor>
          </technique_common>
        </source>
        <source id="ericrolph_cannon_car_wash_cannonshape_Bore_mesh-mesh-normals">
          <float_array id="ericrolph_cannon_car_wash_cannonshape_Bore_mesh-mesh-normals-array" count="180">0.1950904 0.9807853 0 0.5555702 0.8314697 0 0.8314697 0.5555702 0 0.9807853 0.1950904 0 0.9807853 -0.1950904 0 0.8314697 -0.5555702 0 0.5555702 -0.8314697 0 0.1950904 -0.9807853 0 -0.1950904 -0.9807853 0 -0.5555702 -0.8314697 0 -0.8314697 -0.5555702 0 -0.9807853 -0.1950904 0 -0.9807853 0.1950904 0 -0.8314697 0.5555702 0 0 0 1 -0.5555702 0.8314697 0 -0.1950904 0.9807853 0 0 0 -1 0.1950904 0.9807853 0 0.5555702 0.8314697 0 0.8314697 0.5555702 0 0.9807853 0.1950904 0 0.9807853 -0.1950904 0 0.8314697 -0.5555702 0 0.5555702 -0.8314697 0 0.1950904 -0.9807853 0 -0.1950904 -0.9807853 0 -0.5555702 -0.8314697 0 -0.8314697 -0.5555702 0 -0.9807853 -0.1950904 0 -0.9807853 0.1950904 0 -0.8314697 0.5555702 0 0 0 1 0 0 1 0 0 1 0 0 1 0 0 1 0 0 1 0 0 1 0 0 1 0 0 1 0 0 1 0 0 1 0 0 1 0 0 1 -0.5555702 0.8314697 0 -0.1950904 0.9807853 0 0 0 -1 0 0 -1 0 0 -1 0 0 -1 0 0 -1 0 0 -1 0 0 -1 0 0 -1 0 0 -1 0 0 -1 0 0 -1 0 0 -1 0 0 -1</float_array>
          <technique_common>
            <accessor source="#ericrolph_cannon_car_wash_cannonshape_Bore_mesh-mesh-normals-array" count="60" stride="3">
              <param name="X" type="float"/>
              <param name="Y" type="float"/>
              <param name="Z" type="float"/>
            </accessor>
          </technique_common>
        </source>
        <source id="ericrolph_cannon_car_wash_cannonshape_Bore_mesh-mesh-map-0">
          <float_array id="ericrolph_cannon_car_wash_cannonshape_Bore_mesh-mesh-map-0-array" count="360">1 1 0.9375 0.5 1 0.5 0.9375 1 0.875 0.5 0.9375 0.5 0.875 1 0.8125 0.5 0.875 0.5 0.8125 1 0.75 0.5 0.8125 0.5 0.75 1 0.6875 0.5 0.75 0.5 0.6875 1 0.625 0.5 0.6875 0.5 0.625 1 0.5625 0.5 0.625 0.5 0.5625 1 0.5 0.5 0.5625 0.5 0.5 1 0.4375 0.5 0.5 0.5 0.4375 1 0.375 0.5 0.4375 0.5 0.375 1 0.3125 0.5 0.375 0.5 0.3125 1 0.25 0.5 0.3125 0.5 0.25 1 0.1875 0.5 0.25 0.5 0.1875 1 0.125 0.5 0.1875 0.5 0.08029437 0.08029437 0.4197056 0.08029437 0.4197056 0.4197056 0.125 1 0.0625 0.5 0.125 0.5 0.0625 1 0 0.5 0.0625 0.5 0.5282689 0.1581559 0.5282689 0.341844 0.658156 0.4717311 1 1 0.9375 1 0.9375 0.5 0.9375 1 0.875 1 0.875 0.5 0.875 1 0.8125 1 0.8125 0.5 0.8125 1 0.75 1 0.75 0.5 0.75 1 0.6875 1 0.6875 0.5 0.6875 1 0.625 1 0.625 0.5 0.625 1 0.5625 1 0.5625 0.5 0.5625 1 0.5 1 0.5 0.5 0.5 1 0.4375 1 0.4375 0.5 0.4375 1 0.375 1 0.375 0.5 0.375 1 0.3125 1 0.3125 0.5 0.3125 1 0.25 1 0.25 0.5 0.25 1 0.1875 1 0.1875 0.5 0.1875 1 0.125 1 0.125 0.5 0.4197056 0.4197056 0.341844 0.4717311 0.25 0.49 0.25 0.49 0.1581559 0.4717311 0.4197056 0.4197056 0.1581559 0.4717311 0.08029437 0.4197056 0.4197056 0.4197056 0.08029437 0.4197056 0.02826893 0.341844 0.08029437 0.08029437 0.02826893 0.341844 0.00999999 0.25 0.08029437 0.08029437 0.00999999 0.25 0.02826893 0.1581559 0.08029437 0.08029437 0.08029437 0.08029437 0.1581559 0.02826893 0.4197056 0.08029437 0.1581559 0.02826893 0.25 0.00999999 0.4197056 0.08029437 0.25 0.00999999 0.341844 0.02826893 0.4197056 0.08029437 0.4197056 0.08029437 0.4717311 0.1581559 0.49 0.25 0.49 0.25 0.4717311 0.341844 0.4197056 0.08029437 0.4717311 0.341844 0.4197056 0.4197056 0.4197056 0.08029437 0.4197056 0.4197056 0.08029437 0.4197056 0.08029437 0.08029437 0.125 1 0.0625 1 0.0625 0.5 0.0625 1 0 1 0 0.5 0.658156 0.4717311 0.75 0.49 0.841844 0.4717311 0.841844 0.4717311 0.9197056 0.4197056 0.9717311 0.341844 0.9717311 0.341844 0.99 0.25 0.9717311 0.1581559 0.9717311 0.1581559 0.9197056 0.08029437 0.841844 0.02826893 0.841844 0.02826893 0.75 0.00999999 0.658156 0.02826893 0.658156 0.02826893 0.5802944 0.08029437 0.5282689 0.1581559 0.5282689 0.1581559 0.51 0.25 0.5282689 0.341844 0.5282689 0.341844 0.5802944 0.4197056 0.658156 0.4717311 0.658156 0.4717311 0.841844 0.4717311 0.841844 0.02826893 0.841844 0.4717311 0.9717311 0.341844 0.841844 0.02826893 0.9717311 0.341844 0.9717311 0.1581559 0.841844 0.02826893 0.841844 0.02826893 0.658156 0.02826893 0.658156 0.4717311 0.658156 0.02826893 0.5282689 0.1581559 0.658156 0.4717311</float_array>
          <technique_common>
            <accessor source="#ericrolph_cannon_car_wash_cannonshape_Bore_mesh-mesh-map-0-array" count="180" stride="2">
              <param name="S" type="float"/>
              <param name="T" type="float"/>
            </accessor>
          </technique_common>
        </source>
        <vertices id="ericrolph_cannon_car_wash_cannonshape_Bore_mesh-mesh-vertices">
          <input semantic="POSITION" source="#ericrolph_cannon_car_wash_cannonshape_Bore_mesh-mesh-positions"/>
        </vertices>
        <triangles material="ericrolph_cannon_car_wash_rubber-material" count="60">
          <input semantic="VERTEX" source="#ericrolph_cannon_car_wash_cannonshape_Bore_mesh-mesh-vertices" offset="0"/>
          <input semantic="NORMAL" source="#ericrolph_cannon_car_wash_cannonshape_Bore_mesh-mesh-normals" offset="1"/>
          <input semantic="TEXCOORD" source="#ericrolph_cannon_car_wash_cannonshape_Bore_mesh-mesh-map-0" offset="2" set="0"/>
          <p>1 0 0 2 0 1 0 0 2 3 1 3 4 1 4 2 1 5 5 2 6 6 2 7 4 2 8 7 3 9 8 3 10 6 3 11 9 4 12 10 4 13 8 4 14 11 5 15 12 5 16 10 5 17 13 6 18 14 6 19 12 6 20 15 7 21 16 7 22 14 7 23 17 8 24 18 8 25 16 8 26 19 9 27 20 9 28 18 9 29 21 10 30 22 10 31 20 10 32 23 11 33 24 11 34 22 11 35 25 12 36 26 12 37 24 12 38 27 13 39 28 13 40 26 13 41 21 14 42 13 14 43 5 14 44 29 15 45 30 15 46 28 15 47 31 16 48 0 16 49 30 16 50 22 17 51 26 17 52 30 17 53 1 18 54 3 18 55 2 18 56 3 19 57 5 19 58 4 19 59 5 20 60 7 20 61 6 20 62 7 21 63 9 21 64 8 21 65 9 22 66 11 22 67 10 22 68 11 23 69 13 23 70 12 23 71 13 24 72 15 24 73 14 24 74 15 25 75 17 25 76 16 25 77 17 26 78 19 26 79 18 26 80 19 27 81 21 27 82 20 27 83 21 28 84 23 28 85 22 28 86 23 29 87 25 29 88 24 29 89 25 30 90 27 30 91 26 30 92 27 31 93 29 31 94 28 31 95 5 32 96 3 32 97 1 32 98 1 33 99 31 33 100 5 33 101 31 34 102 29 34 103 5 34 104 29 35 105 27 35 106 21 35 107 27 36 108 25 36 109 21 36 110 25 37 111 23 37 112 21 37 113 21 38 114 19 38 115 13 38 116 19 39 117 17 39 118 13 39 119 17 40 120 15 40 121 13 40 122 13 41 123 11 41 124 9 41 125 9 42 126 7 42 127 13 42 128 7 43 129 5 43 130 13 43 131 5 44 132 29 44 133 21 44 134 29 45 135 31 45 136 30 45 137 31 46 138 1 46 139 0 46 140 30 47 141 0 47 142 2 47 143 2 48 144 4 48 145 6 48 146 6 49 147 8 49 148 10 49 149 10 50 150 12 50 151 14 50 152 14 51 153 16 51 154 18 51 155 18 52 156 20 52 157 22 52 158 22 53 159 24 53 160 26 53 161 26 54 162 28 54 163 30 54 164 30 55 165 2 55 166 14 55 167 2 56 168 6 56 169 14 56 170 6 57 171 10 57 172 14 57 173 14 58 174 18 58 175 30 58 176 18 59 177 22 59 178 30 59 179</p>
        </triangles>
      </mesh>
    </geometry>
    <geometry id="ericrolph_cannon_car_wash_cannonshape_Breech_mesh-mesh" name="ericrolph_cannon_car_wash_cannonshape_Breech_mesh">
      <mesh>
        <source id="ericrolph_cannon_car_wash_cannonshape_Breech_mesh-mesh-positions">
          <float_array id="ericrolph_cannon_car_wash_cannonshape_Breech_mesh-mesh-positions-array" count="288">0 0.0845102 -0.06 0 0.11 -0.03499996 0 0.1025342 -0.05267763 0 0.0845102 0.06 0 0.11 0.03499996 0 0.1025342 0.05267763 0.03234064 0.07807725 -0.06 0.04209518 0.1016267 -0.03499996 0.03923809 0.09472924 -0.05267763 0.03234064 0.07807725 0.06 0.04209518 0.1016267 0.03499996 0.03923809 0.09472924 0.05267763 0.0597577 0.0597577 -0.06 0.07778173 0.07778173 -0.03499996 0.07250261 0.07250261 -0.05267763 0.0597577 0.0597577 0.06 0.07778173 0.07778173 0.03499996 0.07250261 0.07250261 0.05267763 0.07807725 0.03234064 -0.06 0.1016267 0.04209518 -0.03499996 0.09472924 0.03923809 -0.05267763 0.07807725 0.03234064 0.06 0.1016267 0.04209518 0.03499996 0.09472924 0.03923809 0.05267763 0.0845102 0 -0.06 0.11 0 -0.03499996 0.1025342 0 -0.05267763 0.0845102 0 0.06 0.11 0 0.03499996 0.1025342 0 0.05267763 0.07807725 -0.03234064 -0.06 0.1016267 -0.04209518 -0.03499996 0.09472924 -0.03923809 -0.05267763 0.07807725 -0.03234064 0.06 0.1016267 -0.04209518 0.03499996 0.09472924 -0.03923809 0.05267763 0.0597577 -0.0597577 -0.06 0.07778173 -0.07778173 -0.03499996 0.07250261 -0.07250261 -0.05267763 0.0597577 -0.0597577 0.06 0.07778173 -0.07778173 0.03499996 0.07250261 -0.07250261 0.05267763 0.03234064 -0.07807725 -0.06 0.04209518 -0.1016267 -0.03499996 0.03923809 -0.09472924 -0.05267763 0.03234064 -0.07807725 0.06 0.04209518 -0.1016267 0.03499996 0.03923809 -0.09472924 0.05267763 0 -0.0845102 -0.06 0 -0.11 -0.03499996 0 -0.1025342 -0.05267763 0 -0.0845102 0.06 0 -0.11 0.03499996 0 -0.1025342 0.05267763 -0.03234064 -0.07807725 -0.06 -0.04209518 -0.1016267 -0.03499996 -0.03923809 -0.09472924 -0.05267763 -0.03234064 -0.07807725 0.06 -0.04209518 -0.1016267 0.03499996 -0.03923809 -0.09472924 0.05267763 -0.0597577 -0.0597577 -0.06 -0.07778173 -0.07778173 -0.03499996 -0.07250261 -0.07250261 -0.05267763 -0.0597577 -0.0597577 0.06 -0.07778173 -0.07778173 0.03499996 -0.07250261 -0.07250261 0.05267763 -0.07807725 -0.03234064 -0.06 -0.1016267 -0.04209518 -0.03499996 -0.09472924 -0.03923809 -0.05267763 -0.07807725 -0.03234064 0.06 -0.1016267 -0.04209518 0.03499996 -0.09472924 -0.03923809 0.05267763 -0.0845102 0 -0.06 -0.11 0 -0.03499996 -0.1025342 0 -0.05267763 -0.0845102 0 0.06 -0.11 0 0.03499996 -0.1025342 0 0.05267763 -0.07807725 0.03234064 -0.06 -0.1016267 0.04209518 -0.03499996 -0.09472924 0.03923809 -0.05267763 -0.07807725 0.03234064 0.06 -0.1016267 0.04209518 0.03499996 -0.09472924 0.03923809 0.05267763 -0.0597577 0.0597577 -0.06 -0.07778173 0.07778173 -0.03499996 -0.07250261 0.07250261 -0.05267763 -0.0597577 0.0597577 0.06 -0.07778173 0.07778173 0.03499996 -0.07250261 0.07250261 0.05267763 -0.03234064 0.07807725 -0.06 -0.04209518 0.1016267 -0.03499996 -0.03923809 0.09472924 -0.05267763 -0.03234064 0.07807725 0.06 -0.04209518 0.1016267 0.03499996 -0.03923809 0.09472924 0.05267763</float_array>
          <technique_common>
            <accessor source="#ericrolph_cannon_car_wash_cannonshape_Breech_mesh-mesh-positions-array" count="96" stride="3">
              <param name="X" type="float"/>
              <param name="Y" type="float"/>
              <param name="Z" type="float"/>
            </accessor>
          </technique_common>
        </source>
        <source id="ericrolph_cannon_car_wash_cannonshape_Breech_mesh-mesh-normals">
          <float_array id="ericrolph_cannon_car_wash_cannonshape_Breech_mesh-mesh-normals-array" count="564">0.18024 0.9061276 -0.3826832 0.07465779 0.3753302 -0.9238796 0.1802399 0.9061275 0.3826835 0.07465785 0.3753303 0.9238796 0.51328 0.7681778 -0.3826835 0.2126075 0.3181896 -0.9238795 0.51328 0.7681776 0.3826836 0.2126075 0.3181896 0.9238796 0.7681776 0.51328 -0.3826836 0.3181896 0.2126075 -0.9238796 0.7681778 0.51328 0.3826835 0.3181896 0.2126075 0.9238795 0.9061275 0.1802399 -0.3826835 0.3753303 0.07465785 -0.9238796 0.9061276 0.18024 0.3826832 0.3753302 0.07465779 0.9238796 0.9061276 -0.18024 -0.3826832 0.3753302 -0.07465779 -0.9238796 0.9061275 -0.1802399 0.3826835 0.3753303 -0.07465785 0.9238796 0.7681778 -0.51328 -0.3826835 0.3181896 -0.2126075 -0.9238795 0.7681776 -0.51328 0.3826836 0.3181896 -0.2126075 0.9238796 0.51328 -0.7681776 -0.3826836 0.2126075 -0.3181896 -0.9238796 0.51328 -0.7681778 0.3826835 0.2126075 -0.3181896 0.9238795 0.1802399 -0.9061275 -0.3826835 0.07465785 -0.3753303 -0.9238796 0.18024 -0.9061276 0.3826832 0.07465779 -0.3753302 0.9238796 -0.18024 -0.9061276 -0.3826832 -0.07465779 -0.3753302 -0.9238796 -0.1802399 -0.9061275 0.3826835 -0.07465785 -0.3753303 0.9238796 -0.51328 -0.7681778 -0.3826835 -0.2126075 -0.3181896 -0.9238795 -0.51328 -0.7681776 0.3826836 -0.2126075 -0.3181896 0.9238796 -0.7681776 -0.51328 -0.3826836 -0.3181896 -0.2126075 -0.9238796 -0.7681778 -0.51328 0.3826835 -0.3181896 -0.2126075 0.9238795 -0.9061275 -0.1802399 -0.3826835 -0.3753303 -0.07465785 -0.9238796 -0.9061276 -0.18024 0.3826832 -0.3753302 -0.07465779 0.9238796 -0.9061276 0.18024 -0.3826832 -0.3753302 0.07465779 -0.9238796 -0.9061275 0.1802399 0.3826835 -0.3753303 0.07465785 0.9238796 -0.7681778 0.51328 -0.3826835 -0.3181896 0.2126075 -0.9238795 -0.7681776 0.51328 0.3826836 -0.3181896 0.2126075 0.9238796 -0.51328 0.7681776 -0.3826836 -0.2126075 0.3181896 -0.9238796 -0.51328 0.7681778 0.3826835 -0.2126075 0.3181896 0.9238795 -0.1802399 0.9061275 -0.3826835 -0.07465785 0.3753303 -0.9238796 -0.18024 0.9061276 0.3826832 -0.07465779 0.3753302 0.9238796 0 0 -1 0.1950903 0.9807853 0 -0.1950903 0.9807853 0 0 0 1 0.5555703 0.8314696 0 0.8314696 0.5555703 0 0.9807853 0.1950903 0 0.9807853 -0.1950903 0 0.8314696 -0.5555703 0 0.5555703 -0.8314696 0 0.1950903 -0.9807853 0 -0.1950903 -0.9807853 0 -0.5555703 -0.8314696 0 -0.8314696 -0.5555703 0 -0.9807853 -0.1950903 0 -0.9807853 0.1950903 0 -0.8314696 0.5555703 0 -0.5555703 0.8314696 0 0.1802401 0.9061274 -0.3826835 0.07465791 0.3753303 -0.9238796 0.1802401 0.9061275 0.3826832 0.07465779 0.3753302 0.9238796 0.51328 0.7681776 -0.3826835 0.2126075 0.3181896 -0.9238796 0.51328 0.7681778 0.3826835 0.2126075 0.3181896 0.9238795 0.7681778 0.51328 -0.3826835 0.3181896 0.2126075 -0.9238795 0.7681776 0.51328 0.3826835 0.3181896 0.2126075 0.9238796 0.9061275 0.1802401 -0.3826832 0.3753302 0.07465779 -0.9238796 0.9061274 0.1802401 0.3826835 0.3753303 0.07465791 0.9238796 0.9061274 -0.1802401 -0.3826835 0.3753303 -0.07465791 -0.9238796 0.9061275 -0.1802401 0.3826832 0.3753302 -0.07465779 0.9238796 0.7681776 -0.51328 -0.3826835 0.3181896 -0.2126075 -0.9238796 0.7681778 -0.51328 0.3826835 0.3181896 -0.2126075 0.9238795 0.51328 -0.7681778 -0.3826835 0.2126075 -0.3181896 -0.9238795 0.51328 -0.7681776 0.3826835 0.2126075 -0.3181896 0.9238796 0.1802401 -0.9061275 -0.3826832 0.07465779 -0.3753302 -0.9238796 0.1802401 -0.9061274 0.3826835 0.07465791 -0.3753303 0.9238796 -0.1802401 -0.9061274 -0.3826835 -0.07465791 -0.3753303 -0.9238796 -0.1802401 -0.9061275 0.3826832 -0.07465779 -0.3753302 0.9238796 -0.51328 -0.7681776 -0.3826835 -0.2126075 -0.3181896 -0.9238796 -0.51328 -0.7681778 0.3826835 -0.2126075 -0.3181896 0.9238795 -0.7681778 -0.51328 -0.3826835 -0.3181896 -0.2126075 -0.9238795 -0.7681776 -0.51328 0.3826835 -0.3181896 -0.2126075 0.9238796 -0.9061275 -0.1802401 -0.3826832 -0.3753302 -0.07465779 -0.9238796 -0.9061274 -0.1802401 0.3826835 -0.3753303 -0.07465791 0.9238796 -0.9061274 0.1802401 -0.3826835 -0.3753303 0.07465791 -0.9238796 -0.9061275 0.1802401 0.3826832 -0.3753302 0.07465779 0.9238796 -0.7681776 0.51328 -0.3826835 -0.3181896 0.2126075 -0.9238796 -0.7681778 0.51328 0.3826835 -0.3181896 0.2126075 0.9238795 -0.51328 0.7681778 -0.3826835 -0.2126075 0.3181896 -0.9238795 -0.51328 0.7681776 0.3826835 -0.2126075 0.3181896 0.9238796 -0.1802401 0.9061275 -0.3826832 -0.07465779 0.3753302 -0.9238796 -0.1802401 0.9061274 0.3826835 -0.07465791 0.3753303 0.9238796 0 0 -1 0 0 -1 0 0 -1 0 0 -1 0 0 -1 0 0 -1 0 0 -1 0 0 -1 0 0 -1 0 0 -1 0 0 -1 0 0 -1 0 0 -1 0.1950903 0.9807853 0 -0.1950903 0.9807853 0 0 0 1 0 0 1 0 0 1 0 0 1 0 0 1 0 0 1 0 0 1 0 0 1 0 0 1 0 0 1 0 0 1 0 0 1 0 0 1 0.5555703 0.8314696 0 0.8314696 0.5555703 0 0.9807853 0.1950903 0 0.9807853 -0.1950903 0 0.8314696 -0.5555703 0 0.5555703 -0.8314696 0 0.1950903 -0.9807853 0 -0.1950903 -0.9807853 0 -0.5555703 -0.8314696 0 -0.8314696 -0.5555703 0 -0.9807853 -0.1950903 0 -0.9807853 0.1950903 0 -0.8314696 0.5555703 0 -0.5555703 0.8314696 0</float_array>
          <technique_common>
            <accessor source="#ericrolph_cannon_car_wash_cannonshape_Breech_mesh-mesh-normals-array" count="188" stride="3">
              <param name="X" type="float"/>
              <param name="Y" type="float"/>
              <param name="Z" type="float"/>
            </accessor>
          </technique_common>
        </source>
        <source id="ericrolph_cannon_car_wash_cannonshape_Breech_mesh-mesh-map-0">
          <float_array id="ericrolph_cannon_car_wash_cannonshape_Breech_mesh-mesh-map-0-array" count="1128">0.9375 0.6041667 0.997879 0.5 1 0.6041668 0.7500001 0.4893801 0.8205615 0.4203503 0.75 0.434386 1 0.8958334 0.9375 1 0.9375 0.8958333 0.25 0.4893801 0.3205615 0.4203503 0.3416068 0.4711583 0.875 0.6041668 0.9375 0.5 0.9375 0.6041667 0.8416069 0.4711583 0.8803806 0.3803806 0.8205615 0.4203503 0.875 0.8958334 0.9375 1 0.875 1 0.3416068 0.4711583 0.3803805 0.3803805 0.4192672 0.4192672 0.875 0.6041668 0.8125 0.5 0.875 0.5 0.9711584 0.3416068 0.8803806 0.3803806 0.9192672 0.4192672 0.875 0.8958334 0.8125 1 0.8125001 0.8958333 0.4711583 0.3416067 0.3803805 0.3803805 0.4203504 0.3205614 0.75 0.6041667 0.8125 0.5 0.8125 0.6041668 0.98938 0.25 0.9203506 0.3205614 0.9711584 0.3416068 0.8125001 0.8958333 0.75 1 0.75 0.8958333 0.4893801 0.25 0.4203504 0.3205614 0.434386 0.25 0.6875001 0.6041668 0.7500001 0.5 0.75 0.6041667 0.98938 0.25 0.9203506 0.1794385 0.934386 0.25 0.75 0.8958333 0.6875001 1 0.6875001 0.8958333 0.4893801 0.25 0.4203503 0.1794385 0.4711583 0.1583932 0.6250001 0.6041668 0.6875001 0.5 0.6875001 0.6041668 0.9711583 0.1583932 0.8803806 0.1196194 0.9203506 0.1794385 0.6250001 0.8958334 0.6875001 1 0.625 1 0.4711583 0.1583932 0.3803806 0.1196194 0.4192672 0.0807327 0.6250001 0.6041668 0.5625001 0.5 0.625 0.5 0.8416069 0.02884167 0.8803806 0.1196194 0.9192672 0.08073276 0.6250001 0.8958334 0.5625001 1 0.5625 0.8958333 0.3416068 0.02884167 0.3803806 0.1196194 0.3205615 0.07964956 0.5 0.6041668 0.5625001 0.5 0.5625 0.6041667 0.7500001 0.01061993 0.8205615 0.07964956 0.8416069 0.02884167 0.5625 0.8958333 0.5 1 0.5 0.8958334 0.25 0.01061993 0.3205615 0.07964956 0.25 0.06561404 0.4375 0.6041667 0.5 0.5 0.5 0.6041668 0.7500001 0.01061993 0.6794388 0.07964956 0.75 0.06561404 0.5 0.8958334 0.4375 1 0.4375 0.8958333 0.25 0.01061993 0.1794385 0.07964956 0.1583932 0.02884167 0.375 0.6041668 0.4375 0.5 0.4375 0.6041667 0.6583933 0.02884167 0.6196195 0.1196194 0.6794388 0.07964956 0.375 0.8958334 0.4375 1 0.375 1 0.1583932 0.02884167 0.1196194 0.1196194 0.08073276 0.08073276 0.375 0.6041668 0.3125 0.5 0.375 0.5 0.5288417 0.1583932 0.6196195 0.1196194 0.5807328 0.0807327 0.375 0.8958334 0.3125 1 0.3125 0.8958334 0.02884167 0.1583932 0.1196194 0.1196194 0.07964956 0.1794385 0.25 0.6041667 0.3125 0.5 0.3125 0.6041668 0.5106199 0.25 0.5796497 0.1794385 0.5288417 0.1583932 0.3125 0.8958334 0.25 1 0.25 0.8958333 0.01061993 0.25 0.07964956 0.1794385 0.06561404 0.25 0.1875 0.6041668 0.25 0.5 0.25 0.6041667 0.5106199 0.25 0.5796497 0.3205614 0.5656141 0.25 0.25 0.8958333 0.1875 1 0.1875 0.8958334 0.01061993 0.25 0.07964956 0.3205614 0.02884167 0.3416068 0.125 0.6041668 0.1875 0.5 0.1875 0.6041668 0.5288417 0.3416067 0.6196194 0.3803805 0.5796497 0.3205614 0.125 0.8958334 0.1875 1 0.125 1 0.02884167 0.3416068 0.1196194 0.3803806 0.08073276 0.4192672 0.125 0.6041668 0.0625 0.5 0.125 0.5 0.6583933 0.4711583 0.6196194 0.3803805 0.5807327 0.4192672 0.125 0.8958334 0.0625 1 0.0625 0.8958333 0.1583932 0.4711583 0.1196194 0.3803806 0.1794385 0.4203503 0 0.6041668 0.0625 0.5 0.0625 0.6041667 0.7500001 0.4893801 0.6794387 0.4203504 0.6583933 0.4711583 0.0625 0.8958333 0.002120912 1 0 0.8958334 0.25 0.4893801 0.1794385 0.4203503 0.25 0.434386 0.6794388 0.07964956 0.5796497 0.1794385 0.6794387 0.4203504 1 0.8958334 0.9375 0.6041667 1 0.6041668 0.0625 0.8958333 0 0.6041668 0.0625 0.6041667 0.1196194 0.1196194 0.3803806 0.1196194 0.3803805 0.3803805 0.9375 0.8958333 0.875 0.6041668 0.9375 0.6041667 0.875 0.8958334 0.8125 0.6041668 0.875 0.6041668 0.8125001 0.8958333 0.75 0.6041667 0.8125 0.6041668 0.75 0.8958333 0.6875001 0.6041668 0.75 0.6041667 0.6875001 0.8958333 0.6250001 0.6041668 0.6875001 0.6041668 0.6250001 0.8958334 0.5625 0.6041667 0.6250001 0.6041668 0.5625 0.8958333 0.5 0.6041668 0.5625 0.6041667 0.5 0.8958334 0.4375 0.6041667 0.5 0.6041668 0.4375 0.8958333 0.375 0.6041668 0.4375 0.6041667 0.375 0.8958334 0.3125 0.6041668 0.375 0.6041668 0.3125 0.8958334 0.25 0.6041667 0.3125 0.6041668 0.25 0.8958333 0.1875 0.6041668 0.25 0.6041667 0.1875 0.8958334 0.125 0.6041668 0.1875 0.6041668 0.125 0.8958334 0.0625 0.6041667 0.125 0.6041668 0.9375 0.6041667 0.9375 0.5 0.997879 0.5 0.7500001 0.4893801 0.8416069 0.4711583 0.8205615 0.4203503 1 0.8958334 0.9978791 1 0.9375 1 0.25 0.4893801 0.25 0.434386 0.3205615 0.4203503 0.875 0.6041668 0.875 0.5 0.9375 0.5 0.8416069 0.4711583 0.9192672 0.4192672 0.8803806 0.3803806 0.875 0.8958334 0.9375 0.8958333 0.9375 1 0.3416068 0.4711583 0.3205615 0.4203503 0.3803805 0.3803805 0.875 0.6041668 0.8125 0.6041668 0.8125 0.5 0.9711584 0.3416068 0.9203506 0.3205614 0.8803806 0.3803806 0.875 0.8958334 0.875 1 0.8125 1 0.4711583 0.3416067 0.4192672 0.4192672 0.3803805 0.3803805 0.75 0.6041667 0.7500001 0.5 0.8125 0.5 0.98938 0.25 0.934386 0.25 0.9203506 0.3205614 0.8125001 0.8958333 0.8125 1 0.75 1 0.4893801 0.25 0.4711583 0.3416067 0.4203504 0.3205614 0.6875001 0.6041668 0.6875001 0.5 0.7500001 0.5 0.98938 0.25 0.9711583 0.1583932 0.9203506 0.1794385 0.75 0.8958333 0.75 1 0.6875001 1 0.4893801 0.25 0.434386 0.25 0.4203503 0.1794385 0.6250001 0.6041668 0.625 0.5 0.6875001 0.5 0.9711583 0.1583932 0.9192672 0.08073276 0.8803806 0.1196194 0.6250001 0.8958334 0.6875001 0.8958333 0.6875001 1 0.4711583 0.1583932 0.4203503 0.1794385 0.3803806 0.1196194 0.6250001 0.6041668 0.5625 0.6041667 0.5625001 0.5 0.8416069 0.02884167 0.8205615 0.07964956 0.8803806 0.1196194 0.6250001 0.8958334 0.625 1 0.5625001 1 0.3416068 0.02884167 0.4192672 0.0807327 0.3803806 0.1196194 0.5 0.6041668 0.5 0.5 0.5625001 0.5 0.7500001 0.01061993 0.75 0.06561404 0.8205615 0.07964956 0.5625 0.8958333 0.5625001 1 0.5 1 0.25 0.01061993 0.3416068 0.02884167 0.3205615 0.07964956 0.4375 0.6041667 0.4375 0.5 0.5 0.5 0.7500001 0.01061993 0.6583933 0.02884167 0.6794388 0.07964956 0.5 0.8958334 0.5 1 0.4375 1 0.25 0.01061993 0.25 0.06561404 0.1794385 0.07964956 0.375 0.6041668 0.375 0.5 0.4375 0.5 0.6583933 0.02884167 0.5807328 0.0807327 0.6196195 0.1196194 0.375 0.8958334 0.4375 0.8958333 0.4375 1 0.1583932 0.02884167 0.1794385 0.07964956 0.1196194 0.1196194 0.375 0.6041668 0.3125 0.6041668 0.3125 0.5 0.5288417 0.1583932 0.5796497 0.1794385 0.6196195 0.1196194 0.375 0.8958334 0.375 1 0.3125 1 0.02884167 0.1583932 0.08073276 0.08073276 0.1196194 0.1196194 0.25 0.6041667 0.25 0.5 0.3125 0.5 0.5106199 0.25 0.5656141 0.25 0.5796497 0.1794385 0.3125 0.8958334 0.3125 1 0.25 1 0.01061993 0.25 0.02884167 0.1583932 0.07964956 0.1794385 0.1875 0.6041668 0.1875 0.5 0.25 0.5 0.5106199 0.25 0.5288417 0.3416067 0.5796497 0.3205614 0.25 0.8958333 0.25 1 0.1875 1 0.01061993 0.25 0.06561404 0.25 0.07964956 0.3205614 0.125 0.6041668 0.125 0.5 0.1875 0.5 0.5288417 0.3416067 0.5807327 0.4192672 0.6196194 0.3803805 0.125 0.8958334 0.1875 0.8958334 0.1875 1 0.02884167 0.3416068 0.07964956 0.3205614 0.1196194 0.3803806 0.125 0.6041668 0.0625 0.6041667 0.0625 0.5 0.6583933 0.4711583 0.6794387 0.4203504 0.6196194 0.3803805 0.125 0.8958334 0.125 1 0.0625 1 0.1583932 0.4711583 0.08073276 0.4192672 0.1196194 0.3803806 0 0.6041668 0.002120912 0.5 0.0625 0.5 0.7500001 0.4893801 0.75 0.434386 0.6794387 0.4203504 0.0625 0.8958333 0.0625 1 0.002120912 1 0.25 0.4893801 0.1583932 0.4711583 0.1794385 0.4203503 0.6794387 0.4203504 0.75 0.434386 0.8205615 0.4203503 0.8205615 0.4203503 0.8803806 0.3803806 0.9203506 0.3205614 0.9203506 0.3205614 0.934386 0.25 0.9203506 0.1794385 0.9203506 0.1794385 0.8803806 0.1196194 0.9203506 0.3205614 0.8803806 0.1196194 0.8205615 0.07964956 0.9203506 0.3205614 0.8205615 0.07964956 0.75 0.06561404 0.6794388 0.07964956 0.6794388 0.07964956 0.6196195 0.1196194 0.5796497 0.1794385 0.5796497 0.1794385 0.5656141 0.25 0.5796497 0.3205614 0.5796497 0.3205614 0.6196194 0.3803805 0.5796497 0.1794385 0.6196194 0.3803805 0.6794387 0.4203504 0.5796497 0.1794385 0.6794387 0.4203504 0.8205615 0.4203503 0.8205615 0.07964956 0.8205615 0.4203503 0.9203506 0.3205614 0.8205615 0.07964956 0.8205615 0.07964956 0.6794388 0.07964956 0.6794387 0.4203504 1 0.8958334 0.9375 0.8958333 0.9375 0.6041667 0.0625 0.8958333 0 0.8958334 0 0.6041668 0.3803805 0.3803805 0.3205615 0.4203503 0.25 0.434386 0.25 0.434386 0.1794385 0.4203503 0.3803805 0.3803805 0.1794385 0.4203503 0.1196194 0.3803806 0.3803805 0.3803805 0.1196194 0.3803806 0.07964956 0.3205614 0.1196194 0.1196194 0.07964956 0.3205614 0.06561404 0.25 0.1196194 0.1196194 0.06561404 0.25 0.07964956 0.1794385 0.1196194 0.1196194 0.1196194 0.1196194 0.1794385 0.07964956 0.3803806 0.1196194 0.1794385 0.07964956 0.25 0.06561404 0.3803806 0.1196194 0.25 0.06561404 0.3205615 0.07964956 0.3803806 0.1196194 0.3803806 0.1196194 0.4203503 0.1794385 0.434386 0.25 0.434386 0.25 0.4203504 0.3205614 0.3803806 0.1196194 0.4203504 0.3205614 0.3803805 0.3803805 0.3803806 0.1196194 0.3803805 0.3803805 0.1196194 0.3803806 0.1196194 0.1196194 0.9375 0.8958333 0.875 0.8958334 0.875 0.6041668 0.875 0.8958334 0.8125001 0.8958333 0.8125 0.6041668 0.8125001 0.8958333 0.75 0.8958333 0.75 0.6041667 0.75 0.8958333 0.6875001 0.8958333 0.6875001 0.6041668 0.6875001 0.8958333 0.6250001 0.8958334 0.6250001 0.6041668 0.6250001 0.8958334 0.5625 0.8958333 0.5625 0.6041667 0.5625 0.8958333 0.5 0.8958334 0.5 0.6041668 0.5 0.8958334 0.4375 0.8958333 0.4375 0.6041667 0.4375 0.8958333 0.375 0.8958334 0.375 0.6041668 0.375 0.8958334 0.3125 0.8958334 0.3125 0.6041668 0.3125 0.8958334 0.25 0.8958333 0.25 0.6041667 0.25 0.8958333 0.1875 0.8958334 0.1875 0.6041668 0.1875 0.8958334 0.125 0.8958334 0.125 0.6041668 0.125 0.8958334 0.0625 0.8958333 0.0625 0.6041667</float_array>
          <technique_common>
            <accessor source="#ericrolph_cannon_car_wash_cannonshape_Breech_mesh-mesh-map-0-array" count="564" stride="2">
              <param name="S" type="float"/>
              <param name="T" type="float"/>
            </accessor>
          </technique_common>
        </source>
        <vertices id="ericrolph_cannon_car_wash_cannonshape_Breech_mesh-mesh-vertices">
          <input semantic="POSITION" source="#ericrolph_cannon_car_wash_cannonshape_Breech_mesh-mesh-positions"/>
        </vertices>
        <triangles material="ericrolph_cannon_car_wash_attract_cannon-material" count="188">
          <input semantic="VERTEX" source="#ericrolph_cannon_car_wash_cannonshape_Breech_mesh-mesh-vertices" offset="0"/>
          <input semantic="NORMAL" source="#ericrolph_cannon_car_wash_cannonshape_Breech_mesh-mesh-normals" offset="1"/>
          <input semantic="TEXCOORD" source="#ericrolph_cannon_car_wash_cannonshape_Breech_mesh-mesh-map-0" offset="2" set="0"/>
          <p>7 0 0 2 0 1 1 0 2 2 1 3 6 1 4 0 1 5 4 2 6 11 2 7 10 2 8 5 3 9 9 3 10 11 3 11 13 4 12 8 4 13 7 4 14 8 5 15 12 5 16 6 5 17 16 6 18 11 6 19 17 6 20 11 7 21 15 7 22 17 7 23 13 8 24 20 8 25 14 8 26 20 9 27 12 9 28 14 9 29 16 10 30 23 10 31 22 10 32 23 11 33 15 11 34 21 11 35 25 12 36 20 12 37 19 12 38 26 13 39 18 13 40 20 13 41 22 14 42 29 14 43 28 14 44 29 15 45 21 15 46 27 15 47 31 16 48 26 16 49 25 16 50 26 17 51 30 17 52 24 17 53 28 18 54 35 18 55 34 18 56 29 19 57 33 19 58 35 19 59 37 20 60 32 20 61 31 20 62 32 21 63 36 21 64 30 21 65 40 22 66 35 22 67 41 22 68 35 23 69 39 23 70 41 23 71 37 24 72 44 24 73 38 24 74 44 25 75 36 25 76 38 25 77 40 26 78 47 26 79 46 26 80 47 27 81 39 27 82 45 27 83 49 28 84 44 28 85 43 28 86 50 29 87 42 29 88 44 29 89 46 30 90 53 30 91 52 30 92 53 31 93 45 31 94 51 31 95 55 32 96 50 32 97 49 32 98 50 33 99 54 33 100 48 33 101 52 34 102 59 34 103 58 34 104 53 35 105 57 35 106 59 35 107 61 36 108 56 36 109 55 36 110 56 37 111 60 37 112 54 37 113 64 38 114 59 38 115 65 38 116 59 39 117 63 39 118 65 39 119 61 40 120 68 40 121 62 40 122 68 41 123 60 41 124 62 41 125 64 42 126 71 42 127 70 42 128 71 43 129 63 43 130 69 43 131 73 44 132 68 44 133 67 44 134 74 45 135 66 45 136 68 45 137 70 46 138 77 46 139 76 46 140 77 47 141 69 47 142 75 47 143 79 48 144 74 48 145 73 48 146 74 49 147 78 49 148 72 49 149 76 50 150 83 50 151 82 50 152 77 51 153 81 51 154 83 51 155 85 52 156 80 52 157 79 52 158 80 53 159 84 53 160 78 53 161 88 54 162 83 54 163 89 54 164 83 55 165 87 55 166 89 55 167 85 56 168 92 56 169 86 56 170 92 57 171 84 57 172 86 57 173 88 58 174 95 58 175 94 58 176 95 59 177 87 59 178 93 59 179 1 60 180 92 60 181 91 60 182 2 61 183 90 61 184 92 61 185 94 62 186 5 62 187 4 62 188 5 63 189 93 63 190 3 63 191 54 64 192 66 64 193 90 64 194 4 65 195 7 65 196 1 65 197 94 66 198 1 66 199 91 66 200 63 67 201 39 67 202 15 67 203 10 68 204 13 68 205 7 68 206 16 69 207 19 69 208 13 69 209 22 70 210 25 70 211 19 70 212 28 71 213 31 71 214 25 71 215 34 72 216 37 72 217 31 72 218 40 73 219 43 73 220 37 73 221 46 74 222 49 74 223 43 74 224 52 75 225 55 75 226 49 75 227 58 76 228 61 76 229 55 76 230 64 77 231 67 77 232 61 77 233 70 78 234 73 78 235 67 78 236 76 79 237 79 79 238 73 79 239 82 80 240 85 80 241 79 80 242 88 81 243 91 81 244 85 81 245 7 82 246 8 82 247 2 82 248 2 83 249 8 83 250 6 83 251 4 84 252 5 84 253 11 84 254 5 85 255 3 85 256 9 85 257 13 86 258 14 86 259 8 86 260 8 87 261 14 87 262 12 87 263 16 88 264 10 88 265 11 88 266 11 89 267 9 89 268 15 89 269 13 90 270 19 90 271 20 90 272 20 91 273 18 91 274 12 91 275 16 92 276 17 92 277 23 92 278 23 93 279 17 93 280 15 93 281 25 94 282 26 94 283 20 94 284 26 95 285 24 95 286 18 95 287 22 96 288 23 96 289 29 96 290 29 97 291 23 97 292 21 97 293 31 98 294 32 98 295 26 98 296 26 99 297 32 99 298 30 99 299 28 100 300 29 100 301 35 100 302 29 101 303 27 101 304 33 101 305 37 102 306 38 102 307 32 102 308 32 103 309 38 103 310 36 103 311 40 104 312 34 104 313 35 104 314 35 105 315 33 105 316 39 105 317 37 106 318 43 106 319 44 106 320 44 107 321 42 107 322 36 107 323 40 108 324 41 108 325 47 108 326 47 109 327 41 109 328 39 109 329 49 110 330 50 110 331 44 110 332 50 111 333 48 111 334 42 111 335 46 112 336 47 112 337 53 112 338 53 113 339 47 113 340 45 113 341 55 114 342 56 114 343 50 114 344 50 115 345 56 115 346 54 115 347 52 116 348 53 116 349 59 116 350 53 117 351 51 117 352 57 117 353 61 118 354 62 118 355 56 118 356 56 119 357 62 119 358 60 119 359 64 120 360 58 120 361 59 120 362 59 121 363 57 121 364 63 121 365 61 122 366 67 122 367 68 122 368 68 123 369 66 123 370 60 123 371 64 124 372 65 124 373 71 124 374 71 125 375 65 125 376 63 125 377 73 126 378 74 126 379 68 126 380 74 127 381 72 127 382 66 127 383 70 128 384 71 128 385 77 128 386 77 129 387 71 129 388 69 129 389 79 130 390 80 130 391 74 130 392 74 131 393 80 131 394 78 131 395 76 132 396 77 132 397 83 132 398 77 133 399 75 133 400 81 133 401 85 134 402 86 134 403 80 134 404 80 135 405 86 135 406 84 135 407 88 136 408 82 136 409 83 136 410 83 137 411 81 137 412 87 137 413 85 138 414 91 138 415 92 138 416 92 139 417 90 139 418 84 139 419 88 140 420 89 140 421 95 140 422 95 141 423 89 141 424 87 141 425 1 142 426 2 142 427 92 142 428 2 143 429 0 143 430 90 143 431 94 144 432 95 144 433 5 144 434 5 145 435 95 145 436 93 145 437 90 146 438 0 146 439 6 146 440 6 147 441 12 147 442 18 147 443 18 148 444 24 148 445 30 148 446 30 149 447 36 149 448 18 149 449 36 150 450 42 150 451 18 150 452 42 151 453 48 151 454 54 151 455 54 152 456 60 152 457 66 152 458 66 153 459 72 153 460 78 153 461 78 154 462 84 154 463 66 154 464 84 155 465 90 155 466 66 155 467 90 156 468 6 156 469 42 156 470 6 157 471 18 157 472 42 157 473 42 158 474 54 158 475 90 158 476 4 159 477 10 159 478 7 159 479 94 160 480 4 160 481 1 160 482 15 161 483 9 161 484 3 161 485 3 162 486 93 162 487 15 162 488 93 163 489 87 163 490 15 163 491 87 164 492 81 164 493 63 164 494 81 165 495 75 165 496 63 165 497 75 166 498 69 166 499 63 166 500 63 167 501 57 167 502 39 167 503 57 168 504 51 168 505 39 168 506 51 169 507 45 169 508 39 169 509 39 170 510 33 170 511 27 170 512 27 171 513 21 171 514 39 171 515 21 172 516 15 172 517 39 172 518 15 173 519 87 173 520 63 173 521 10 174 522 16 174 523 13 174 524 16 175 525 22 175 526 19 175 527 22 176 528 28 176 529 25 176 530 28 177 531 34 177 532 31 177 533 34 178 534 40 178 535 37 178 536 40 179 537 46 179 538 43 179 539 46 180 540 52 180 541 49 180 542 52 181 543 58 181 544 55 181 545 58 182 546 64 182 547 61 182 548 64 183 549 70 183 550 67 183 551 70 184 552 76 184 553 73 184 554 76 185 555 82 185 556 79 185 557 82 186 558 88 186 559 85 186 560 88 187 561 94 187 562 91 187 563</p>
        </triangles>
      </mesh>
    </geometry>
    <geometry id="ericrolph_cannon_car_wash_cannonshape_Muzzle_mesh-mesh" name="ericrolph_cannon_car_wash_cannonshape_Muzzle_mesh">
      <mesh>
        <source id="ericrolph_cannon_car_wash_cannonshape_Muzzle_mesh-mesh-positions">
          <float_array id="ericrolph_cannon_car_wash_cannonshape_Muzzle_mesh-mesh-positions-array" count="288">0 0.07951021 -0.03499996 0 0.105 -0.00999999 0 0.09753417 -0.02767765 0 0.07951021 0.03499996 0 0.105 0.00999999 0 0.09753417 0.02767765 0.03042721 0.07345783 -0.03499996 0.04018175 0.09700733 -0.00999999 0.03732472 0.09010982 -0.02767765 0.03042721 0.07345783 0.03499996 0.04018175 0.09700733 0.00999999 0.03732472 0.09010982 0.02767765 0.0562222 0.0562222 -0.03499996 0.07424616 0.07424616 -0.00999999 0.0689671 0.06896704 -0.02767765 0.0562222 0.0562222 0.03499996 0.07424616 0.07424616 0.00999999 0.06896704 0.0689671 0.02767765 0.07345783 0.03042721 -0.03499996 0.09700733 0.04018175 -0.00999999 0.09010982 0.03732472 -0.02767765 0.07345783 0.03042721 0.03499996 0.09700733 0.04018175 0.00999999 0.09010982 0.03732472 0.02767765 0.07951021 0 -0.03499996 0.105 0 -0.00999999 0.09753417 0 -0.02767765 0.07951021 0 0.03499996 0.105 0 0.00999999 0.09753417 0 0.02767765 0.07345783 -0.03042721 -0.03499996 0.09700733 -0.04018175 -0.00999999 0.09010982 -0.03732472 -0.02767765 0.07345783 -0.03042721 0.03499996 0.09700733 -0.04018175 0.00999999 0.09010982 -0.03732472 0.02767765 0.0562222 -0.0562222 -0.03499996 0.07424616 -0.07424616 -0.00999999 0.06896704 -0.0689671 -0.02767765 0.0562222 -0.0562222 0.03499996 0.07424616 -0.07424616 0.00999999 0.0689671 -0.06896704 0.02767765 0.03042721 -0.07345783 -0.03499996 0.04018175 -0.09700733 -0.00999999 0.03732472 -0.09010982 -0.02767765 0.03042721 -0.07345783 0.03499996 0.04018175 -0.09700733 0.00999999 0.03732472 -0.09010982 0.02767765 0 -0.07951021 -0.03499996 0 -0.105 -0.00999999 0 -0.09753417 -0.02767765 0 -0.07951021 0.03499996 0 -0.105 0.00999999 0 -0.09753417 0.02767765 -0.03042721 -0.07345783 -0.03499996 -0.04018175 -0.09700733 -0.00999999 -0.03732472 -0.09010982 -0.02767765 -0.03042721 -0.07345783 0.03499996 -0.04018175 -0.09700733 0.00999999 -0.03732472 -0.09010982 0.02767765 -0.0562222 -0.0562222 -0.03499996 -0.07424616 -0.07424616 -0.00999999 -0.0689671 -0.06896704 -0.02767765 -0.0562222 -0.0562222 0.03499996 -0.07424616 -0.07424616 0.00999999 -0.06896704 -0.0689671 0.02767765 -0.07345783 -0.03042721 -0.03499996 -0.09700733 -0.04018175 -0.00999999 -0.09010982 -0.03732472 -0.02767765 -0.07345783 -0.03042721 0.03499996 -0.09700733 -0.04018175 0.00999999 -0.09010982 -0.03732472 0.02767765 -0.07951021 0 -0.03499996 -0.105 0 -0.00999999 -0.09753417 0 -0.02767765 -0.07951021 0 0.03499996 -0.105 0 0.00999999 -0.09753417 0 0.02767765 -0.07345783 0.03042721 -0.03499996 -0.09700733 0.04018175 -0.00999999 -0.09010982 0.03732472 -0.02767765 -0.07345783 0.03042721 0.03499996 -0.09700733 0.04018175 0.00999999 -0.09010982 0.03732472 0.02767765 -0.0562222 0.0562222 -0.03499996 -0.07424616 0.07424616 -0.00999999 -0.06896704 0.0689671 -0.02767765 -0.0562222 0.0562222 0.03499996 -0.07424616 0.07424616 0.00999999 -0.0689671 0.06896704 0.02767765 -0.03042721 0.07345783 -0.03499996 -0.04018175 0.09700733 -0.00999999 -0.03732472 0.09010982 -0.02767765 -0.03042721 0.07345783 0.03499996 -0.04018175 0.09700733 0.00999999 -0.03732472 0.09010982 0.02767765</float_array>
          <technique_common>
            <accessor source="#ericrolph_cannon_car_wash_cannonshape_Muzzle_mesh-mesh-positions-array" count="96" stride="3">
              <param name="X" type="float"/>
              <param name="Y" type="float"/>
              <param name="Z" type="float"/>
            </accessor>
          </technique_common>
        </source>
        <source id="ericrolph_cannon_car_wash_cannonshape_Muzzle_mesh-mesh-normals">
          <float_array id="ericrolph_cannon_car_wash_cannonshape_Muzzle_mesh-mesh-normals-array" count="564">0.18024 0.9061275 -0.3826832 0.07465791 0.3753301 -0.9238796 0.1802402 0.9061274 0.3826835 0.07465785 0.3753302 0.9238795 0.51328 0.7681777 -0.3826835 0.2126075 0.3181895 -0.9238795 0.51328 0.7681776 0.3826838 0.2126075 0.3181896 0.9238795 0.7681776 0.51328 -0.3826838 0.3181896 0.2126075 -0.9238795 0.7681777 0.51328 0.3826835 0.3181895 0.2126075 0.9238795 0.9061274 0.1802402 -0.3826835 0.3753302 0.07465785 -0.9238795 0.9061275 0.18024 0.3826832 0.3753301 0.07465791 0.9238796 0.9061275 -0.18024 -0.3826832 0.3753301 -0.07465791 -0.9238796 0.9061274 -0.1802402 0.3826835 0.3753302 -0.07465785 0.9238795 0.7681777 -0.51328 -0.3826835 0.3181895 -0.2126075 -0.9238795 0.7681776 -0.51328 0.3826838 0.3181896 -0.2126075 0.9238795 0.51328 -0.7681776 -0.3826838 0.2126075 -0.3181896 -0.9238795 0.51328 -0.7681777 0.3826835 0.2126075 -0.3181895 0.9238795 0.1802402 -0.9061274 -0.3826835 0.07465785 -0.3753302 -0.9238795 0.18024 -0.9061275 0.3826832 0.07465791 -0.3753301 0.9238796 -0.18024 -0.9061275 -0.3826832 -0.07465791 -0.3753301 -0.9238796 -0.1802402 -0.9061274 0.3826835 -0.07465785 -0.3753302 0.9238795 -0.51328 -0.7681777 -0.3826835 -0.2126075 -0.3181895 -0.9238795 -0.51328 -0.7681776 0.3826838 -0.2126075 -0.3181896 0.9238795 -0.7681776 -0.51328 -0.3826838 -0.3181896 -0.2126075 -0.9238795 -0.7681777 -0.51328 0.3826835 -0.3181895 -0.2126075 0.9238795 -0.9061274 -0.1802402 -0.3826835 -0.3753302 -0.07465785 -0.9238795 -0.9061275 -0.18024 0.3826832 -0.3753301 -0.07465791 0.9238796 -0.9061275 0.18024 -0.3826832 -0.3753301 0.07465791 -0.9238796 -0.9061274 0.1802402 0.3826835 -0.3753302 0.07465785 0.9238795 -0.7681777 0.51328 -0.3826835 -0.3181895 0.2126075 -0.9238795 -0.7681776 0.51328 0.3826838 -0.3181896 0.2126075 0.9238795 -0.51328 0.7681776 -0.3826838 -0.2126075 0.3181896 -0.9238795 -0.51328 0.7681777 0.3826835 -0.2126075 0.3181895 0.9238795 -0.1802402 0.9061274 -0.3826835 -0.07465785 0.3753302 -0.9238795 -0.18024 0.9061275 0.3826832 -0.07465791 0.3753301 0.9238796 0 0 -1 0.1950904 0.9807853 0 -0.1950904 0.9807853 0 0 0 1 0.5555703 0.8314696 0 0.8314696 0.5555703 0 0.9807853 0.1950904 0 0.9807853 -0.1950904 0 0.8314696 -0.5555703 0 0.5555703 -0.8314696 0 0.1950904 -0.9807853 0 -0.1950904 -0.9807853 0 -0.5555703 -0.8314696 0 -0.8314696 -0.5555703 0 -0.9807853 -0.1950904 0 -0.9807853 0.1950904 0 -0.8314696 0.5555703 0 -0.5555703 0.8314696 0 0.1802402 0.9061274 -0.3826835 0.07465785 0.3753302 -0.9238795 0.18024 0.9061275 0.3826832 0.07465791 0.3753301 0.9238796 0.51328 0.7681775 -0.3826838 0.2126076 0.3181897 -0.9238795 0.5132802 0.7681776 0.3826835 0.2126075 0.3181895 0.9238796 0.7681776 0.5132802 -0.3826835 0.3181895 0.2126075 -0.9238796 0.7681775 0.51328 0.3826838 0.3181897 0.2126076 0.9238795 0.9061275 0.18024 -0.3826832 0.3753301 0.07465791 -0.9238796 0.9061274 0.1802402 0.3826835 0.3753302 0.07465785 0.9238795 0.9061274 -0.1802402 -0.3826835 0.3753302 -0.07465785 -0.9238795 0.9061275 -0.18024 0.3826832 0.3753301 -0.07465791 0.9238796 0.7681775 -0.51328 -0.3826838 0.3181897 -0.2126076 -0.9238795 0.7681776 -0.5132802 0.3826835 0.3181895 -0.2126075 0.9238796 0.5132802 -0.7681776 -0.3826835 0.2126075 -0.3181895 -0.9238796 0.51328 -0.7681775 0.3826838 0.2126076 -0.3181897 0.9238795 0.18024 -0.9061275 -0.3826832 0.07465791 -0.3753301 -0.9238796 0.1802402 -0.9061274 0.3826835 0.07465785 -0.3753302 0.9238795 -0.1802402 -0.9061274 -0.3826835 -0.07465785 -0.3753302 -0.9238795 -0.18024 -0.9061275 0.3826832 -0.07465791 -0.3753301 0.9238796 -0.51328 -0.7681775 -0.3826838 -0.2126076 -0.3181897 -0.9238795 -0.5132802 -0.7681776 0.3826835 -0.2126075 -0.3181895 0.9238796 -0.7681776 -0.5132802 -0.3826835 -0.3181895 -0.2126075 -0.9238796 -0.7681775 -0.51328 0.3826838 -0.3181897 -0.2126076 0.9238795 -0.9061275 -0.18024 -0.3826832 -0.3753301 -0.07465791 -0.9238796 -0.9061274 -0.1802402 0.3826835 -0.3753302 -0.07465785 0.9238795 -0.9061274 0.1802402 -0.3826835 -0.3753302 0.07465785 -0.9238795 -0.9061275 0.18024 0.3826832 -0.3753301 0.07465791 0.9238796 -0.7681775 0.51328 -0.3826838 -0.3181897 0.2126076 -0.9238795 -0.7681776 0.5132802 0.3826835 -0.3181895 0.2126075 0.9238796 -0.5132802 0.7681776 -0.3826835 -0.2126075 0.3181895 -0.9238796 -0.51328 0.7681775 0.3826838 -0.2126076 0.3181897 0.9238795 -0.18024 0.9061275 -0.3826832 -0.07465791 0.3753301 -0.9238796 -0.1802402 0.9061274 0.3826835 -0.07465785 0.3753302 0.9238795 0 0 -1 0 0 -1 0 0 -1 0 0 -1 0 0 -1 0 0 -1 0 0 -1 0 0 -1 0 0 -1 0 0 -1 0 0 -1 0 0 -1 0 0 -1 0.1950904 0.9807853 0 -0.1950904 0.9807853 0 0 0 1 0 0 1 0 0 1 0 0 1 0 0 1 0 0 1 0 0 1 0 0 1 0 0 1 0 0 1 0 0 1 0 0 1 0 0 1 0.5555703 0.8314696 0 0.8314696 0.5555703 0 0.9807853 0.1950904 0 0.9807853 -0.1950904 0 0.8314696 -0.5555703 0 0.5555703 -0.8314696 0 0.1950904 -0.9807853 0 -0.1950904 -0.9807853 0 -0.5555703 -0.8314696 0 -0.8314696 -0.5555703 0 -0.9807853 -0.1950904 0 -0.9807853 0.1950904 0 -0.8314696 0.5555703 0 -0.5555703 0.8314696 0</float_array>
          <technique_common>
            <accessor source="#ericrolph_cannon_car_wash_cannonshape_Muzzle_mesh-mesh-normals-array" count="188" stride="3">
              <param name="X" type="float"/>
              <param name="Y" type="float"/>
              <param name="Z" type="float"/>
            </accessor>
          </technique_common>
        </source>
        <source id="ericrolph_cannon_car_wash_cannonshape_Muzzle_mesh-mesh-map-0">
          <float_array id="ericrolph_cannon_car_wash_cannonshape_Muzzle_mesh-mesh-map-0-array" count="1128">0.9375001 0.6785715 0.9977781 0.5 1 0.6785715 0.8415955 0.471131 0.7500001 0.4317377 0.75 0.4893506 0.9375001 0.8214286 0.9977781 1 0.9375 1 0.3415955 0.471131 0.25 0.4317377 0.319548 0.4179038 0.8750001 0.6785714 0.9374999 0.5 0.9375001 0.6785715 0.9192464 0.4192464 0.8195481 0.4179038 0.8415955 0.471131 0.9375001 0.8214286 0.8750001 1 0.8750001 0.8214286 0.4192464 0.4192464 0.319548 0.4179038 0.378508 0.378508 0.8125 0.6785714 0.875 0.5 0.8750001 0.6785714 0.9192464 0.4192464 0.9179039 0.319548 0.878508 0.378508 0.8750001 0.8214286 0.8125 1 0.8125 0.8214287 0.4192464 0.4192464 0.4179037 0.319548 0.471131 0.3415954 0.8125 0.6785714 0.75 0.5 0.8125 0.5 0.9711312 0.3415955 0.9317377 0.25 0.9179039 0.319548 0.8125 0.8214287 0.75 1 0.75 0.8214286 0.471131 0.3415954 0.4317377 0.25 0.4893506 0.25 0.6875001 0.6785714 0.75 0.5 0.75 0.6785714 0.971131 0.1584045 0.9317377 0.25 0.9893506 0.25 0.6875 0.8214286 0.75 1 0.6875 1 0.471131 0.1584045 0.4317377 0.25 0.4179037 0.180452 0.6250001 0.6785715 0.6875 0.5 0.6875001 0.6785714 0.9192464 0.08075362 0.917904 0.180452 0.971131 0.1584045 0.6875 0.8214286 0.625 1 0.625 0.8214285 0.4192464 0.08075362 0.4179037 0.180452 0.3785079 0.121492 0.5625 0.6785715 0.6250001 0.5 0.6250001 0.6785715 0.9192464 0.08075362 0.819548 0.08209627 0.878508 0.1214921 0.625 0.8214285 0.5625 1 0.5625 0.8214286 0.4192464 0.08075362 0.319548 0.08209627 0.3415954 0.02886891 0.5625 0.6785715 0.5 0.5 0.5625 0.5 0.8415955 0.02886897 0.7500001 0.06826233 0.819548 0.08209627 0.5625 0.8214286 0.5 1 0.5 0.8214286 0.3415954 0.02886891 0.25 0.06826233 0.25 0.01064944 0.4375 0.6785715 0.5 0.5 0.5 0.6785714 0.6584046 0.02886891 0.7500001 0.06826233 0.7500001 0.01064944 0.4375 0.8214286 0.5 1 0.4375 1 0.1584045 0.02886897 0.25 0.06826233 0.180452 0.08209627 0.375 0.6785714 0.4375 0.5 0.4375 0.6785715 0.5807536 0.08075362 0.680452 0.08209627 0.6584046 0.02886891 0.4375 0.8214286 0.375 1 0.375 0.8214286 0.08075362 0.08075362 0.180452 0.08209627 0.1214921 0.1214921 0.3125 0.6785714 0.375 0.5 0.375 0.6785714 0.5807536 0.08075362 0.5820963 0.180452 0.6214922 0.1214921 0.375 0.8214286 0.3125 1 0.3125 0.8214287 0.08075362 0.08075362 0.08209633 0.1804521 0.02886891 0.1584045 0.3125 0.6785714 0.25 0.5 0.3125 0.5 0.528869 0.1584045 0.5682624 0.25 0.5820963 0.180452 0.3125 0.8214287 0.25 1 0.25 0.8214286 0.02886891 0.1584045 0.06826233 0.25 0.01064944 0.25 0.1875 0.6785714 0.25 0.5 0.25 0.6785714 0.528869 0.3415954 0.5682624 0.25 0.5106495 0.25 0.1875 0.8214286 0.25 1 0.1875 1 0.02886897 0.3415955 0.06826233 0.25 0.08209627 0.319548 0.125 0.6785715 0.1875 0.5 0.1875 0.6785714 0.5807537 0.4192464 0.5820963 0.319548 0.528869 0.3415954 0.1875 0.8214286 0.125 1 0.125 0.8214285 0.08075362 0.4192464 0.08209627 0.319548 0.1214921 0.3785079 0.0625 0.6785715 0.125 0.5 0.125 0.6785715 0.5807537 0.4192464 0.6804522 0.4179037 0.6214922 0.3785079 0.125 0.8214285 0.06249994 1 0.0625 0.8214286 0.08075362 0.4192464 0.180452 0.4179038 0.1584045 0.471131 0.0625 0.6785715 0.002221941 0.5 0.0625 0.5 0.6584045 0.471131 0.7500001 0.4317377 0.6804522 0.4179037 0.0625 0.8214286 0.002221941 1 0 0.8214286 0.1584045 0.471131 0.25 0.4317377 0.25 0.4893506 0.819548 0.08209627 0.5820963 0.180452 0.6804522 0.4179037 1 0.8214287 0.9375001 0.6785715 1 0.6785715 0.0625 0.8214286 0 0.6785714 0.0625 0.6785715 0.1214921 0.1214921 0.3785079 0.121492 0.378508 0.378508 0.9375001 0.8214286 0.8750001 0.6785714 0.9375001 0.6785715 0.8750001 0.8214286 0.8125 0.6785714 0.8750001 0.6785714 0.8125 0.8214287 0.75 0.6785714 0.8125 0.6785714 0.75 0.8214286 0.6875001 0.6785714 0.75 0.6785714 0.6875 0.8214286 0.6250001 0.6785715 0.6875001 0.6785714 0.625 0.8214285 0.5625 0.6785715 0.6250001 0.6785715 0.5625 0.8214286 0.5 0.6785714 0.5625 0.6785715 0.5 0.8214286 0.4375 0.6785715 0.5 0.6785714 0.4375 0.8214286 0.375 0.6785714 0.4375 0.6785715 0.375 0.8214286 0.3125 0.6785714 0.375 0.6785714 0.3125 0.8214287 0.25 0.6785714 0.3125 0.6785714 0.25 0.8214286 0.1875 0.6785714 0.25 0.6785714 0.1875 0.8214286 0.125 0.6785715 0.1875 0.6785714 0.125 0.8214285 0.0625 0.6785715 0.125 0.6785715 0.9375001 0.6785715 0.9374999 0.5 0.9977781 0.5 0.8415955 0.471131 0.8195481 0.4179038 0.7500001 0.4317377 0.9375001 0.8214286 1 0.8214287 0.9977781 1 0.3415955 0.471131 0.25 0.4893506 0.25 0.4317377 0.8750001 0.6785714 0.875 0.5 0.9374999 0.5 0.9192464 0.4192464 0.878508 0.378508 0.8195481 0.4179038 0.9375001 0.8214286 0.9375 1 0.8750001 1 0.4192464 0.4192464 0.3415955 0.471131 0.319548 0.4179038 0.8125 0.6785714 0.8125 0.5 0.875 0.5 0.9192464 0.4192464 0.9711312 0.3415955 0.9179039 0.319548 0.8750001 0.8214286 0.8750001 1 0.8125 1 0.4192464 0.4192464 0.378508 0.378508 0.4179037 0.319548 0.8125 0.6785714 0.75 0.6785714 0.75 0.5 0.9711312 0.3415955 0.9893506 0.25 0.9317377 0.25 0.8125 0.8214287 0.8125 1 0.75 1 0.471131 0.3415954 0.4179037 0.319548 0.4317377 0.25 0.6875001 0.6785714 0.6875 0.5 0.75 0.5 0.971131 0.1584045 0.917904 0.180452 0.9317377 0.25 0.6875 0.8214286 0.75 0.8214286 0.75 1 0.471131 0.1584045 0.4893506 0.25 0.4317377 0.25 0.6250001 0.6785715 0.6250001 0.5 0.6875 0.5 0.9192464 0.08075362 0.878508 0.1214921 0.917904 0.180452 0.6875 0.8214286 0.6875 1 0.625 1 0.4192464 0.08075362 0.471131 0.1584045 0.4179037 0.180452 0.5625 0.6785715 0.5625 0.5 0.6250001 0.5 0.9192464 0.08075362 0.8415955 0.02886897 0.819548 0.08209627 0.625 0.8214285 0.625 1 0.5625 1 0.4192464 0.08075362 0.3785079 0.121492 0.319548 0.08209627 0.5625 0.6785715 0.5 0.6785714 0.5 0.5 0.8415955 0.02886897 0.7500001 0.01064944 0.7500001 0.06826233 0.5625 0.8214286 0.5625 1 0.5 1 0.3415954 0.02886891 0.319548 0.08209627 0.25 0.06826233 0.4375 0.6785715 0.4375 0.5 0.5 0.5 0.6584046 0.02886891 0.680452 0.08209627 0.7500001 0.06826233 0.4375 0.8214286 0.5 0.8214286 0.5 1 0.1584045 0.02886897 0.25 0.01064944 0.25 0.06826233 0.375 0.6785714 0.375 0.5 0.4375 0.5 0.5807536 0.08075362 0.6214922 0.1214921 0.680452 0.08209627 0.4375 0.8214286 0.4375 1 0.375 1 0.08075362 0.08075362 0.1584045 0.02886897 0.180452 0.08209627 0.3125 0.6785714 0.3125 0.5 0.375 0.5 0.5807536 0.08075362 0.528869 0.1584045 0.5820963 0.180452 0.375 0.8214286 0.375 1 0.3125 1 0.08075362 0.08075362 0.1214921 0.1214921 0.08209633 0.1804521 0.3125 0.6785714 0.25 0.6785714 0.25 0.5 0.528869 0.1584045 0.5106495 0.25 0.5682624 0.25 0.3125 0.8214287 0.3125 1 0.25 1 0.02886891 0.1584045 0.08209633 0.1804521 0.06826233 0.25 0.1875 0.6785714 0.1875 0.5 0.25 0.5 0.528869 0.3415954 0.5820963 0.319548 0.5682624 0.25 0.1875 0.8214286 0.25 0.8214286 0.25 1 0.02886897 0.3415955 0.01064944 0.25 0.06826233 0.25 0.125 0.6785715 0.125 0.5 0.1875 0.5 0.5807537 0.4192464 0.6214922 0.3785079 0.5820963 0.319548 0.1875 0.8214286 0.1875 1 0.125 1 0.08075362 0.4192464 0.02886897 0.3415955 0.08209627 0.319548 0.0625 0.6785715 0.0625 0.5 0.125 0.5 0.5807537 0.4192464 0.6584045 0.471131 0.6804522 0.4179037 0.125 0.8214285 0.125 1 0.06249994 1 0.08075362 0.4192464 0.1214921 0.3785079 0.180452 0.4179038 0.0625 0.6785715 0 0.6785714 0.002221941 0.5 0.6584045 0.471131 0.75 0.4893506 0.7500001 0.4317377 0.0625 0.8214286 0.06249994 1 0.002221941 1 0.1584045 0.471131 0.180452 0.4179038 0.25 0.4317377 0.6804522 0.4179037 0.7500001 0.4317377 0.8195481 0.4179038 0.8195481 0.4179038 0.878508 0.378508 0.9179039 0.319548 0.9179039 0.319548 0.9317377 0.25 0.917904 0.180452 0.917904 0.180452 0.878508 0.1214921 0.819548 0.08209627 0.819548 0.08209627 0.7500001 0.06826233 0.680452 0.08209627 0.680452 0.08209627 0.6214922 0.1214921 0.5820963 0.180452 0.5820963 0.180452 0.5682624 0.25 0.5820963 0.319548 0.5820963 0.319548 0.6214922 0.3785079 0.6804522 0.4179037 0.6804522 0.4179037 0.8195481 0.4179038 0.9179039 0.319548 0.9179039 0.319548 0.917904 0.180452 0.819548 0.08209627 0.819548 0.08209627 0.680452 0.08209627 0.5820963 0.180452 0.5820963 0.180452 0.5820963 0.319548 0.6804522 0.4179037 0.6804522 0.4179037 0.9179039 0.319548 0.819548 0.08209627 1 0.8214287 0.9375001 0.8214286 0.9375001 0.6785715 0.0625 0.8214286 0 0.8214286 0 0.6785714 0.378508 0.378508 0.319548 0.4179038 0.25 0.4317377 0.25 0.4317377 0.180452 0.4179038 0.378508 0.378508 0.180452 0.4179038 0.1214921 0.3785079 0.378508 0.378508 0.1214921 0.3785079 0.08209627 0.319548 0.06826233 0.25 0.06826233 0.25 0.08209633 0.1804521 0.1214921 0.3785079 0.08209633 0.1804521 0.1214921 0.1214921 0.1214921 0.3785079 0.1214921 0.1214921 0.180452 0.08209627 0.25 0.06826233 0.25 0.06826233 0.319548 0.08209627 0.1214921 0.1214921 0.319548 0.08209627 0.3785079 0.121492 0.1214921 0.1214921 0.3785079 0.121492 0.4179037 0.180452 0.4317377 0.25 0.4317377 0.25 0.4179037 0.319548 0.3785079 0.121492 0.4179037 0.319548 0.378508 0.378508 0.3785079 0.121492 0.378508 0.378508 0.1214921 0.3785079 0.1214921 0.1214921 0.9375001 0.8214286 0.8750001 0.8214286 0.8750001 0.6785714 0.8750001 0.8214286 0.8125 0.8214287 0.8125 0.6785714 0.8125 0.8214287 0.75 0.8214286 0.75 0.6785714 0.75 0.8214286 0.6875 0.8214286 0.6875001 0.6785714 0.6875 0.8214286 0.625 0.8214285 0.6250001 0.6785715 0.625 0.8214285 0.5625 0.8214286 0.5625 0.6785715 0.5625 0.8214286 0.5 0.8214286 0.5 0.6785714 0.5 0.8214286 0.4375 0.8214286 0.4375 0.6785715 0.4375 0.8214286 0.375 0.8214286 0.375 0.6785714 0.375 0.8214286 0.3125 0.8214287 0.3125 0.6785714 0.3125 0.8214287 0.25 0.8214286 0.25 0.6785714 0.25 0.8214286 0.1875 0.8214286 0.1875 0.6785714 0.1875 0.8214286 0.125 0.8214285 0.125 0.6785715 0.125 0.8214285 0.0625 0.8214286 0.0625 0.6785715</float_array>
          <technique_common>
            <accessor source="#ericrolph_cannon_car_wash_cannonshape_Muzzle_mesh-mesh-map-0-array" count="564" stride="2">
              <param name="S" type="float"/>
              <param name="T" type="float"/>
            </accessor>
          </technique_common>
        </source>
        <vertices id="ericrolph_cannon_car_wash_cannonshape_Muzzle_mesh-mesh-vertices">
          <input semantic="POSITION" source="#ericrolph_cannon_car_wash_cannonshape_Muzzle_mesh-mesh-positions"/>
        </vertices>
        <triangles material="ericrolph_cannon_car_wash_attract_cannon-material" count="188">
          <input semantic="VERTEX" source="#ericrolph_cannon_car_wash_cannonshape_Muzzle_mesh-mesh-vertices" offset="0"/>
          <input semantic="NORMAL" source="#ericrolph_cannon_car_wash_cannonshape_Muzzle_mesh-mesh-normals" offset="1"/>
          <input semantic="TEXCOORD" source="#ericrolph_cannon_car_wash_cannonshape_Muzzle_mesh-mesh-map-0" offset="2" set="0"/>
          <p>7 0 0 2 0 1 1 0 2 8 1 3 0 1 4 2 1 5 10 2 6 5 2 7 11 2 8 11 3 9 3 3 10 9 3 11 13 4 12 8 4 13 7 4 14 14 5 15 6 5 16 8 5 17 10 6 18 17 6 19 16 6 20 17 7 21 9 7 22 15 7 23 19 8 24 14 8 25 13 8 26 14 9 27 18 9 28 12 9 29 16 10 30 23 10 31 22 10 32 17 11 33 21 11 34 23 11 35 19 12 36 26 12 37 20 12 38 20 13 39 24 13 40 18 13 41 22 14 42 29 14 43 28 14 44 23 15 45 27 15 46 29 15 47 31 16 48 26 16 49 25 16 50 32 17 51 24 17 52 26 17 53 34 18 54 29 18 55 35 18 56 35 19 57 27 19 58 33 19 59 37 20 60 32 20 61 31 20 62 38 21 63 30 21 64 32 21 65 34 22 66 41 22 67 40 22 68 41 23 69 33 23 70 39 23 71 43 24 72 38 24 73 37 24 74 38 25 75 42 25 76 36 25 77 40 26 78 47 26 79 46 26 80 41 27 81 45 27 82 47 27 83 43 28 84 50 28 85 44 28 86 44 29 87 48 29 88 42 29 89 46 30 90 53 30 91 52 30 92 47 31 93 51 31 94 53 31 95 55 32 96 50 32 97 49 32 98 56 33 99 48 33 100 50 33 101 58 34 102 53 34 103 59 34 104 59 35 105 51 35 106 57 35 107 61 36 108 56 36 109 55 36 110 62 37 111 54 37 112 56 37 113 58 38 114 65 38 115 64 38 116 65 39 117 57 39 118 63 39 119 67 40 120 62 40 121 61 40 122 62 41 123 66 41 124 60 41 125 64 42 126 71 42 127 70 42 128 65 43 129 69 43 130 71 43 131 67 44 132 74 44 133 68 44 134 68 45 135 72 45 136 66 45 137 70 46 138 77 46 139 76 46 140 71 47 141 75 47 142 77 47 143 79 48 144 74 48 145 73 48 146 80 49 147 72 49 148 74 49 149 82 50 150 77 50 151 83 50 152 83 51 153 75 51 154 81 51 155 85 52 156 80 52 157 79 52 158 86 53 159 78 53 160 80 53 161 82 54 162 89 54 163 88 54 164 89 55 165 81 55 166 87 55 167 91 56 168 86 56 169 85 56 170 86 57 171 90 57 172 84 57 173 88 58 174 95 58 175 94 58 176 89 59 177 93 59 178 95 59 179 91 60 180 2 60 181 92 60 182 92 61 183 0 61 184 90 61 185 94 62 186 5 62 187 4 62 188 95 63 189 3 63 190 5 63 191 42 64 192 66 64 193 90 64 194 4 65 195 7 65 196 1 65 197 94 66 198 1 66 199 91 66 200 63 67 201 39 67 202 15 67 203 10 68 204 13 68 205 7 68 206 16 69 207 19 69 208 13 69 209 22 70 210 25 70 211 19 70 212 28 71 213 31 71 214 25 71 215 34 72 216 37 72 217 31 72 218 40 73 219 43 73 220 37 73 221 46 74 222 49 74 223 43 74 224 52 75 225 55 75 226 49 75 227 58 76 228 61 76 229 55 76 230 64 77 231 67 77 232 61 77 233 70 78 234 73 78 235 67 78 236 76 79 237 79 79 238 73 79 239 82 80 240 85 80 241 79 80 242 88 81 243 91 81 244 85 81 245 7 82 246 8 82 247 2 82 248 8 83 249 6 83 250 0 83 251 10 84 252 4 84 253 5 84 254 11 85 255 5 85 256 3 85 257 13 86 258 14 86 259 8 86 260 14 87 261 12 87 262 6 87 263 10 88 264 11 88 265 17 88 266 17 89 267 11 89 268 9 89 269 19 90 270 20 90 271 14 90 272 14 91 273 20 91 274 18 91 275 16 92 276 17 92 277 23 92 278 17 93 279 15 93 280 21 93 281 19 94 282 25 94 283 26 94 284 20 95 285 26 95 286 24 95 287 22 96 288 23 96 289 29 96 290 23 97 291 21 97 292 27 97 293 31 98 294 32 98 295 26 98 296 32 99 297 30 99 298 24 99 299 34 100 300 28 100 301 29 100 302 35 101 303 29 101 304 27 101 305 37 102 306 38 102 307 32 102 308 38 103 309 36 103 310 30 103 311 34 104 312 35 104 313 41 104 314 41 105 315 35 105 316 33 105 317 43 106 318 44 106 319 38 106 320 38 107 321 44 107 322 42 107 323 40 108 324 41 108 325 47 108 326 41 109 327 39 109 328 45 109 329 43 110 330 49 110 331 50 110 332 44 111 333 50 111 334 48 111 335 46 112 336 47 112 337 53 112 338 47 113 339 45 113 340 51 113 341 55 114 342 56 114 343 50 114 344 56 115 345 54 115 346 48 115 347 58 116 348 52 116 349 53 116 350 59 117 351 53 117 352 51 117 353 61 118 354 62 118 355 56 118 356 62 119 357 60 119 358 54 119 359 58 120 360 59 120 361 65 120 362 65 121 363 59 121 364 57 121 365 67 122 366 68 122 367 62 122 368 62 123 369 68 123 370 66 123 371 64 124 372 65 124 373 71 124 374 65 125 375 63 125 376 69 125 377 67 126 378 73 126 379 74 126 380 68 127 381 74 127 382 72 127 383 70 128 384 71 128 385 77 128 386 71 129 387 69 129 388 75 129 389 79 130 390 80 130 391 74 130 392 80 131 393 78 131 394 72 131 395 82 132 396 76 132 397 77 132 398 83 133 399 77 133 400 75 133 401 85 134 402 86 134 403 80 134 404 86 135 405 84 135 406 78 135 407 82 136 408 83 136 409 89 136 410 89 137 411 83 137 412 81 137 413 91 138 414 92 138 415 86 138 416 86 139 417 92 139 418 90 139 419 88 140 420 89 140 421 95 140 422 89 141 423 87 141 424 93 141 425 91 142 426 1 142 427 2 142 428 92 143 429 2 143 430 0 143 431 94 144 432 95 144 433 5 144 434 95 145 435 93 145 436 3 145 437 90 146 438 0 146 439 6 146 440 6 147 441 12 147 442 18 147 443 18 148 444 24 148 445 30 148 446 30 149 447 36 149 448 42 149 449 42 150 450 48 150 451 54 150 452 54 151 453 60 151 454 66 151 455 66 152 456 72 152 457 78 152 458 78 153 459 84 153 460 90 153 461 90 154 462 6 154 463 18 154 464 18 155 465 30 155 466 42 155 467 42 156 468 54 156 469 66 156 470 66 157 471 78 157 472 90 157 473 90 158 474 18 158 475 42 158 476 4 159 477 10 159 478 7 159 479 94 160 480 4 160 481 1 160 482 15 161 483 9 161 484 3 161 485 3 162 486 93 162 487 15 162 488 93 163 489 87 163 490 15 163 491 87 164 492 81 164 493 75 164 494 75 165 495 69 165 496 87 165 497 69 166 498 63 166 499 87 166 500 63 167 501 57 167 502 51 167 503 51 168 504 45 168 505 63 168 506 45 169 507 39 169 508 63 169 509 39 170 510 33 170 511 27 170 512 27 171 513 21 171 514 39 171 515 21 172 516 15 172 517 39 172 518 15 173 519 87 173 520 63 173 521 10 174 522 16 174 523 13 174 524 16 175 525 22 175 526 19 175 527 22 176 528 28 176 529 25 176 530 28 177 531 34 177 532 31 177 533 34 178 534 40 178 535 37 178 536 40 179 537 46 179 538 43 179 539 46 180 540 52 180 541 49 180 542 52 181 543 58 181 544 55 181 545 58 182 546 64 182 547 61 182 548 64 183 549 70 183 550 67 183 551 70 184 552 76 184 553 73 184 554 76 185 555 82 185 556 79 185 557 82 186 558 88 186 559 85 186 560 88 187 561 94 187 562 91 187 563</p>
        </triangles>
      </mesh>
    </geometry>
    <geometry id="ericrolph_cannon_car_wash_cannonshape_MuzzleLip_mesh-mesh" name="ericrolph_cannon_car_wash_cannonshape_MuzzleLip_mesh">
      <mesh>
        <source id="ericrolph_cannon_car_wash_cannonshape_MuzzleLip_mesh-mesh-positions">
          <float_array id="ericrolph_cannon_car_wash_cannonshape_MuzzleLip_mesh-mesh-positions-array" count="384">0.108 0 0 0.1038995 0 0.009899437 0.09399998 0 0.01399999 0.08410048 0 0.009899437 0.07999998 0 0 0.08410048 0 -0.009899437 0.09399998 0 -0.01399999 0.1038995 0 -0.009899437 0.09977895 0.0413298 0 0.09599059 0.03976058 0.009899437 0.08684468 0.03597223 0.01399999 0.0776987 0.03218382 0.009899437 0.07391035 0.03061467 0 0.0776987 0.03218382 -0.009899437 0.08684468 0.03597223 -0.01399999 0.09599059 0.03976058 -0.009899437 0.07636749 0.07636749 0 0.07346802 0.07346802 0.009899437 0.066468 0.066468 0.01399999 0.05946803 0.05946803 0.009899437 0.0565685 0.0565685 0 0.05946803 0.05946803 -0.009899437 0.066468 0.066468 -0.01399999 0.07346802 0.07346802 -0.009899437 0.0413298 0.09977895 0 0.03976058 0.09599059 0.009899437 0.03597223 0.08684462 0.01399999 0.03218388 0.0776987 0.009899437 0.03061467 0.07391035 0 0.03218388 0.0776987 -0.009899437 0.03597223 0.08684462 -0.01399999 0.03976058 0.09599059 -0.009899437 0 0.108 0 0 0.1038995 0.009899437 0 0.09399998 0.01399999 0 0.08410048 0.009899437 0 0.07999998 0 0 0.08410048 -0.009899437 0 0.09399998 -0.01399999 0 0.1038995 -0.009899437 -0.0413298 0.09977895 0 -0.03976058 0.09599059 0.009899437 -0.03597223 0.08684462 0.01399999 -0.03218382 0.0776987 0.009899437 -0.03061467 0.07391035 0 -0.03218382 0.0776987 -0.009899437 -0.03597223 0.08684462 -0.01399999 -0.03976058 0.09599059 -0.009899437 -0.07636755 0.07636749 0 -0.07346802 0.07346796 0.009899437 -0.06646806 0.066468 0.01399999 -0.05946803 0.05946797 0.009899437 -0.0565685 0.0565685 0 -0.05946803 0.05946797 -0.009899437 -0.06646806 0.066468 -0.01399999 -0.07346802 0.07346796 -0.009899437 -0.09977895 0.0413298 0 -0.09599059 0.03976058 0.009899437 -0.08684462 0.03597223 0.01399999 -0.0776987 0.03218382 0.009899437 -0.07391035 0.03061467 0 -0.0776987 0.03218382 -0.009899437 -0.08684462 0.03597223 -0.01399999 -0.09599059 0.03976058 -0.009899437 -0.108 0 0 -0.1038995 0 0.009899437 -0.09399998 0 0.01399999 -0.08410048 0 0.009899437 -0.07999998 0 0 -0.08410048 0 -0.009899437 -0.09399998 0 -0.01399999 -0.1038995 0 -0.009899437 -0.099779 -0.04132974 0 -0.09599059 -0.03976052 0.009899437 -0.08684468 -0.03597217 0.01399999 -0.0776987 -0.03218382 0.009899437 -0.07391035 -0.03061461 0 -0.0776987 -0.03218382 -0.009899437 -0.08684468 -0.03597217 -0.01399999 -0.09599059 -0.03976052 -0.009899437 -0.07636755 -0.07636749 0 -0.07346802 -0.07346796 0.009899437 -0.06646806 -0.066468 0.01399999 -0.05946803 -0.05946797 0.009899437 -0.0565685 -0.0565685 0 -0.05946803 -0.05946797 -0.009899437 -0.06646806 -0.066468 -0.01399999 -0.07346802 -0.07346796 -0.009899437 -0.0413298 -0.09977895 0 -0.03976058 -0.09599059 0.009899437 -0.03597223 -0.08684462 0.01399999 -0.03218382 -0.0776987 0.009899437 -0.03061467 -0.07391035 0 -0.03218382 -0.0776987 -0.009899437 -0.03597223 -0.08684462 -0.01399999 -0.03976058 -0.09599059 -0.009899437 0 -0.108 0 0 -0.1038995 0.009899437 0 -0.09399998 0.01399999 0 -0.08410048 0.009899437 0 -0.07999998 0 0 -0.08410048 -0.009899437 0 -0.09399998 -0.01399999 0 -0.1038995 -0.009899437 0.0413298 -0.09977895 0 0.03976058 -0.09599059 0.009899437 0.03597223 -0.08684462 0.01399999 0.03218388 -0.0776987 0.009899437 0.03061467 -0.07391035 0 0.03218388 -0.0776987 -0.009899437 0.03597223 -0.08684462 -0.01399999 0.03976058 -0.09599059 -0.009899437 0.07636749 -0.07636755 0 0.07346796 -0.07346808 0.009899437 0.066468 -0.06646806 0.01399999 0.05946797 -0.05946803 0.009899437 0.0565685 -0.05656856 0 0.05946797 -0.05946803 -0.009899437 0.066468 -0.06646806 -0.01399999 0.07346796 -0.07346808 -0.009899437 0.09977895 -0.0413298 0 0.09599059 -0.03976064 0.009899437 0.08684462 -0.03597223 0.01399999 0.0776987 -0.03218388 0.009899437 0.07391035 -0.03061467 0 0.0776987 -0.03218388 -0.009899437 0.08684462 -0.03597223 -0.01399999 0.09599059 -0.03976064 -0.009899437</float_array>
          <technique_common>
            <accessor source="#ericrolph_cannon_car_wash_cannonshape_MuzzleLip_mesh-mesh-positions-array" count="128" stride="3">
              <param name="X" type="float"/>
              <param name="Y" type="float"/>
              <param name="Z" type="float"/>
            </accessor>
          </technique_common>
        </source>
        <source id="ericrolph_cannon_car_wash_cannonshape_MuzzleLip_mesh-mesh-normals">
          <float_array id="ericrolph_cannon_car_wash_cannonshape_MuzzleLip_mesh-mesh-normals-array" count="768">0.9086634 0.1807444 0.3763803 0.3815795 0.07590085 0.9212145 -0.3815795 -0.07590085 0.9212145 -0.9086635 -0.1807444 0.3763804 -0.9086635 -0.1807444 -0.3763804 -0.3815795 -0.07590085 -0.9212145 0.3815795 0.07590085 -0.9212145 0.9086635 0.1807443 -0.3763804 0.7703277 0.5147166 0.3763802 0.3234874 0.2161474 0.9212145 -0.3234875 -0.2161474 0.9212145 -0.7703278 -0.5147166 0.3763803 -0.7703278 -0.5147166 -0.3763803 -0.3234874 -0.2161474 -0.9212145 0.3234874 0.2161473 -0.9212145 0.7703277 0.5147166 -0.3763803 0.5147166 0.7703277 0.3763802 0.2161474 0.3234873 0.9212145 -0.2161475 -0.3234875 0.9212145 -0.5147166 -0.7703276 0.3763804 -0.5147166 -0.7703276 -0.3763804 -0.2161474 -0.3234874 -0.9212145 0.2161474 0.3234872 -0.9212145 0.5147166 0.7703278 -0.3763802 0.1807446 0.9086635 0.3763803 0.07590097 0.3815796 0.9212145 -0.07590085 -0.3815793 0.9212146 -0.1807445 -0.9086635 0.3763802 -0.1807445 -0.9086635 -0.3763802 -0.07590085 -0.3815793 -0.9212146 0.07590091 0.3815796 -0.9212144 0.1807446 0.9086635 -0.3763802 -0.1807444 0.9086635 0.3763804 -0.07590085 0.3815795 0.9212145 0.07590085 -0.3815795 0.9212145 0.1807445 -0.9086635 0.3763805 0.1807445 -0.9086635 -0.3763804 0.07590085 -0.3815795 -0.9212145 -0.07590091 0.3815795 -0.9212145 -0.1807444 0.9086635 -0.3763804 -0.5147168 0.7703276 0.3763803 -0.2161474 0.3234874 0.9212145 0.2161475 -0.3234875 0.9212145 0.5147166 -0.7703274 0.3763808 0.5147167 -0.7703275 -0.3763807 0.2161476 -0.3234875 -0.9212145 -0.2161474 0.3234874 -0.9212146 -0.5147168 0.7703276 -0.3763803 -0.7703276 0.5147165 0.3763807 -0.3234875 0.2161474 0.9212144 0.3234875 -0.2161473 0.9212145 0.7703278 -0.5147164 0.3763804 0.7703278 -0.5147163 -0.3763804 0.3234875 -0.2161473 -0.9212145 -0.3234876 0.2161474 -0.9212145 -0.7703276 0.5147164 -0.3763806 -0.9086635 0.1807445 0.3763802 -0.3815794 0.07590091 0.9212146 0.3815796 -0.07590091 0.9212145 0.9086633 -0.1807445 0.3763808 0.9086633 -0.1807445 -0.3763808 0.3815796 -0.07590091 -0.9212145 -0.3815794 0.07590091 -0.9212146 -0.9086635 0.1807445 -0.3763802 -0.9086635 -0.1807441 0.3763804 -0.3815795 -0.07590073 0.9212145 0.3815795 0.07590073 0.9212145 0.9086635 0.1807441 0.3763804 0.9086635 0.1807442 -0.3763804 0.3815795 0.07590073 -0.9212145 -0.3815795 -0.07590073 -0.9212145 -0.9086635 -0.1807441 -0.3763803 -0.7703277 -0.5147162 0.3763807 -0.3234876 -0.2161474 0.9212144 0.3234875 0.2161473 0.9212145 0.7703278 0.5147163 0.3763807 0.7703278 0.5147163 -0.3763808 0.3234875 0.2161473 -0.9212145 -0.3234876 -0.2161474 -0.9212144 -0.7703277 -0.5147162 -0.3763806 -0.5147166 -0.7703275 0.3763805 -0.2161475 -0.3234875 0.9212145 0.2161474 0.3234874 0.9212145 0.5147166 0.7703276 0.3763803 0.5147166 0.7703276 -0.3763803 0.2161475 0.3234874 -0.9212145 -0.2161475 -0.3234875 -0.9212145 -0.5147166 -0.7703275 -0.3763806 -0.1807444 -0.9086635 0.3763803 -0.07590085 -0.3815793 0.9212146 0.07590091 0.3815796 0.9212144 0.1807443 0.9086633 0.3763808 0.1807443 0.9086633 -0.3763809 0.07590091 0.3815796 -0.9212144 -0.07590085 -0.3815793 -0.9212146 -0.1807444 -0.9086635 -0.3763803 0.1807445 -0.9086635 0.3763804 0.07590091 -0.3815795 0.9212145 -0.07590091 0.3815795 0.9212145 -0.1807445 0.9086634 0.3763803 -0.1807445 0.9086634 -0.3763803 -0.07590091 0.3815795 -0.9212145 0.07590091 -0.3815795 -0.9212145 0.1807445 -0.9086635 -0.3763804 0.5147163 -0.7703278 0.3763804 0.2161474 -0.3234876 0.9212145 -0.2161473 0.3234874 0.9212146 -0.5147164 0.7703279 0.3763802 -0.5147164 0.7703279 -0.3763803 -0.2161472 0.3234874 -0.9212146 0.2161474 -0.3234876 -0.9212145 0.5147163 -0.7703279 -0.3763803 0.7703276 -0.5147168 0.3763802 0.3234874 -0.2161474 0.9212145 -0.3234873 0.2161475 0.9212145 -0.7703275 0.5147168 0.3763803 -0.7703275 0.5147168 -0.3763803 -0.3234874 0.2161475 -0.9212145 0.3234874 -0.2161474 -0.9212145 0.7703276 -0.5147168 -0.3763802 0.9086633 -0.1807444 0.3763809 0.3815796 -0.07590097 0.9212145 -0.3815793 0.07590091 0.9212145 -0.9086635 0.1807446 0.3763802 -0.9086635 0.1807446 -0.3763803 -0.3815793 0.07590091 -0.9212146 0.3815796 -0.07590097 -0.9212145 0.9086632 -0.1807445 -0.3763808 0.9086636 0.1807443 0.3763802 0.3815794 0.07590079 0.9212146 -0.3815794 -0.07590085 0.9212146 -0.9086636 -0.1807444 0.3763802 -0.9086635 -0.1807444 -0.3763802 -0.3815794 -0.07590085 -0.9212146 0.3815794 0.07590079 -0.9212146 0.9086635 0.1807444 -0.3763802 0.7703278 0.5147166 0.3763802 0.3234874 0.2161474 0.9212145 -0.3234875 -0.2161474 0.9212145 -0.7703277 -0.5147166 0.3763803 -0.7703277 -0.5147166 -0.3763803 -0.3234875 -0.2161474 -0.9212145 0.3234874 0.2161474 -0.9212145 0.7703278 0.5147166 -0.3763802 0.5147166 0.7703277 0.3763803 0.2161475 0.3234875 0.9212145 -0.2161473 -0.3234873 0.9212146 -0.5147166 -0.7703278 0.3763802 -0.5147166 -0.7703278 -0.3763802 -0.2161473 -0.3234873 -0.9212146 0.2161475 0.3234875 -0.9212145 0.5147166 0.7703277 -0.3763803 0.1807445 0.9086635 0.3763804 0.07590085 0.3815795 0.9212145 -0.07590091 -0.3815795 0.9212145 -0.1807445 -0.9086634 0.3763803 -0.1807445 -0.9086634 -0.3763803 -0.07590091 -0.3815795 -0.9212145 0.07590091 0.3815795 -0.9212145 0.1807445 0.9086635 -0.3763804 -0.1807444 0.9086635 0.3763803 -0.07590085 0.3815793 0.9212146 0.07590091 -0.3815796 0.9212145 0.1807443 -0.9086633 0.3763808 0.1807443 -0.9086633 -0.3763808 0.07590091 -0.3815796 -0.9212145 -0.07590085 0.3815793 -0.9212146 -0.1807444 0.9086635 -0.3763803 -0.5147166 0.7703275 0.3763805 -0.2161475 0.3234875 0.9212145 0.2161475 -0.3234874 0.9212145 0.5147166 -0.7703276 0.3763803 0.5147166 -0.7703276 -0.3763803 0.2161474 -0.3234874 -0.9212145 -0.2161475 0.3234875 -0.9212145 -0.5147166 0.7703275 -0.3763805 -0.7703278 0.5147164 0.3763803 -0.3234874 0.2161473 0.9212145 0.3234876 -0.2161474 0.9212144 0.7703276 -0.5147164 0.3763807 0.7703276 -0.5147164 -0.3763807 0.3234876 -0.2161474 -0.9212144 -0.3234874 0.2161473 -0.9212145 -0.7703278 0.5147164 -0.3763803 -0.9086635 0.1807444 0.3763804 -0.3815795 0.07590091 0.9212145 0.3815795 -0.07590091 0.9212145 0.9086635 -0.1807444 0.3763804 0.9086635 -0.1807444 -0.3763804 0.3815795 -0.07590091 -0.9212145 -0.3815795 0.07590091 -0.9212145 -0.9086635 0.1807444 -0.3763804 -0.9086633 -0.1807442 0.3763808 -0.3815796 -0.07590085 0.9212144 0.3815794 0.07590073 0.9212145 0.9086633 0.1807442 0.3763808 0.9086633 0.1807441 -0.3763807 0.3815794 0.07590073 -0.9212145 -0.3815796 -0.07590085 -0.9212144 -0.9086633 -0.1807442 -0.3763808 -0.7703277 -0.5147162 0.3763806 -0.3234876 -0.2161474 0.9212144 0.3234875 0.2161473 0.9212145 0.7703279 0.5147162 0.3763804 0.7703279 0.5147162 -0.3763804 0.3234875 0.2161473 -0.9212145 -0.3234876 -0.2161474 -0.9212144 -0.7703277 -0.5147162 -0.3763806 -0.5147168 -0.7703276 0.3763803 -0.2161474 -0.3234874 0.9212145 0.2161476 0.3234875 0.9212144 0.5147166 0.7703274 0.3763808 0.5147166 0.7703274 -0.3763808 0.2161475 0.3234875 -0.9212145 -0.2161474 -0.3234874 -0.9212145 -0.5147168 -0.7703276 -0.3763803 -0.1807444 -0.9086635 0.3763804 -0.07590085 -0.3815795 0.9212145 0.07590085 0.3815795 0.9212145 0.1807445 0.9086635 0.3763804 0.1807445 0.9086635 -0.3763804 0.07590085 0.3815795 -0.9212145 -0.07590085 -0.3815795 -0.9212145 -0.1807444 -0.9086635 -0.3763804 0.1807446 -0.9086635 0.3763803 0.07590091 -0.3815796 0.9212145 -0.07590085 0.3815793 0.9212146 -0.1807445 0.9086635 0.3763802 -0.1807445 0.9086635 -0.3763802 -0.07590085 0.3815793 -0.9212146 0.07590097 -0.3815796 -0.9212145 0.1807446 -0.9086635 -0.3763803 0.5147164 -0.7703279 0.3763802 0.2161473 -0.3234875 0.9212146 -0.2161473 0.3234874 0.9212145 -0.5147163 0.7703277 0.3763804 -0.5147163 0.7703277 -0.3763804 -0.2161473 0.3234874 -0.9212145 0.2161473 -0.3234875 -0.9212146 0.5147164 -0.7703279 -0.3763802 0.7703273 -0.5147168 0.3763808 0.3234875 -0.2161476 0.9212144 -0.3234872 0.2161474 0.9212146 -0.7703275 0.5147169 0.3763803 -0.7703275 0.5147169 -0.3763803 -0.3234872 0.2161475 -0.9212146 0.3234875 -0.2161476 -0.9212144 0.7703273 -0.5147168 -0.3763808 0.9086634 -0.1807446 0.3763804 0.3815795 -0.07590097 0.9212145 -0.3815795 0.07590097 0.9212145 -0.9086634 0.1807446 0.3763804 -0.9086634 0.1807446 -0.3763804 -0.3815795 0.07590091 -0.9212145 0.3815795 -0.07590097 -0.9212145 0.9086635 -0.1807445 -0.3763804</float_array>
          <technique_common>
            <accessor source="#ericrolph_cannon_car_wash_cannonshape_MuzzleLip_mesh-mesh-normals-array" count="256" stride="3">
              <param name="X" type="float"/>
              <param name="Y" type="float"/>
              <param name="Z" type="float"/>
            </accessor>
          </technique_common>
        </source>
        <source id="ericrolph_cannon_car_wash_cannonshape_MuzzleLip_mesh-mesh-map-0">
          <float_array id="ericrolph_cannon_car_wash_cannonshape_MuzzleLip_mesh-mesh-map-0-array" count="1536">0.5625 0.5 0.5 0.625 0.5 0.5 0.5 0.625 0.5625 0.75 0.5 0.75 0.5625 0.75 0.5 0.875 0.5 0.75 0.5625 0.875 0.5 1 0.5 0.875 0.5625 0 0.5 0.125 0.5 0 0.5 0.125 0.5625 0.25 0.5 0.25 0.5625 0.25 0.5 0.375 0.5 0.25 0.5625 0.375 0.5 0.5 0.5 0.375 0.625 0.5 0.5625 0.625 0.5625 0.5 0.5625 0.625 0.625 0.75 0.5625 0.75 0.625 0.75 0.5625 0.875 0.5625 0.75 0.5625 0.875 0.625 1 0.5625 1 0.625 0 0.5625 0.125 0.5625 0 0.5625 0.125 0.625 0.25 0.5625 0.25 0.625 0.25 0.5625 0.375 0.5625 0.25 0.5625 0.375 0.625 0.5 0.5625 0.5 0.6875 0.5 0.625 0.625 0.625 0.5 0.625 0.625 0.6875 0.75 0.625 0.75 0.6875 0.75 0.625 0.875 0.625 0.75 0.625 0.875 0.6875 1 0.625 1 0.6875 0 0.625 0.125 0.625 0 0.625 0.125 0.6875 0.25 0.625 0.25 0.6875 0.25 0.625 0.375 0.625 0.25 0.6875 0.375 0.625 0.5 0.625 0.375 0.75 0.5 0.6875 0.625 0.6875 0.5 0.75 0.625 0.6875 0.75 0.6875 0.625 0.75 0.75 0.6875 0.875 0.6875 0.75 0.6875 0.875 0.75 1 0.6875 1 0.75 0 0.6875 0.125 0.6875 0 0.6875 0.125 0.75 0.25 0.6875 0.25 0.75 0.25 0.6875 0.375 0.6875 0.25 0.6875 0.375 0.75 0.5 0.6875 0.5 0.75 0.5 0.8125 0.625 0.75 0.625 0.8125 0.625 0.75 0.75 0.75 0.625 0.75 0.75 0.8125 0.875 0.75 0.875 0.75 0.875 0.8125 1 0.75 1 0.8125 0 0.75 0.125 0.75 0 0.8125 0.125 0.75 0.25 0.75 0.125 0.8125 0.25 0.75 0.375 0.75 0.25 0.8125 0.375 0.75 0.5 0.75 0.375 0.8125 0.5 0.875 0.625 0.8125 0.625 0.875 0.625 0.8125 0.75 0.8125 0.625 0.875 0.75 0.8125 0.875 0.8125 0.75 0.875 0.875 0.8125 1 0.8125 0.875 0.8125 0 0.875 0.125 0.8125 0.125 0.875 0.125 0.8125 0.25 0.8125 0.125 0.8125 0.25 0.875 0.375 0.8125 0.375 0.875 0.375 0.8125 0.5 0.8125 0.375 0.875 0.5 0.9375 0.625 0.875 0.625 0.9375 0.625 0.875 0.75 0.875 0.625 0.9375 0.75 0.875 0.875 0.875 0.75 0.875 0.875 0.9375 1 0.875 1 0.9375 0 0.875 0.125 0.875 0 0.875 0.125 0.9375 0.25 0.875 0.25 0.9375 0.25 0.875 0.375 0.875 0.25 0.9375 0.375 0.875 0.5 0.875 0.375 1 0.5 0.9375 0.625 0.9375 0.5 0.9375 0.625 1 0.75 0.9375 0.75 0.9375 0.75 1 0.875 0.9375 0.875 0.9375 0.875 1 1 0.9375 1 1 0 0.9375 0.125 0.9375 0 1 0.125 0.9375 0.25 0.9375 0.125 1 0.25 0.9375 0.375 0.9375 0.25 0.9375 0.375 1 0.5 0.9375 0.5 0.0625 0.5 0 0.625 0 0.5 0 0.625 0.0625 0.75 0 0.75 0 0.75 0.0625 0.875 0 0.875 0.0625 0.875 0 1 0 0.875 0.0625 0 0 0.125 0 0 0.0625 0.125 0 0.25 0 0.125 0.0625 0.25 0 0.375 0 0.25 0 0.375 0.0625 0.5 0 0.5 0.125 0.5 0.0625 0.625 0.0625 0.5 0.0625 0.625 0.125 0.75 0.0625 0.75 0.125 0.75 0.0625 0.875 0.0625 0.75 0.125 0.875 0.0625 1 0.0625 0.875 0.0625 0 0.125 0.125 0.0625 0.125 0.0625 0.125 0.125 0.25 0.0625 0.25 0.125 0.25 0.0625 0.375 0.0625 0.25 0.0625 0.375 0.125 0.5 0.0625 0.5 0.1875 0.5 0.125 0.625 0.125 0.5 0.125 0.625 0.1875 0.75 0.125 0.75 0.1875 0.75 0.125 0.875 0.125 0.75 0.125 0.875 0.1875 1 0.125 1 0.1875 0 0.125 0.125 0.125 0 0.1875 0.125 0.125 0.25 0.125 0.125 0.1875 0.25 0.125 0.375 0.125 0.25 0.125 0.375 0.1875 0.5 0.125 0.5 0.25 0.5 0.1875 0.625 0.1875 0.5 0.25 0.625 0.1875 0.75 0.1875 0.625 0.25 0.75 0.1875 0.875 0.1875 0.75 0.25 0.875 0.1875 1 0.1875 0.875 0.1875 0 0.25 0.125 0.1875 0.125 0.1875 0.125 0.25 0.25 0.1875 0.25 0.25 0.25 0.1875 0.375 0.1875 0.25 0.1875 0.375 0.25 0.5 0.1875 0.5 0.25 0.5 0.3125 0.625 0.25 0.625 0.3125 0.625 0.25 0.75 0.25 0.625 0.25 0.75 0.3125 0.875 0.25 0.875 0.3125 0.875 0.25 1 0.25 0.875 0.25 0 0.3125 0.125 0.25 0.125 0.3125 0.125 0.25 0.25 0.25 0.125 0.3125 0.25 0.25 0.375 0.25 0.25 0.3125 0.375 0.25 0.5 0.25 0.375 0.3125 0.5 0.375 0.625 0.3125 0.625 0.3125 0.625 0.375 0.75 0.3125 0.75 0.375 0.75 0.3125 0.875 0.3125 0.75 0.375 0.875 0.3125 1 0.3125 0.875 0.3125 0 0.375 0.125 0.3125 0.125 0.375 0.125 0.3125 0.25 0.3125 0.125 0.375 0.25 0.3125 0.375 0.3125 0.25 0.375 0.375 0.3125 0.5 0.3125 0.375 0.375 0.5 0.4375 0.625 0.375 0.625 0.4375 0.625 0.375 0.75 0.375 0.625 0.4375 0.75 0.375 0.875 0.375 0.75 0.4375 0.875 0.375 1 0.375 0.875 0.375 0 0.4375 0.125 0.375 0.125 0.4375 0.125 0.375 0.25 0.375 0.125 0.375 0.25 0.4375 0.375 0.375 0.375 0.4375 0.375 0.375 0.5 0.375 0.375 0.5 0.5 0.4375 0.625 0.4375 0.5 0.4375 0.625 0.5 0.75 0.4375 0.75 0.5 0.75 0.4375 0.875 0.4375 0.75 0.5 0.875 0.4375 1 0.4375 0.875 0.5 0 0.4375 0.125 0.4375 0 0.5 0.125 0.4375 0.25 0.4375 0.125 0.5 0.25 0.4375 0.375 0.4375 0.25 0.5 0.375 0.4375 0.5 0.4375 0.375 0.5625 0.5 0.5625 0.625 0.5 0.625 0.5 0.625 0.5625 0.625 0.5625 0.75 0.5625 0.75 0.5625 0.875 0.5 0.875 0.5625 0.875 0.5625 1 0.5 1 0.5625 0 0.5625 0.125 0.5 0.125 0.5 0.125 0.5625 0.125 0.5625 0.25 0.5625 0.25 0.5625 0.375 0.5 0.375 0.5625 0.375 0.5625 0.5 0.5 0.5 0.625 0.5 0.625 0.625 0.5625 0.625 0.5625 0.625 0.625 0.625 0.625 0.75 0.625 0.75 0.625 0.875 0.5625 0.875 0.5625 0.875 0.625 0.875 0.625 1 0.625 0 0.625 0.125 0.5625 0.125 0.5625 0.125 0.625 0.125 0.625 0.25 0.625 0.25 0.625 0.375 0.5625 0.375 0.5625 0.375 0.625 0.375 0.625 0.5 0.6875 0.5 0.6875 0.625 0.625 0.625 0.625 0.625 0.6875 0.625 0.6875 0.75 0.6875 0.75 0.6875 0.875 0.625 0.875 0.625 0.875 0.6875 0.875 0.6875 1 0.6875 0 0.6875 0.125 0.625 0.125 0.625 0.125 0.6875 0.125 0.6875 0.25 0.6875 0.25 0.6875 0.375 0.625 0.375 0.6875 0.375 0.6875 0.5 0.625 0.5 0.75 0.5 0.75 0.625 0.6875 0.625 0.75 0.625 0.75 0.75 0.6875 0.75 0.75 0.75 0.75 0.875 0.6875 0.875 0.6875 0.875 0.75 0.875 0.75 1 0.75 0 0.75 0.125 0.6875 0.125 0.6875 0.125 0.75 0.125 0.75 0.25 0.75 0.25 0.75 0.375 0.6875 0.375 0.6875 0.375 0.75 0.375 0.75 0.5 0.75 0.5 0.8125 0.5 0.8125 0.625 0.8125 0.625 0.8125 0.75 0.75 0.75 0.75 0.75 0.8125 0.75 0.8125 0.875 0.75 0.875 0.8125 0.875 0.8125 1 0.8125 0 0.8125 0.125 0.75 0.125 0.8125 0.125 0.8125 0.25 0.75 0.25 0.8125 0.25 0.8125 0.375 0.75 0.375 0.8125 0.375 0.8125 0.5 0.75 0.5 0.8125 0.5 0.875 0.5 0.875 0.625 0.875 0.625 0.875 0.75 0.8125 0.75 0.875 0.75 0.875 0.875 0.8125 0.875 0.875 0.875 0.875 1 0.8125 1 0.8125 0 0.875 0 0.875 0.125 0.875 0.125 0.875 0.25 0.8125 0.25 0.8125 0.25 0.875 0.25 0.875 0.375 0.875 0.375 0.875 0.5 0.8125 0.5 0.875 0.5 0.9375 0.5 0.9375 0.625 0.9375 0.625 0.9375 0.75 0.875 0.75 0.9375 0.75 0.9375 0.875 0.875 0.875 0.875 0.875 0.9375 0.875 0.9375 1 0.9375 0 0.9375 0.125 0.875 0.125 0.875 0.125 0.9375 0.125 0.9375 0.25 0.9375 0.25 0.9375 0.375 0.875 0.375 0.9375 0.375 0.9375 0.5 0.875 0.5 1 0.5 1 0.625 0.9375 0.625 0.9375 0.625 1 0.625 1 0.75 0.9375 0.75 1 0.75 1 0.875 0.9375 0.875 1 0.875 1 1 1 0 1 0.125 0.9375 0.125 1 0.125 1 0.25 0.9375 0.25 1 0.25 1 0.375 0.9375 0.375 0.9375 0.375 1 0.375 1 0.5 0.0625 0.5 0.0625 0.625 0 0.625 0 0.625 0.0625 0.625 0.0625 0.75 0 0.75 0.0625 0.75 0.0625 0.875 0.0625 0.875 0.0625 1 0 1 0.0625 0 0.0625 0.125 0 0.125 0.0625 0.125 0.0625 0.25 0 0.25 0.0625 0.25 0.0625 0.375 0 0.375 0 0.375 0.0625 0.375 0.0625 0.5 0.125 0.5 0.125 0.625 0.0625 0.625 0.0625 0.625 0.125 0.625 0.125 0.75 0.125 0.75 0.125 0.875 0.0625 0.875 0.125 0.875 0.125 1 0.0625 1 0.0625 0 0.125 0 0.125 0.125 0.0625 0.125 0.125 0.125 0.125 0.25 0.125 0.25 0.125 0.375 0.0625 0.375 0.0625 0.375 0.125 0.375 0.125 0.5 0.1875 0.5 0.1875 0.625 0.125 0.625 0.125 0.625 0.1875 0.625 0.1875 0.75 0.1875 0.75 0.1875 0.875 0.125 0.875 0.125 0.875 0.1875 0.875 0.1875 1 0.1875 0 0.1875 0.125 0.125 0.125 0.1875 0.125 0.1875 0.25 0.125 0.25 0.1875 0.25 0.1875 0.375 0.125 0.375 0.125 0.375 0.1875 0.375 0.1875 0.5 0.25 0.5 0.25 0.625 0.1875 0.625 0.25 0.625 0.25 0.75 0.1875 0.75 0.25 0.75 0.25 0.875 0.1875 0.875 0.25 0.875 0.25 1 0.1875 1 0.1875 0 0.25 0 0.25 0.125 0.1875 0.125 0.25 0.125 0.25 0.25 0.25 0.25 0.25 0.375 0.1875 0.375 0.1875 0.375 0.25 0.375 0.25 0.5 0.25 0.5 0.3125 0.5 0.3125 0.625 0.3125 0.625 0.3125 0.75 0.25 0.75 0.25 0.75 0.3125 0.75 0.3125 0.875 0.3125 0.875 0.3125 1 0.25 1 0.25 0 0.3125 0 0.3125 0.125 0.3125 0.125 0.3125 0.25 0.25 0.25 0.3125 0.25 0.3125 0.375 0.25 0.375 0.3125 0.375 0.3125 0.5 0.25 0.5 0.3125 0.5 0.375 0.5 0.375 0.625 0.3125 0.625 0.375 0.625 0.375 0.75 0.375 0.75 0.375 0.875 0.3125 0.875 0.375 0.875 0.375 1 0.3125 1 0.3125 0 0.375 0 0.375 0.125 0.375 0.125 0.375 0.25 0.3125 0.25 0.375 0.25 0.375 0.375 0.3125 0.375 0.375 0.375 0.375 0.5 0.3125 0.5 0.375 0.5 0.4375 0.5 0.4375 0.625 0.4375 0.625 0.4375 0.75 0.375 0.75 0.4375 0.75 0.4375 0.875 0.375 0.875 0.4375 0.875 0.4375 1 0.375 1 0.375 0 0.4375 0 0.4375 0.125 0.4375 0.125 0.4375 0.25 0.375 0.25 0.375 0.25 0.4375 0.25 0.4375 0.375 0.4375 0.375 0.4375 0.5 0.375 0.5 0.5 0.5 0.5 0.625 0.4375 0.625 0.4375 0.625 0.5 0.625 0.5 0.75 0.5 0.75 0.5 0.875 0.4375 0.875 0.5 0.875 0.5 1 0.4375 1 0.5 0 0.5 0.125 0.4375 0.125 0.5 0.125 0.5 0.25 0.4375 0.25 0.5 0.25 0.5 0.375 0.4375 0.375 0.5 0.375 0.5 0.5 0.4375 0.5</float_array>
          <technique_common>
            <accessor source="#ericrolph_cannon_car_wash_cannonshape_MuzzleLip_mesh-mesh-map-0-array" count="768" stride="2">
              <param name="S" type="float"/>
              <param name="T" type="float"/>
            </accessor>
          </technique_common>
        </source>
        <vertices id="ericrolph_cannon_car_wash_cannonshape_MuzzleLip_mesh-mesh-vertices">
          <input semantic="POSITION" source="#ericrolph_cannon_car_wash_cannonshape_MuzzleLip_mesh-mesh-positions"/>
        </vertices>
        <triangles material="ericrolph_cannon_car_wash_attract_cannon-material" count="256">
          <input semantic="VERTEX" source="#ericrolph_cannon_car_wash_cannonshape_MuzzleLip_mesh-mesh-vertices" offset="0"/>
          <input semantic="NORMAL" source="#ericrolph_cannon_car_wash_cannonshape_MuzzleLip_mesh-mesh-normals" offset="1"/>
          <input semantic="TEXCOORD" source="#ericrolph_cannon_car_wash_cannonshape_MuzzleLip_mesh-mesh-map-0" offset="2" set="0"/>
          <p>8 0 0 1 0 1 0 0 2 1 1 3 10 1 4 2 1 5 10 2 6 3 2 7 2 2 8 11 3 9 4 3 10 3 3 11 12 4 12 5 4 13 4 4 14 5 5 15 14 5 16 6 5 17 14 6 18 7 6 19 6 6 20 15 7 21 0 7 22 7 7 23 16 8 24 9 8 25 8 8 26 9 9 27 18 9 28 10 9 29 18 10 30 11 10 31 10 10 32 11 11 33 20 11 34 12 11 35 20 12 36 13 12 37 12 12 38 13 13 39 22 13 40 14 13 41 22 14 42 15 14 43 14 14 44 15 15 45 16 15 46 8 15 47 24 16 48 17 16 49 16 16 50 17 17 51 26 17 52 18 17 53 26 18 54 19 18 55 18 18 56 19 19 57 28 19 58 20 19 59 28 20 60 21 20 61 20 20 62 21 21 63 30 21 64 22 21 65 30 22 66 23 22 67 22 22 68 31 23 69 16 23 70 23 23 71 32 24 72 25 24 73 24 24 74 33 25 75 26 25 76 25 25 77 34 26 78 27 26 79 26 26 80 27 27 81 36 27 82 28 27 83 36 28 84 29 28 85 28 28 86 29 29 87 38 29 88 30 29 89 38 30 90 31 30 91 30 30 92 31 31 93 32 31 94 24 31 95 32 32 96 41 32 97 33 32 98 41 33 99 34 33 100 33 33 101 34 34 102 43 34 103 35 34 104 35 35 105 44 35 106 36 35 107 44 36 108 37 36 109 36 36 110 45 37 111 38 37 112 37 37 113 46 38 114 39 38 115 38 38 116 47 39 117 32 39 118 39 39 119 40 40 120 49 40 121 41 40 122 49 41 123 42 41 124 41 41 125 50 42 126 43 42 127 42 42 128 51 43 129 44 43 130 43 43 131 44 44 132 53 44 133 45 44 134 53 45 135 46 45 136 45 45 137 46 46 138 55 46 139 47 46 140 55 47 141 40 47 142 47 47 143 48 48 144 57 48 145 49 48 146 57 49 147 50 49 148 49 49 149 58 50 150 51 50 151 50 50 152 51 51 153 60 51 154 52 51 155 60 52 156 53 52 157 52 52 158 53 53 159 62 53 160 54 53 161 62 54 162 55 54 163 54 54 164 63 55 165 48 55 166 55 55 167 64 56 168 57 56 169 56 56 170 57 57 171 66 57 172 58 57 173 58 58 174 67 58 175 59 58 176 59 59 177 68 59 178 60 59 179 68 60 180 61 60 181 60 60 182 69 61 183 62 61 184 61 61 185 70 62 186 63 62 187 62 62 188 63 63 189 64 63 190 56 63 191 72 64 192 65 64 193 64 64 194 65 65 195 74 65 196 66 65 197 66 66 198 75 66 199 67 66 200 75 67 201 68 67 202 67 67 203 76 68 204 69 68 205 68 68 206 77 69 207 70 69 208 69 69 209 78 70 210 71 70 211 70 70 212 71 71 213 72 71 214 64 71 215 80 72 216 73 72 217 72 72 218 73 73 219 82 73 220 74 73 221 82 74 222 75 74 223 74 74 224 83 75 225 76 75 226 75 75 227 76 76 228 85 76 229 77 76 230 77 77 231 86 77 232 78 77 233 86 78 234 79 78 235 78 78 236 79 79 237 80 79 238 72 79 239 88 80 240 81 80 241 80 80 242 81 81 243 90 81 244 82 81 245 90 82 246 83 82 247 82 82 248 83 83 249 92 83 250 84 83 251 92 84 252 85 84 253 84 84 254 93 85 255 86 85 256 85 85 257 94 86 258 87 86 259 86 86 260 87 87 261 88 87 262 80 87 263 96 88 264 89 88 265 88 88 266 97 89 267 90 89 268 89 89 269 98 90 270 91 90 271 90 90 272 99 91 273 92 91 274 91 91 275 92 92 276 101 92 277 93 92 278 93 93 279 102 93 280 94 93 281 102 94 282 95 94 283 94 94 284 95 95 285 96 95 286 88 95 287 96 96 288 105 96 289 97 96 290 105 97 291 98 97 292 97 97 293 98 98 294 107 98 295 99 98 296 107 99 297 100 99 298 99 99 299 100 100 300 109 100 301 101 100 302 109 101 303 102 101 304 101 101 305 110 102 306 103 102 307 102 102 308 111 103 309 96 103 310 103 103 311 104 104 312 113 104 313 105 104 314 105 105 315 114 105 316 106 105 317 114 106 318 107 106 319 106 106 320 115 107 321 108 107 322 107 107 323 108 108 324 117 108 325 109 108 326 117 109 327 110 109 328 109 109 329 118 110 330 111 110 331 110 110 332 119 111 333 104 111 334 111 111 335 112 112 336 121 112 337 113 112 338 121 113 339 114 113 340 113 113 341 122 114 342 115 114 343 114 114 344 123 115 345 116 115 346 115 115 347 116 116 348 125 116 349 117 116 350 125 117 351 118 117 352 117 117 353 118 118 354 127 118 355 119 118 356 127 119 357 112 119 358 119 119 359 0 120 360 121 120 361 120 120 362 121 121 363 2 121 364 122 121 365 2 122 366 123 122 367 122 122 368 3 123 369 124 123 370 123 123 371 4 124 372 125 124 373 124 124 374 5 125 375 126 125 376 125 125 377 6 126 378 127 126 379 126 126 380 7 127 381 120 127 382 127 127 383 8 128 384 9 128 385 1 128 386 1 129 387 9 129 388 10 129 389 10 130 390 11 130 391 3 130 392 11 131 393 12 131 394 4 131 395 12 132 396 13 132 397 5 132 398 5 133 399 13 133 400 14 133 401 14 134 402 15 134 403 7 134 404 15 135 405 8 135 406 0 135 407 16 136 408 17 136 409 9 136 410 9 137 411 17 137 412 18 137 413 18 138 414 19 138 415 11 138 416 11 139 417 19 139 418 20 139 419 20 140 420 21 140 421 13 140 422 13 141 423 21 141 424 22 141 425 22 142 426 23 142 427 15 142 428 15 143 429 23 143 430 16 143 431 24 144 432 25 144 433 17 144 434 17 145 435 25 145 436 26 145 437 26 146 438 27 146 439 19 146 440 19 147 441 27 147 442 28 147 443 28 148 444 29 148 445 21 148 446 21 149 447 29 149 448 30 149 449 30 150 450 31 150 451 23 150 452 31 151 453 24 151 454 16 151 455 32 152 456 33 152 457 25 152 458 33 153 459 34 153 460 26 153 461 34 154 462 35 154 463 27 154 464 27 155 465 35 155 466 36 155 467 36 156 468 37 156 469 29 156 470 29 157 471 37 157 472 38 157 473 38 158 474 39 158 475 31 158 476 31 159 477 39 159 478 32 159 479 32 160 480 40 160 481 41 160 482 41 161 483 42 161 484 34 161 485 34 162 486 42 162 487 43 162 488 35 163 489 43 163 490 44 163 491 44 164 492 45 164 493 37 164 494 45 165 495 46 165 496 38 165 497 46 166 498 47 166 499 39 166 500 47 167 501 40 167 502 32 167 503 40 168 504 48 168 505 49 168 506 49 169 507 50 169 508 42 169 509 50 170 510 51 170 511 43 170 512 51 171 513 52 171 514 44 171 515 44 172 516 52 172 517 53 172 518 53 173 519 54 173 520 46 173 521 46 174 522 54 174 523 55 174 524 55 175 525 48 175 526 40 175 527 48 176 528 56 176 529 57 176 530 57 177 531 58 177 532 50 177 533 58 178 534 59 178 535 51 178 536 51 179 537 59 179 538 60 179 539 60 180 540 61 180 541 53 180 542 53 181 543 61 181 544 62 181 545 62 182 546 63 182 547 55 182 548 63 183 549 56 183 550 48 183 551 64 184 552 65 184 553 57 184 554 57 185 555 65 185 556 66 185 557 58 186 558 66 186 559 67 186 560 59 187 561 67 187 562 68 187 563 68 188 564 69 188 565 61 188 566 69 189 567 70 189 568 62 189 569 70 190 570 71 190 571 63 190 572 63 191 573 71 191 574 64 191 575 72 192 576 73 192 577 65 192 578 65 193 579 73 193 580 74 193 581 66 194 582 74 194 583 75 194 584 75 195 585 76 195 586 68 195 587 76 196 588 77 196 589 69 196 590 77 197 591 78 197 592 70 197 593 78 198 594 79 198 595 71 198 596 71 199 597 79 199 598 72 199 599 80 200 600 81 200 601 73 200 602 73 201 603 81 201 604 82 201 605 82 202 606 83 202 607 75 202 608 83 203 609 84 203 610 76 203 611 76 204 612 84 204 613 85 204 614 77 205 615 85 205 616 86 205 617 86 206 618 87 206 619 79 206 620 79 207 621 87 207 622 80 207 623 88 208 624 89 208 625 81 208 626 81 209 627 89 209 628 90 209 629 90 210 630 91 210 631 83 210 632 83 211 633 91 211 634 92 211 635 92 212 636 93 212 637 85 212 638 93 213 639 94 213 640 86 213 641 94 214 642 95 214 643 87 214 644 87 215 645 95 215 646 88 215 647 96 216 648 97 216 649 89 216 650 97 217 651 98 217 652 90 217 653 98 218 654 99 218 655 91 218 656 99 219 657 100 219 658 92 219 659 92 220 660 100 220 661 101 220 662 93 221 663 101 221 664 102 221 665 102 222 666 103 222 667 95 222 668 95 223 669 103 223 670 96 223 671 96 224 672 104 224 673 105 224 674 105 225 675 106 225 676 98 225 677 98 226 678 106 226 679 107 226 680 107 227 681 108 227 682 100 227 683 100 228 684 108 228 685 109 228 686 109 229 687 110 229 688 102 229 689 110 230 690 111 230 691 103 230 692 111 231 693 104 231 694 96 231 695 104 232 696 112 232 697 113 232 698 105 233 699 113 233 700 114 233 701 114 234 702 115 234 703 107 234 704 115 235 705 116 235 706 108 235 707 108 236 708 116 236 709 117 236 710 117 237 711 118 237 712 110 237 713 118 238 714 119 238 715 111 238 716 119 239 717 112 239 718 104 239 719 112 240 720 120 240 721 121 240 722 121 241 723 122 241 724 114 241 725 122 242 726 123 242 727 115 242 728 123 243 729 124 243 730 116 243 731 116 244 732 124 244 733 125 244 734 125 245 735 126 245 736 118 245 737 118 246 738 126 246 739 127 246 740 127 247 741 120 247 742 112 247 743 0 248 744 1 248 745 121 248 746 121 249 747 1 249 748 2 249 749 2 250 750 3 250 751 123 250 752 3 251 753 4 251 754 124 251 755 4 252 756 5 252 757 125 252 758 5 253 759 6 253 760 126 253 761 6 254 762 7 254 763 127 254 764 7 255 765 0 255 766 120 255 767</p>
        </triangles>
      </mesh>
    </geometry>
  </library_geometries>
  <library_visual_scenes>
    <visual_scene id="ericrolph_cannon_car_wash_scene" name="ericrolph_cannon_car_wash_scene">
      <node id="ericrolph_cannon_car_wash_cannonshape_Barrel" name="ericrolph_cannon_car_wash_cannonshape_Barrel" type="NODE">
        <matrix sid="transform">1 0 0 0 0 1 0 0 0 0 1 0.4 0 0 0 1</matrix>
        <instance_geometry url="#ericrolph_cannon_car_wash_cannonshape_Barrel_mesh-mesh" name="ericrolph_cannon_car_wash_cannonshape_Barrel">
          <bind_material>
            <technique_common>
              <instance_material symbol="ericrolph_cannon_car_wash_attract_cannon-material" target="#ericrolph_cannon_car_wash_attract_cannon-material">
                <bind_vertex_input semantic="UVMap" input_semantic="TEXCOORD" input_set="0"/>
              </instance_material>
            </technique_common>
          </bind_material>
        </instance_geometry>
      </node>
      <node id="ericrolph_cannon_car_wash_cannonshape_Bore" name="ericrolph_cannon_car_wash_cannonshape_Bore" type="NODE">
        <matrix sid="transform">1 0 0 0 0 1 0 0 0 0 1 0.868 0 0 0 1</matrix>
        <instance_geometry url="#ericrolph_cannon_car_wash_cannonshape_Bore_mesh-mesh" name="ericrolph_cannon_car_wash_cannonshape_Bore">
          <bind_material>
            <technique_common>
              <instance_material symbol="ericrolph_cannon_car_wash_rubber-material" target="#ericrolph_cannon_car_wash_rubber-material">
                <bind_vertex_input semantic="UVMap" input_semantic="TEXCOORD" input_set="0"/>
              </instance_material>
            </technique_common>
          </bind_material>
        </instance_geometry>
      </node>
      <node id="ericrolph_cannon_car_wash_cannonshape_Breech" name="ericrolph_cannon_car_wash_cannonshape_Breech" type="NODE">
        <matrix sid="transform">1 0 0 0 0 1 0 0 0 0 1 0.03 0 0 0 1</matrix>
        <instance_geometry url="#ericrolph_cannon_car_wash_cannonshape_Breech_mesh-mesh" name="ericrolph_cannon_car_wash_cannonshape_Breech">
          <bind_material>
            <technique_common>
              <instance_material symbol="ericrolph_cannon_car_wash_attract_cannon-material" target="#ericrolph_cannon_car_wash_attract_cannon-material">
                <bind_vertex_input semantic="UVMap" input_semantic="TEXCOORD" input_set="0"/>
              </instance_material>
            </technique_common>
          </bind_material>
        </instance_geometry>
      </node>
      <node id="ericrolph_cannon_car_wash_cannonshape_Muzzle" name="ericrolph_cannon_car_wash_cannonshape_Muzzle" type="NODE">
        <matrix sid="transform">1 0 0 0 0 1 0 0 0 0 1 0.825 0 0 0 1</matrix>
        <instance_geometry url="#ericrolph_cannon_car_wash_cannonshape_Muzzle_mesh-mesh" name="ericrolph_cannon_car_wash_cannonshape_Muzzle">
          <bind_material>
            <technique_common>
              <instance_material symbol="ericrolph_cannon_car_wash_attract_cannon-material" target="#ericrolph_cannon_car_wash_attract_cannon-material">
                <bind_vertex_input semantic="UVMap" input_semantic="TEXCOORD" input_set="0"/>
              </instance_material>
            </technique_common>
          </bind_material>
        </instance_geometry>
      </node>
      <node id="ericrolph_cannon_car_wash_cannonshape_MuzzleLip" name="ericrolph_cannon_car_wash_cannonshape_MuzzleLip" type="NODE">
        <matrix sid="transform">1 0 0 0 0 1 0 0 0 0 1 0.872 0 0 0 1</matrix>
        <instance_geometry url="#ericrolph_cannon_car_wash_cannonshape_MuzzleLip_mesh-mesh" name="ericrolph_cannon_car_wash_cannonshape_MuzzleLip">
          <bind_material>
            <technique_common>
              <instance_material symbol="ericrolph_cannon_car_wash_attract_cannon-material" target="#ericrolph_cannon_car_wash_attract_cannon-material">
                <bind_vertex_input semantic="UVMap" input_semantic="TEXCOORD" input_set="0"/>
              </instance_material>
            </technique_common>
          </bind_material>
        </instance_geometry>
      </node>
    </visual_scene>
  </library_visual_scenes>
  <scene>
    <instance_visual_scene url="#ericrolph_cannon_car_wash_scene"/>
  </scene>
</COLLADA>