<?xml version="1.0" encoding="utf-8"?>
<COLLADA xmlns="http://www.collada.org/2005/11/COLLADASchema" version="1.4.1" xmlns:xsi="http://www.w3.org/2001/XMLSchema-instance">
  <asset>
    <contributor>
      <author>Blender User</author>
      <authoring_tool>Blender 4.5.4 LTS commit date:2025-10-27, commit time:12:46, hash:b3efe983cc58</authoring_tool>
    </contributor>
    <created>2026-08-05T20:42:21</created>
    <modified>2026-08-05T20:42:21</modified>
    <unit name="meter" meter="1"/>
    <up_axis>Z_UP</up_axis>
  </asset>
  <library_effects>
    <effect id="ericrolph_cannon_car_wash_carriage_oak-effect">
      <profile_COMMON>
        <technique sid="common">
          <lambert>
            <emission>
              <color sid="emission">0 0 0 1</color>
            </emission>
            <diffuse>
              <color sid="diffuse">0.36 0.24 0.13 1</color>
            </diffuse>
            <index_of_refraction>
              <float sid="ior">1.5</float>
            </index_of_refraction>
          </lambert>
        </technique>
      </profile_COMMON>
    </effect>
    <effect id="ericrolph_cannon_car_wash_attract_iron-effect">
      <profile_COMMON>
        <technique sid="common">
          <lambert>
            <emission>
              <color sid="emission">0 0 0 1</color>
            </emission>
            <diffuse>
              <color sid="diffuse">0.016 0.017 0.02 1</color>
            </diffuse>
            <index_of_refraction>
              <float sid="ior">1.5</float>
            </index_of_refraction>
          </lambert>
        </technique>
      </profile_COMMON>
    </effect>
  </library_effects>
  <library_images/>
  <library_materials>
    <material id="ericrolph_cannon_car_wash_carriage_oak-material" name="ericrolph_cannon_car_wash_carriage_oak">
      <instance_effect url="#ericrolph_cannon_car_wash_carriage_oak-effect"/>
    </material>
    <material id="ericrolph_cannon_car_wash_attract_iron-material" name="ericrolph_cannon_car_wash_attract_iron">
      <instance_effect url="#ericrolph_cannon_car_wash_attract_iron-effect"/>
    </material>
  </library_materials>
  <library_geometries>
    <geometry id="ericrolph_cannon_car_wash_carriage_Axletree_Front_mesh-mesh" name="ericrolph_cannon_car_wash_carriage_Axletree_Front_mesh">
      <mesh>
        <source id="ericrolph_cannon_car_wash_carriage_Axletree_Front_mesh-mesh-positions">
          <float_array id="ericrolph_cannon_car_wash_carriage_Axletree_Front_mesh-mesh-positions-array" count="168">-0.144 -0.02149999 -0.02499997 -0.144 -0.02749997 -0.01899999 -0.15 -0.02149999 -0.01899999 -0.144 -0.02574259 -0.02324259 -0.1474641 -0.02496409 -0.02246409 -0.1482426 -0.02574259 -0.01899999 -0.1482426 -0.02149999 -0.02324259 -0.144 -0.02749997 0.01899999 -0.144 -0.02149999 0.02499997 -0.15 -0.02149999 0.01899999 -0.144 -0.02574259 0.02324259 -0.1474641 -0.02496409 0.02246409 -0.1482426 -0.02149999 0.02324259 -0.1482426 -0.02574259 0.01899999 -0.144 0.02149999 -0.02499997 -0.15 0.02149999 -0.01899999 -0.144 0.02749997 -0.01899999 -0.1482426 0.02149999 -0.02324259 -0.1474641 0.02496409 -0.02246409 -0.1482426 0.02574259 -0.01899999 -0.144 0.02574259 -0.02324259 -0.144 0.02149999 0.02499997 -0.144 0.02749997 0.01899999 -0.15 0.02149999 0.01899999 -0.144 0.02574259 0.02324259 -0.1474641 0.02496409 0.02246409 -0.1482426 0.02574259 0.01899999 -0.1482426 0.02149999 0.02324259 0.144 -0.02149999 -0.02499997 0.15 -0.02149999 -0.01899999 0.144 -0.02749997 -0.01899999 0.1482426 -0.02149999 -0.02324259 0.1474641 -0.02496409 -0.02246409 0.1482426 -0.02574259 -0.01899999 0.144 -0.02574259 -0.02324259 0.144 -0.02149999 0.02499997 0.144 -0.02749997 0.01899999 0.15 -0.02149999 0.01899999 0.144 -0.02574259 0.02324259 0.1474641 -0.02496409 0.02246409 0.1482426 -0.02574259 0.01899999 0.1482426 -0.02149999 0.02324259 0.144 0.02149999 -0.02499997 0.144 0.02749997 -0.01899999 0.15 0.02149999 -0.01899999 0.144 0.02574259 -0.02324259 0.1474641 0.02496409 -0.02246409 0.1482426 0.02574259 -0.01899999 0.1482426 0.02149999 -0.02324259 0.144 0.02149999 0.02499997 0.15 0.02149999 0.01899999 0.144 0.02749997 0.01899999 0.1482426 0.02149999 0.02324259 0.1474641 0.02496409 0.02246409 0.1482426 0.02574259 0.01899999 0.144 0.02574259 0.02324259</float_array>
          <technique_common>
            <accessor source="#ericrolph_cannon_car_wash_carriage_Axletree_Front_mesh-mesh-positions-array" count="56" stride="3">
              <param name="X" type="float"/>
              <param name="Y" type="float"/>
              <param name="Z" type="float"/>
            </accessor>
          </technique_common>
        </source>
        <source id="ericrolph_cannon_car_wash_carriage_Axletree_Front_mesh-mesh-normals">
          <float_array id="ericrolph_cannon_car_wash_carriage_Axletree_Front_mesh-mesh-normals-array" count="324">-0.36718 -0.2817475 -0.886452 -0.2817473 -0.886452 -0.3671801 -0.8864523 -0.3671791 -0.2817478 -0.3671798 -0.8864521 0.2817476 -0.2817473 -0.3671802 0.886452 -0.8864523 -0.2817476 0.3671793 -0.2817473 0.3671802 -0.886452 -0.8864523 0.2817476 -0.3671793 -0.3671798 0.8864521 -0.2817476 -0.36718 0.2817475 0.886452 -0.2817473 0.886452 0.3671801 -0.8864523 0.3671791 0.2817478 0.2817473 -0.3671802 -0.886452 0.8864523 -0.2817476 -0.3671793 0.3671798 -0.8864521 -0.2817476 0.36718 -0.2817475 0.886452 0.2817473 -0.886452 0.3671801 0.8864523 -0.3671791 0.2817478 0.36718 0.2817475 -0.886452 0.2817473 0.886452 -0.3671801 0.8864523 0.3671791 -0.2817478 0.2817473 0.3671802 0.886452 0.8864523 0.2817476 0.3671793 0.3671798 0.8864521 0.2817476 -0.3826832 0 -0.9238796 -0.92388 0 -0.3826824 -0.3826828 -0.9238798 0 -0.9238801 -0.3826822 0 -0.3826832 0 0.9238796 -0.92388 0 0.3826824 -0.3826828 0.9238798 0 -0.9238801 0.3826822 0 0 0.3826832 -0.9238797 0 0.9238797 -0.3826831 0 0.3826832 0.9238797 0 0.9238797 0.3826831 0.9238801 0.3826822 0 0.3826828 0.9238798 0 0.3826832 0 -0.9238796 0.92388 0 -0.3826824 0.3826832 0 0.9238796 0.92388 0 0.3826824 0.3826828 -0.9238798 0 0.9238801 -0.3826822 0 0 -0.3826832 -0.9238797 0 -0.9238797 -0.3826831 0 -0.3826832 0.9238797 0 -0.9238797 0.3826831 0 0 -1 -1 0 0 0 -1 0 0 0 1 0 1 0 1 0 0 -0.2817473 -0.3671801 -0.886452 -0.3671798 -0.8864521 -0.2817476 -0.8864523 -0.2817476 -0.3671793 -0.2817473 -0.886452 0.3671801 -0.36718 -0.2817475 0.886452 -0.8864523 -0.3671791 0.2817478 -0.36718 0.2817475 -0.886452 -0.8864523 0.3671791 -0.2817478 -0.2817473 0.886452 -0.3671801 -0.2817473 0.3671801 0.886452 -0.3671798 0.8864521 0.2817476 -0.8864523 0.2817476 0.3671793 0.36718 -0.2817475 -0.886452 0.8864523 -0.3671791 -0.2817478 0.2817473 -0.886452 -0.3671801 0.2817473 -0.3671801 0.886452 0.3671798 -0.8864521 0.2817476 0.8864523 -0.2817476 0.3671793 0.2817473 0.3671801 -0.886452 0.3671798 0.8864521 -0.2817476 0.8864523 0.2817476 -0.3671793 0.36718 0.2817475 0.886452 0.8864523 0.3671791 0.2817478 0.2817473 0.886452 0.3671801 -0.3826832 0 -0.9238796 -0.92388 0 -0.3826824 -0.3826828 -0.9238798 0 -0.9238801 -0.3826822 0 -0.3826832 0 0.9238796 -0.92388 0 0.3826824 -0.3826828 0.9238798 0 -0.9238801 0.3826822 0 0 0.3826832 -0.9238797 0 0.9238797 -0.3826831 0 0.3826832 0.9238797 0 0.9238797 0.3826831 0.9238801 0.3826822 0 0.3826828 0.9238798 0 0.3826832 0 -0.9238796 0.92388 0 -0.3826824 0.3826832 0 0.9238796 0.92388 0 0.3826824 0.3826828 -0.9238798 0 0.9238801 -0.3826822 0 0 -0.3826832 -0.9238797 0 -0.9238797 -0.3826831 0 -0.3826832 0.9238797 0 -0.9238797 0.3826831 0 0 -1 -1 0 0 0 -1 0 0 0 1 0 1 0 1 0 0</float_array>
          <technique_common>
            <accessor source="#ericrolph_cannon_car_wash_carriage_Axletree_Front_mesh-mesh-normals-array" count="108" stride="3">
              <param name="X" type="float"/>
              <param name="Y" type="float"/>
              <param name="Z" type="float"/>
            </accessor>
          </technique_common>
        </source>
        <source id="ericrolph_cannon_car_wash_carriage_Axletree_Front_mesh-mesh-map-0">
          <float_array id="ericrolph_cannon_car_wash_carriage_Axletree_Front_mesh-mesh-map-0-array" count="648">0.1299999 0.7227272 0.1271132 0.75 0.125 0.7227272 0.4049999 0.9950001 0.3876795 1 0.375 0.995 0.405 0.0272727 0.375 0.01152676 0.405 0 0.595 0.9950001 0.625 0.9978868 0.5949999 1 0.87 0.7227272 0.875 0.7384732 0.8700001 0.7500001 0.595 0.0272727 0.6123206 0 0.6250001 0.0272727 0.1299999 0.5272727 0.125 0.5115268 0.1299999 0.5 0.405 0.2227272 0.3813397 0.2510566 0.375 0.2227272 0.4049999 0.255 0.3813397 0.2510566 0.405 0.25 0.8700001 0.5272728 0.8728868 0.5 0.875 0.5272727 0.5949999 0.255 0.6186603 0.2442366 0.625 0.255 0.595 0.2227272 0.6186603 0.2442366 0.595 0.25 0.37 0.7227272 0.3792265 0.7468622 0.3725 0.7525001 0.405 0.7227273 0.3792265 0.7468622 0.375 0.7227273 0.4049999 0.7549999 0.3792265 0.7468622 0.405 0.75 0.63 0.7227272 0.621478 0.7461577 0.625 0.7227273 0.5949999 0.7549999 0.621478 0.7461577 0.6275001 0.7525 0.595 0.7227273 0.621478 0.7461577 0.5949999 0.75 0.37 0.5272728 0.378522 0.5038423 0.375 0.5272727 0.4049999 0.495 0.378522 0.5038423 0.3725 0.4975 0.405 0.5272727 0.378522 0.5038423 0.405 0.5 0.63 0.5272727 0.6207736 0.5031379 0.6275 0.4975 0.5949999 0.5272727 0.6207736 0.5031379 0.6250001 0.5272728 0.595 0.495 0.6207736 0.5031379 0.595 0.5 0.1299999 0.7227272 0.125 0.5272727 0.1299999 0.5272727 0.375 0.0272727 0.405 0.2227272 0.375 0.2227272 0.595 0.9950001 0.405 1 0.4049999 0.9950001 0.5949999 0 0.405 0.0272727 0.405 0 0.8700001 0.5272728 0.875 0.7227273 0.87 0.7227272 0.6250001 0.2227272 0.595 0.0272727 0.6250001 0.0272727 0.4049999 0.255 0.595 0.25 0.5949999 0.255 0.405 0.25 0.595 0.2227272 0.595 0.25 0.1299999 0.5272727 0.3725 0.4975 0.37 0.5272728 0.375 0.255 0.4049999 0.495 0.3725 0.4975 0.63 0.5272727 0.8700001 0.5 0.8700001 0.5272728 0.6275 0.4975 0.5949999 0.255 0.625 0.255 0.405 0.5272727 0.595 0.5 0.5949999 0.5272727 0.405 0.5 0.595 0.495 0.595 0.5 0.37 0.5272728 0.375 0.7227273 0.37 0.7227272 0.375 0.5272727 0.405 0.7227273 0.375 0.7227273 0.63 0.7227272 0.6250001 0.5272728 0.63 0.5272727 0.625 0.7227273 0.5949999 0.5272727 0.6250001 0.5272728 0.4049999 0.7549999 0.5949999 0.75 0.5949999 0.7549999 0.405 0.75 0.595 0.7227273 0.5949999 0.75 0.37 0.7227272 0.1299999 0.7500001 0.1299999 0.7227272 0.3725 0.7525001 0.4049999 0.9950001 0.375 0.995 0.87 0.7227272 0.6275001 0.7525 0.63 0.7227272 0.625 0.995 0.5949999 0.7549999 0.6275001 0.7525 0.37 0.5272728 0.1299999 0.7227272 0.1299999 0.5272727 0.595 0.0272727 0.405 0.2227272 0.405 0.0272727 0.5949999 0.7549999 0.4049999 0.9950001 0.4049999 0.7549999 0.8700001 0.5272728 0.63 0.7227272 0.63 0.5272727 0.5949999 0.255 0.4049999 0.495 0.4049999 0.255 0.5949999 0.5272727 0.405 0.7227273 0.405 0.5272727 0.1299999 0.7227272 0.1299999 0.7500001 0.1271132 0.75 0.4049999 0.9950001 0.405 1 0.3876795 1 0.405 0.0272727 0.375 0.0272727 0.375 0.01152676 0.595 0.9950001 0.625 0.995 0.625 0.9978868 0.87 0.7227272 0.875 0.7227273 0.875 0.7384732 0.595 0.0272727 0.5949999 0 0.6123206 0 0.1299999 0.5272727 0.125 0.5272727 0.125 0.5115268 0.405 0.2227272 0.405 0.25 0.3813397 0.2510566 0.4049999 0.255 0.375 0.255 0.3813397 0.2510566 0.8700001 0.5272728 0.8700001 0.5 0.8728868 0.5 0.5949999 0.255 0.595 0.25 0.6186603 0.2442366 0.595 0.2227272 0.6250001 0.2227272 0.6186603 0.2442366 0.37 0.7227272 0.375 0.7227273 0.3792265 0.7468622 0.405 0.7227273 0.405 0.75 0.3792265 0.7468622 0.4049999 0.7549999 0.3725 0.7525001 0.3792265 0.7468622 0.63 0.7227272 0.6275001 0.7525 0.621478 0.7461577 0.5949999 0.7549999 0.5949999 0.75 0.621478 0.7461577 0.595 0.7227273 0.625 0.7227273 0.621478 0.7461577 0.37 0.5272728 0.3725 0.4975 0.378522 0.5038423 0.4049999 0.495 0.405 0.5 0.378522 0.5038423 0.405 0.5272727 0.375 0.5272727 0.378522 0.5038423 0.63 0.5272727 0.6250001 0.5272728 0.6207736 0.5031379 0.5949999 0.5272727 0.595 0.5 0.6207736 0.5031379 0.595 0.495 0.6275 0.4975 0.6207736 0.5031379 0.1299999 0.7227272 0.125 0.7227272 0.125 0.5272727 0.375 0.0272727 0.405 0.0272727 0.405 0.2227272 0.595 0.9950001 0.5949999 1 0.405 1 0.5949999 0 0.595 0.0272727 0.405 0.0272727 0.8700001 0.5272728 0.875 0.5272727 0.875 0.7227273 0.6250001 0.2227272 0.595 0.2227272 0.595 0.0272727 0.4049999 0.255 0.405 0.25 0.595 0.25 0.405 0.25 0.405 0.2227272 0.595 0.2227272 0.1299999 0.5272727 0.1299999 0.5 0.3725 0.4975 0.375 0.255 0.4049999 0.255 0.4049999 0.495 0.63 0.5272727 0.6275 0.4975 0.8700001 0.5 0.6275 0.4975 0.595 0.495 0.5949999 0.255 0.405 0.5272727 0.405 0.5 0.595 0.5 0.405 0.5 0.4049999 0.495 0.595 0.495 0.37 0.5272728 0.375 0.5272727 0.375 0.7227273 0.375 0.5272727 0.405 0.5272727 0.405 0.7227273 0.63 0.7227272 0.625 0.7227273 0.6250001 0.5272728 0.625 0.7227273 0.595 0.7227273 0.5949999 0.5272727 0.4049999 0.7549999 0.405 0.75 0.5949999 0.75 0.405 0.75 0.405 0.7227273 0.595 0.7227273 0.37 0.7227272 0.3725 0.7525001 0.1299999 0.7500001 0.3725 0.7525001 0.4049999 0.7549999 0.4049999 0.9950001 0.87 0.7227272 0.8700001 0.7500001 0.6275001 0.7525 0.625 0.995 0.595 0.9950001 0.5949999 0.7549999 0.37 0.5272728 0.37 0.7227272 0.1299999 0.7227272 0.595 0.0272727 0.595 0.2227272 0.405 0.2227272 0.5949999 0.7549999 0.595 0.9950001 0.4049999 0.9950001 0.8700001 0.5272728 0.87 0.7227272 0.63 0.7227272 0.5949999 0.255 0.595 0.495 0.4049999 0.495 0.5949999 0.5272727 0.595 0.7227273 0.405 0.7227273</float_array>
          <technique_common>
            <accessor source="#ericrolph_cannon_car_wash_carriage_Axletree_Front_mesh-mesh-map-0-array" count="324" stride="2">
              <param name="S" type="float"/>
              <param name="T" type="float"/>
            </accessor>
          </technique_common>
        </source>
        <vertices id="ericrolph_cannon_car_wash_carriage_Axletree_Front_mesh-mesh-vertices">
          <input semantic="POSITION" source="#ericrolph_cannon_car_wash_carriage_Axletree_Front_mesh-mesh-positions"/>
        </vertices>
        <triangles material="ericrolph_cannon_car_wash_carriage_oak-material" count="108">
          <input semantic="VERTEX" source="#ericrolph_cannon_car_wash_carriage_Axletree_Front_mesh-mesh-vertices" offset="0"/>
          <input semantic="NORMAL" source="#ericrolph_cannon_car_wash_carriage_Axletree_Front_mesh-mesh-normals" offset="1"/>
          <input semantic="TEXCOORD" source="#ericrolph_cannon_car_wash_carriage_Axletree_Front_mesh-mesh-map-0" offset="2" set="0"/>
          <p>0 0 0 4 0 1 6 0 2 1 1 3 4 1 4 3 1 5 2 2 6 4 2 7 5 2 8 7 3 9 11 3 10 13 3 11 8 4 12 11 4 13 10 4 14 9 5 15 11 5 16 12 5 17 14 6 18 18 6 19 20 6 20 15 7 21 18 7 22 17 7 23 16 8 24 18 8 25 19 8 26 21 9 27 25 9 28 27 9 29 22 10 30 25 10 31 24 10 32 23 11 33 25 11 34 26 11 35 28 12 36 32 12 37 34 12 38 29 13 39 32 13 40 31 13 41 30 14 42 32 14 43 33 14 44 35 15 45 39 15 46 41 15 47 36 16 48 39 16 49 38 16 50 37 17 51 39 17 52 40 17 53 42 18 54 46 18 55 48 18 56 43 19 57 46 19 58 45 19 59 44 20 60 46 20 61 47 20 62 49 21 63 53 21 64 55 21 65 50 22 66 53 22 67 52 22 68 51 23 69 53 23 70 54 23 71 0 24 72 17 24 73 14 24 74 6 25 75 15 25 76 17 25 77 7 26 78 5 26 79 1 26 80 13 27 81 2 27 82 5 27 83 21 28 84 12 28 85 8 28 86 27 29 87 9 29 88 12 29 89 16 30 90 26 30 91 22 30 92 19 31 93 23 31 94 26 31 95 14 32 96 45 32 97 42 32 98 20 33 99 43 33 100 45 33 101 49 34 102 24 34 103 21 34 104 55 35 105 22 35 106 24 35 107 44 36 108 54 36 109 50 36 110 47 37 111 51 37 112 54 37 113 42 38 114 31 38 115 28 38 116 48 39 117 29 39 118 31 39 119 35 40 120 52 40 121 49 40 122 41 41 123 50 41 124 52 41 125 30 42 126 40 42 127 36 42 128 33 43 129 37 43 130 40 43 131 28 44 132 3 44 133 0 44 134 34 45 135 1 45 136 3 45 137 8 46 138 38 46 139 35 46 140 10 47 141 36 47 142 38 47 143 42 48 144 0 48 145 14 48 146 9 49 147 15 49 148 2 49 149 36 50 150 1 50 151 30 50 152 21 51 153 35 51 154 49 51 155 22 52 156 43 52 157 16 52 158 50 53 159 29 53 160 44 53 161 0 54 162 3 54 163 4 54 164 1 55 165 5 55 166 4 55 167 2 56 168 6 56 169 4 56 170 7 57 171 10 57 172 11 57 173 8 58 174 12 58 175 11 58 176 9 59 177 13 59 178 11 59 179 14 60 180 17 60 181 18 60 182 15 61 183 19 61 184 18 61 185 16 62 186 20 62 187 18 62 188 21 63 189 24 63 190 25 63 191 22 64 192 26 64 193 25 64 194 23 65 195 27 65 196 25 65 197 28 66 198 31 66 199 32 66 200 29 67 201 33 67 202 32 67 203 30 68 204 34 68 205 32 68 206 35 69 207 38 69 208 39 69 209 36 70 210 40 70 211 39 70 212 37 71 213 41 71 214 39 71 215 42 72 216 45 72 217 46 72 218 43 73 219 47 73 220 46 73 221 44 74 222 48 74 223 46 74 224 49 75 225 52 75 226 53 75 227 50 76 228 54 76 229 53 76 230 51 77 231 55 77 232 53 77 233 0 78 234 6 78 235 17 78 236 6 79 237 2 79 238 15 79 239 7 80 240 13 80 241 5 80 242 13 81 243 9 81 244 2 81 245 21 82 246 27 82 247 12 82 248 27 83 249 23 83 250 9 83 251 16 84 252 19 84 253 26 84 254 19 85 255 15 85 256 23 85 257 14 86 258 20 86 259 45 86 260 20 87 261 16 87 262 43 87 263 49 88 264 55 88 265 24 88 266 55 89 267 51 89 268 22 89 269 44 90 270 47 90 271 54 90 272 47 91 273 43 91 274 51 91 275 42 92 276 48 92 277 31 92 278 48 93 279 44 93 280 29 93 281 35 94 282 41 94 283 52 94 284 41 95 285 37 95 286 50 95 287 30 96 288 33 96 289 40 96 290 33 97 291 29 97 292 37 97 293 28 98 294 34 98 295 3 98 296 34 99 297 30 99 298 1 99 299 8 100 300 10 100 301 38 100 302 10 101 303 7 101 304 36 101 305 42 102 306 28 102 307 0 102 308 9 103 309 23 103 310 15 103 311 36 104 312 7 104 313 1 104 314 21 105 315 8 105 316 35 105 317 22 106 318 51 106 319 43 106 320 50 107 321 37 107 322 29 107 323</p>
        </triangles>
      </mesh>
    </geometry>
    <geometry id="ericrolph_cannon_car_wash_carriage_Axletree_Rear_mesh-mesh" name="ericrolph_cannon_car_wash_carriage_Axletree_Rear_mesh">
      <mesh>
        <source id="ericrolph_cannon_car_wash_carriage_Axletree_Rear_mesh-mesh-positions">
          <float_array id="ericrolph_cannon_car_wash_carriage_Axletree_Rear_mesh-mesh-positions-array" count="168">-0.144 -0.02149999 -0.02499997 -0.144 -0.02749997 -0.01899999 -0.15 -0.02149999 -0.01899999 -0.144 -0.02574259 -0.02324259 -0.1474641 -0.02496409 -0.02246409 -0.1482426 -0.02574259 -0.01899999 -0.1482426 -0.02149999 -0.02324259 -0.144 -0.02749997 0.01899999 -0.144 -0.02149999 0.02499997 -0.15 -0.02149999 0.01899999 -0.144 -0.02574259 0.02324259 -0.1474641 -0.02496409 0.02246409 -0.1482426 -0.02149999 0.02324259 -0.1482426 -0.02574259 0.01899999 -0.144 0.02149999 -0.02499997 -0.15 0.02149999 -0.01899999 -0.144 0.02749997 -0.01899999 -0.1482426 0.02149999 -0.02324259 -0.1474641 0.02496409 -0.02246409 -0.1482426 0.02574259 -0.01899999 -0.144 0.02574259 -0.02324259 -0.144 0.02149999 0.02499997 -0.144 0.02749997 0.01899999 -0.15 0.02149999 0.01899999 -0.144 0.02574259 0.02324259 -0.1474641 0.02496409 0.02246409 -0.1482426 0.02574259 0.01899999 -0.1482426 0.02149999 0.02324259 0.144 -0.02149999 -0.02499997 0.15 -0.02149999 -0.01899999 0.144 -0.02749997 -0.01899999 0.1482426 -0.02149999 -0.02324259 0.1474641 -0.02496409 -0.02246409 0.1482426 -0.02574259 -0.01899999 0.144 -0.02574259 -0.02324259 0.144 -0.02149999 0.02499997 0.144 -0.02749997 0.01899999 0.15 -0.02149999 0.01899999 0.144 -0.02574259 0.02324259 0.1474641 -0.02496409 0.02246409 0.1482426 -0.02574259 0.01899999 0.1482426 -0.02149999 0.02324259 0.144 0.02149999 -0.02499997 0.144 0.02749997 -0.01899999 0.15 0.02149999 -0.01899999 0.144 0.02574259 -0.02324259 0.1474641 0.02496409 -0.02246409 0.1482426 0.02574259 -0.01899999 0.1482426 0.02149999 -0.02324259 0.144 0.02149999 0.02499997 0.15 0.02149999 0.01899999 0.144 0.02749997 0.01899999 0.1482426 0.02149999 0.02324259 0.1474641 0.02496409 0.02246409 0.1482426 0.02574259 0.01899999 0.144 0.02574259 0.02324259</float_array>
          <technique_common>
            <accessor source="#ericrolph_cannon_car_wash_carriage_Axletree_Rear_mesh-mesh-positions-array" count="56" stride="3">
              <param name="X" type="float"/>
              <param name="Y" type="float"/>
              <param name="Z" type="float"/>
            </accessor>
          </technique_common>
        </source>
        <source id="ericrolph_cannon_car_wash_carriage_Axletree_Rear_mesh-mesh-normals">
          <float_array id="ericrolph_cannon_car_wash_carriage_Axletree_Rear_mesh-mesh-normals-array" count="324">-0.36718 -0.2817475 -0.886452 -0.2817473 -0.886452 -0.3671801 -0.8864523 -0.3671791 -0.2817478 -0.3671798 -0.8864521 0.2817476 -0.2817473 -0.3671802 0.886452 -0.8864523 -0.2817476 0.3671793 -0.2817473 0.3671802 -0.886452 -0.8864523 0.2817476 -0.3671793 -0.3671798 0.8864521 -0.2817476 -0.36718 0.2817475 0.886452 -0.2817473 0.886452 0.3671801 -0.8864523 0.3671791 0.2817478 0.2817473 -0.3671802 -0.886452 0.8864523 -0.2817476 -0.3671793 0.3671798 -0.8864521 -0.2817476 0.36718 -0.2817475 0.886452 0.2817473 -0.886452 0.3671801 0.8864523 -0.3671791 0.2817478 0.36718 0.2817475 -0.886452 0.2817473 0.886452 -0.3671801 0.8864523 0.3671791 -0.2817478 0.2817473 0.3671802 0.886452 0.8864523 0.2817476 0.3671793 0.3671798 0.8864521 0.2817476 -0.3826832 0 -0.9238796 -0.92388 0 -0.3826824 -0.3826828 -0.9238798 0 -0.9238801 -0.3826822 0 -0.3826832 0 0.9238796 -0.92388 0 0.3826824 -0.3826828 0.9238798 0 -0.9238801 0.3826822 0 0 0.3826832 -0.9238797 0 0.9238797 -0.3826831 0 0.3826832 0.9238797 0 0.9238797 0.3826831 0.9238801 0.3826822 0 0.3826828 0.9238798 0 0.3826832 0 -0.9238796 0.92388 0 -0.3826824 0.3826832 0 0.9238796 0.92388 0 0.3826824 0.3826828 -0.9238798 0 0.9238801 -0.3826822 0 0 -0.3826832 -0.9238797 0 -0.9238797 -0.3826831 0 -0.3826832 0.9238797 0 -0.9238797 0.3826831 0 0 -1 -1 0 0 0 -1 0 0 0 1 0 1 0 1 0 0 -0.2817473 -0.3671801 -0.886452 -0.3671798 -0.8864521 -0.2817476 -0.8864523 -0.2817476 -0.3671793 -0.2817473 -0.886452 0.3671801 -0.36718 -0.2817475 0.886452 -0.8864523 -0.3671791 0.2817478 -0.36718 0.2817475 -0.886452 -0.8864523 0.3671791 -0.2817478 -0.2817473 0.886452 -0.3671801 -0.2817473 0.3671801 0.886452 -0.3671798 0.8864521 0.2817476 -0.8864523 0.2817476 0.3671793 0.36718 -0.2817475 -0.886452 0.8864523 -0.3671791 -0.2817478 0.2817473 -0.886452 -0.3671801 0.2817473 -0.3671801 0.886452 0.3671798 -0.8864521 0.2817476 0.8864523 -0.2817476 0.3671793 0.2817473 0.3671801 -0.886452 0.3671798 0.8864521 -0.2817476 0.8864523 0.2817476 -0.3671793 0.36718 0.2817475 0.886452 0.8864523 0.3671791 0.2817478 0.2817473 0.886452 0.3671801 -0.3826832 0 -0.9238796 -0.92388 0 -0.3826824 -0.3826828 -0.9238798 0 -0.9238801 -0.3826822 0 -0.3826832 0 0.9238796 -0.92388 0 0.3826824 -0.3826828 0.9238798 0 -0.9238801 0.3826822 0 0 0.3826832 -0.9238797 0 0.9238797 -0.3826831 0 0.3826832 0.9238797 0 0.9238797 0.3826831 0.9238801 0.3826822 0 0.3826828 0.9238798 0 0.3826832 0 -0.9238796 0.92388 0 -0.3826824 0.3826832 0 0.9238796 0.92388 0 0.3826824 0.3826828 -0.9238798 0 0.9238801 -0.3826822 0 0 -0.3826832 -0.9238797 0 -0.9238797 -0.3826831 0 -0.3826832 0.9238797 0 -0.9238797 0.3826831 0 0 -1 -1 0 0 0 -1 0 0 0 1 0 1 0 1 0 0</float_array>
          <technique_common>
            <accessor source="#ericrolph_cannon_car_wash_carriage_Axletree_Rear_mesh-mesh-normals-array" count="108" stride="3">
              <param name="X" type="float"/>
              <param name="Y" type="float"/>
              <param name="Z" type="float"/>
            </accessor>
          </technique_common>
        </source>
        <source id="ericrolph_cannon_car_wash_carriage_Axletree_Rear_mesh-mesh-map-0">
          <float_array id="ericrolph_cannon_car_wash_carriage_Axletree_Rear_mesh-mesh-map-0-array" count="648">0.1299999 0.7227272 0.1271132 0.75 0.125 0.7227272 0.4049999 0.9950001 0.3876795 1 0.375 0.995 0.405 0.0272727 0.375 0.01152676 0.405 0 0.595 0.9950001 0.625 0.9978868 0.5949999 1 0.87 0.7227272 0.875 0.7384732 0.8700001 0.7500001 0.5949999 0.0272727 0.6123206 0 0.6250001 0.0272727 0.1299999 0.5272727 0.125 0.5115268 0.1299999 0.5 0.405 0.2227272 0.3813397 0.2510566 0.375 0.2227272 0.4049999 0.255 0.3813397 0.2510566 0.405 0.25 0.8700001 0.5272728 0.8728868 0.5 0.875 0.5272727 0.5949999 0.255 0.6186603 0.2442366 0.625 0.255 0.595 0.2227272 0.6186603 0.2442366 0.595 0.25 0.37 0.7227272 0.3792265 0.7468622 0.3725 0.7525001 0.405 0.7227273 0.3792265 0.7468622 0.375 0.7227273 0.4049999 0.7549999 0.3792265 0.7468622 0.405 0.75 0.63 0.7227272 0.6214779 0.7461577 0.625 0.7227272 0.5949999 0.7549999 0.6214779 0.7461577 0.6274999 0.7525 0.595 0.7227272 0.6214779 0.7461577 0.5949999 0.7499999 0.37 0.5272728 0.378522 0.5038423 0.375 0.5272727 0.4049999 0.495 0.378522 0.5038423 0.3725 0.4975 0.405 0.5272727 0.378522 0.5038423 0.405 0.5 0.63 0.5272727 0.6207734 0.5031378 0.6275 0.4975001 0.595 0.5272728 0.6207734 0.5031378 0.625 0.5272728 0.595 0.495 0.6207734 0.5031378 0.595 0.5 0.1299999 0.7227272 0.125 0.5272727 0.1299999 0.5272727 0.375 0.0272727 0.405 0.2227272 0.375 0.2227272 0.595 0.9950001 0.405 1 0.4049999 0.9950001 0.5949999 0 0.405 0.0272727 0.405 0 0.8700001 0.5272728 0.875 0.7227273 0.87 0.7227272 0.6250001 0.2227272 0.5949999 0.0272727 0.6250001 0.0272727 0.4049999 0.255 0.595 0.25 0.5949999 0.255 0.405 0.25 0.595 0.2227272 0.595 0.25 0.1299999 0.5272727 0.3725 0.4975 0.37 0.5272728 0.375 0.255 0.4049999 0.495 0.3725 0.4975 0.63 0.5272727 0.8700001 0.5 0.8700001 0.5272728 0.6275 0.4975001 0.5949999 0.255 0.625 0.255 0.405 0.5272727 0.595 0.5 0.595 0.5272728 0.405 0.5 0.595 0.495 0.595 0.5 0.37 0.5272728 0.375 0.7227273 0.37 0.7227272 0.375 0.5272727 0.405 0.7227273 0.375 0.7227273 0.63 0.7227272 0.625 0.5272728 0.63 0.5272727 0.625 0.7227272 0.595 0.5272728 0.625 0.5272728 0.4049999 0.7549999 0.5949999 0.7499999 0.5949999 0.7549999 0.405 0.75 0.595 0.7227272 0.5949999 0.7499999 0.37 0.7227272 0.1299999 0.7500001 0.1299999 0.7227272 0.3725 0.7525001 0.4049999 0.9950001 0.375 0.995 0.87 0.7227272 0.6274999 0.7525 0.63 0.7227272 0.625 0.995 0.5949999 0.7549999 0.6274999 0.7525 0.37 0.5272728 0.1299999 0.7227272 0.1299999 0.5272727 0.5949999 0.0272727 0.405 0.2227272 0.405 0.0272727 0.5949999 0.7549999 0.4049999 0.9950001 0.4049999 0.7549999 0.8700001 0.5272728 0.63 0.7227272 0.63 0.5272727 0.5949999 0.255 0.4049999 0.495 0.4049999 0.255 0.595 0.5272728 0.405 0.7227273 0.405 0.5272727 0.1299999 0.7227272 0.1299999 0.7500001 0.1271132 0.75 0.4049999 0.9950001 0.405 1 0.3876795 1 0.405 0.0272727 0.375 0.0272727 0.375 0.01152676 0.595 0.9950001 0.625 0.995 0.625 0.9978868 0.87 0.7227272 0.875 0.7227273 0.875 0.7384732 0.5949999 0.0272727 0.5949999 0 0.6123206 0 0.1299999 0.5272727 0.125 0.5272727 0.125 0.5115268 0.405 0.2227272 0.405 0.25 0.3813397 0.2510566 0.4049999 0.255 0.375 0.255 0.3813397 0.2510566 0.8700001 0.5272728 0.8700001 0.5 0.8728868 0.5 0.5949999 0.255 0.595 0.25 0.6186603 0.2442366 0.595 0.2227272 0.6250001 0.2227272 0.6186603 0.2442366 0.37 0.7227272 0.375 0.7227273 0.3792265 0.7468622 0.405 0.7227273 0.405 0.75 0.3792265 0.7468622 0.4049999 0.7549999 0.3725 0.7525001 0.3792265 0.7468622 0.63 0.7227272 0.6274999 0.7525 0.6214779 0.7461577 0.5949999 0.7549999 0.5949999 0.7499999 0.6214779 0.7461577 0.595 0.7227272 0.625 0.7227272 0.6214779 0.7461577 0.37 0.5272728 0.3725 0.4975 0.378522 0.5038423 0.4049999 0.495 0.405 0.5 0.378522 0.5038423 0.405 0.5272727 0.375 0.5272727 0.378522 0.5038423 0.63 0.5272727 0.625 0.5272728 0.6207734 0.5031378 0.595 0.5272728 0.595 0.5 0.6207734 0.5031378 0.595 0.495 0.6275 0.4975001 0.6207734 0.5031378 0.1299999 0.7227272 0.125 0.7227272 0.125 0.5272727 0.375 0.0272727 0.405 0.0272727 0.405 0.2227272 0.595 0.9950001 0.5949999 1 0.405 1 0.5949999 0 0.5949999 0.0272727 0.405 0.0272727 0.8700001 0.5272728 0.875 0.5272727 0.875 0.7227273 0.6250001 0.2227272 0.595 0.2227272 0.5949999 0.0272727 0.4049999 0.255 0.405 0.25 0.595 0.25 0.405 0.25 0.405 0.2227272 0.595 0.2227272 0.1299999 0.5272727 0.1299999 0.5 0.3725 0.4975 0.375 0.255 0.4049999 0.255 0.4049999 0.495 0.63 0.5272727 0.6275 0.4975001 0.8700001 0.5 0.6275 0.4975001 0.595 0.495 0.5949999 0.255 0.405 0.5272727 0.405 0.5 0.595 0.5 0.405 0.5 0.4049999 0.495 0.595 0.495 0.37 0.5272728 0.375 0.5272727 0.375 0.7227273 0.375 0.5272727 0.405 0.5272727 0.405 0.7227273 0.63 0.7227272 0.625 0.7227272 0.625 0.5272728 0.625 0.7227272 0.595 0.7227272 0.595 0.5272728 0.4049999 0.7549999 0.405 0.75 0.5949999 0.7499999 0.405 0.75 0.405 0.7227273 0.595 0.7227272 0.37 0.7227272 0.3725 0.7525001 0.1299999 0.7500001 0.3725 0.7525001 0.4049999 0.7549999 0.4049999 0.9950001 0.87 0.7227272 0.8700001 0.7500001 0.6274999 0.7525 0.625 0.995 0.595 0.9950001 0.5949999 0.7549999 0.37 0.5272728 0.37 0.7227272 0.1299999 0.7227272 0.5949999 0.0272727 0.595 0.2227272 0.405 0.2227272 0.5949999 0.7549999 0.595 0.9950001 0.4049999 0.9950001 0.8700001 0.5272728 0.87 0.7227272 0.63 0.7227272 0.5949999 0.255 0.595 0.495 0.4049999 0.495 0.595 0.5272728 0.595 0.7227272 0.405 0.7227273</float_array>
          <technique_common>
            <accessor source="#ericrolph_cannon_car_wash_carriage_Axletree_Rear_mesh-mesh-map-0-array" count="324" stride="2">
              <param name="S" type="float"/>
              <param name="T" type="float"/>
            </accessor>
          </technique_common>
        </source>
        <vertices id="ericrolph_cannon_car_wash_carriage_Axletree_Rear_mesh-mesh-vertices">
          <input semantic="POSITION" source="#ericrolph_cannon_car_wash_carriage_Axletree_Rear_mesh-mesh-positions"/>
        </vertices>
        <triangles material="ericrolph_cannon_car_wash_carriage_oak-material" count="108">
          <input semantic="VERTEX" source="#ericrolph_cannon_car_wash_carriage_Axletree_Rear_mesh-mesh-vertices" offset="0"/>
          <input semantic="NORMAL" source="#ericrolph_cannon_car_wash_carriage_Axletree_Rear_mesh-mesh-normals" offset="1"/>
          <input semantic="TEXCOORD" source="#ericrolph_cannon_car_wash_carriage_Axletree_Rear_mesh-mesh-map-0" offset="2" set="0"/>
          <p>0 0 0 4 0 1 6 0 2 1 1 3 4 1 4 3 1 5 2 2 6 4 2 7 5 2 8 7 3 9 11 3 10 13 3 11 8 4 12 11 4 13 10 4 14 9 5 15 11 5 16 12 5 17 14 6 18 18 6 19 20 6 20 15 7 21 18 7 22 17 7 23 16 8 24 18 8 25 19 8 26 21 9 27 25 9 28 27 9 29 22 10 30 25 10 31 24 10 32 23 11 33 25 11 34 26 11 35 28 12 36 32 12 37 34 12 38 29 13 39 32 13 40 31 13 41 30 14 42 32 14 43 33 14 44 35 15 45 39 15 46 41 15 47 36 16 48 39 16 49 38 16 50 37 17 51 39 17 52 40 17 53 42 18 54 46 18 55 48 18 56 43 19 57 46 19 58 45 19 59 44 20 60 46 20 61 47 20 62 49 21 63 53 21 64 55 21 65 50 22 66 53 22 67 52 22 68 51 23 69 53 23 70 54 23 71 0 24 72 17 24 73 14 24 74 6 25 75 15 25 76 17 25 77 7 26 78 5 26 79 1 26 80 13 27 81 2 27 82 5 27 83 21 28 84 12 28 85 8 28 86 27 29 87 9 29 88 12 29 89 16 30 90 26 30 91 22 30 92 19 31 93 23 31 94 26 31 95 14 32 96 45 32 97 42 32 98 20 33 99 43 33 100 45 33 101 49 34 102 24 34 103 21 34 104 55 35 105 22 35 106 24 35 107 44 36 108 54 36 109 50 36 110 47 37 111 51 37 112 54 37 113 42 38 114 31 38 115 28 38 116 48 39 117 29 39 118 31 39 119 35 40 120 52 40 121 49 40 122 41 41 123 50 41 124 52 41 125 30 42 126 40 42 127 36 42 128 33 43 129 37 43 130 40 43 131 28 44 132 3 44 133 0 44 134 34 45 135 1 45 136 3 45 137 8 46 138 38 46 139 35 46 140 10 47 141 36 47 142 38 47 143 42 48 144 0 48 145 14 48 146 9 49 147 15 49 148 2 49 149 36 50 150 1 50 151 30 50 152 21 51 153 35 51 154 49 51 155 22 52 156 43 52 157 16 52 158 50 53 159 29 53 160 44 53 161 0 54 162 3 54 163 4 54 164 1 55 165 5 55 166 4 55 167 2 56 168 6 56 169 4 56 170 7 57 171 10 57 172 11 57 173 8 58 174 12 58 175 11 58 176 9 59 177 13 59 178 11 59 179 14 60 180 17 60 181 18 60 182 15 61 183 19 61 184 18 61 185 16 62 186 20 62 187 18 62 188 21 63 189 24 63 190 25 63 191 22 64 192 26 64 193 25 64 194 23 65 195 27 65 196 25 65 197 28 66 198 31 66 199 32 66 200 29 67 201 33 67 202 32 67 203 30 68 204 34 68 205 32 68 206 35 69 207 38 69 208 39 69 209 36 70 210 40 70 211 39 70 212 37 71 213 41 71 214 39 71 215 42 72 216 45 72 217 46 72 218 43 73 219 47 73 220 46 73 221 44 74 222 48 74 223 46 74 224 49 75 225 52 75 226 53 75 227 50 76 228 54 76 229 53 76 230 51 77 231 55 77 232 53 77 233 0 78 234 6 78 235 17 78 236 6 79 237 2 79 238 15 79 239 7 80 240 13 80 241 5 80 242 13 81 243 9 81 244 2 81 245 21 82 246 27 82 247 12 82 248 27 83 249 23 83 250 9 83 251 16 84 252 19 84 253 26 84 254 19 85 255 15 85 256 23 85 257 14 86 258 20 86 259 45 86 260 20 87 261 16 87 262 43 87 263 49 88 264 55 88 265 24 88 266 55 89 267 51 89 268 22 89 269 44 90 270 47 90 271 54 90 272 47 91 273 43 91 274 51 91 275 42 92 276 48 92 277 31 92 278 48 93 279 44 93 280 29 93 281 35 94 282 41 94 283 52 94 284 41 95 285 37 95 286 50 95 287 30 96 288 33 96 289 40 96 290 33 97 291 29 97 292 37 97 293 28 98 294 34 98 295 3 98 296 34 99 297 30 99 298 1 99 299 8 100 300 10 100 301 38 100 302 10 101 303 7 101 304 36 101 305 42 102 306 28 102 307 0 102 308 9 103 309 23 103 310 15 103 311 36 104 312 7 104 313 1 104 314 21 105 315 8 105 316 35 105 317 22 106 318 51 106 319 43 106 320 50 107 321 37 107 322 29 107 323</p>
        </triangles>
      </mesh>
    </geometry>
    <geometry id="ericrolph_cannon_car_wash_carriage_Bed_mesh-mesh" name="ericrolph_cannon_car_wash_carriage_Bed_mesh">
      <mesh>
        <source id="ericrolph_cannon_car_wash_carriage_Bed_mesh-mesh-positions">
          <float_array id="ericrolph_cannon_car_wash_carriage_Bed_mesh-mesh-positions-array" count="168">-0.114 -0.224 -0.01749998 -0.114 -0.23 -0.0115 -0.12 -0.224 -0.0115 -0.114 -0.2282426 -0.01574259 -0.1174641 -0.227464 -0.0149641 -0.1182426 -0.2282426 -0.0115 -0.1182426 -0.2239999 -0.01574259 -0.114 -0.23 0.0115 -0.114 -0.224 0.01749998 -0.12 -0.224 0.0115 -0.114 -0.2282426 0.01574259 -0.1174641 -0.227464 0.0149641 -0.1182426 -0.2239999 0.01574259 -0.1182426 -0.2282426 0.0115 -0.114 0.224 -0.01749998 -0.12 0.224 -0.0115 -0.114 0.23 -0.0115 -0.1182426 0.224 -0.01574259 -0.1174641 0.2274641 -0.0149641 -0.1182426 0.2282426 -0.0115 -0.114 0.2282426 -0.01574259 -0.114 0.224 0.01749998 -0.114 0.23 0.0115 -0.12 0.224 0.0115 -0.114 0.2282426 0.01574259 -0.1174641 0.227464 0.0149641 -0.1182426 0.2282426 0.0115 -0.1182426 0.2239999 0.01574259 0.114 -0.224 -0.01749998 0.12 -0.224 -0.0115 0.114 -0.23 -0.0115 0.1182426 -0.224 -0.01574259 0.1174641 -0.2274641 -0.0149641 0.1182426 -0.2282426 -0.0115 0.114 -0.2282426 -0.01574259 0.114 -0.224 0.01749998 0.114 -0.23 0.0115 0.12 -0.224 0.0115 0.114 -0.2282426 0.01574259 0.1174641 -0.227464 0.0149641 0.1182426 -0.2282426 0.0115 0.1182426 -0.2239999 0.01574259 0.114 0.224 -0.01749998 0.114 0.23 -0.0115 0.12 0.224 -0.0115 0.114 0.2282426 -0.01574259 0.1174641 0.227464 -0.0149641 0.1182426 0.2282426 -0.0115 0.1182426 0.2239999 -0.01574259 0.114 0.224 0.01749998 0.12 0.224 0.0115 0.114 0.23 0.0115 0.1182426 0.224 0.01574259 0.1174641 0.2274641 0.0149641 0.1182426 0.2282426 0.0115 0.114 0.2282426 0.01574259</float_array>
          <technique_common>
            <accessor source="#ericrolph_cannon_car_wash_carriage_Bed_mesh-mesh-positions-array" count="56" stride="3">
              <param name="X" type="float"/>
              <param name="Y" type="float"/>
              <param name="Z" type="float"/>
            </accessor>
          </technique_common>
        </source>
        <source id="ericrolph_cannon_car_wash_carriage_Bed_mesh-mesh-normals">
          <float_array id="ericrolph_cannon_car_wash_carriage_Bed_mesh-mesh-normals-array" count="324">-0.3671829 -0.2817471 -0.8864509 -0.2817484 -0.8864497 -0.3671849 -0.8864506 -0.3671841 -0.2817467 -0.3671854 -0.8864496 0.2817479 -0.2817478 -0.3671827 0.8864508 -0.8864508 -0.2817465 0.3671838 -0.2817476 0.3671805 -0.8864518 -0.8864516 0.2817463 -0.3671821 -0.3671802 0.886452 -0.2817473 -0.3671829 0.2817471 0.8864509 -0.2817484 0.8864497 0.3671849 -0.8864506 0.3671841 0.2817467 0.2817476 -0.3671805 -0.8864518 0.8864516 -0.2817463 -0.3671821 0.3671802 -0.886452 -0.2817473 0.3671829 -0.2817471 0.8864509 0.2817484 -0.8864497 0.3671849 0.8864506 -0.3671841 0.2817467 0.3671829 0.2817471 -0.8864509 0.2817484 0.8864497 -0.3671849 0.8864506 0.3671841 -0.2817467 0.2817476 0.3671805 0.8864518 0.8864516 0.2817463 0.3671821 0.3671802 0.886452 0.2817473 -0.3826843 0 -0.9238792 -0.9238789 0 -0.3826851 -0.3826888 -0.9238773 0 -0.923878 -0.3826872 0 -0.3826844 0 0.9238792 -0.9238789 0 0.3826851 -0.3826888 0.9238773 0 -0.923878 0.3826872 0 0 0.3826854 -0.9238787 1.20742e-7 0.9238777 -0.3826879 0 0.3826854 0.9238787 -1.20742e-7 0.9238777 0.3826879 0.9238789 0.3826849 -4.95865e-7 0.3826832 0.9238796 -1.19693e-6 0.3826843 0 -0.9238792 0.9238789 0 -0.3826851 0.3826843 0 0.9238792 0.9238789 0 0.3826851 0.3826888 -0.9238773 0 0.923878 -0.3826872 0 0 -0.3826854 -0.9238787 -1.20742e-7 -0.9238777 -0.3826879 0 -0.3826854 0.9238787 0 -0.9238777 0.3826879 0 0 -1 -1 0 0 0 -1 0 0 0 1 0 1 0 1 0 0 -0.2817478 -0.3671827 -0.8864508 -0.3671855 -0.8864496 -0.2817479 -0.8864508 -0.2817465 -0.3671838 -0.2817483 -0.8864497 0.3671849 -0.367183 -0.2817471 0.886451 -0.8864506 -0.3671841 0.2817467 -0.3671813 0.2817469 -0.8864517 -0.8864516 0.3671819 -0.2817465 -0.2817477 0.8864521 -0.3671797 -0.2817478 0.3671827 0.8864508 -0.3671855 0.8864496 0.2817479 -0.8864508 0.2817465 0.3671838 0.3671813 -0.2817469 -0.8864517 0.8864516 -0.3671819 -0.2817465 0.2817477 -0.8864521 -0.3671797 0.2817478 -0.3671827 0.8864508 0.3671855 -0.8864496 0.2817479 0.8864508 -0.2817465 0.3671838 0.2817478 0.3671827 -0.8864508 0.3671855 0.8864496 -0.2817479 0.8864508 0.2817465 -0.3671838 0.3671813 0.2817469 0.8864517 0.8864516 0.3671819 0.2817465 0.2817477 0.8864521 0.3671797 -0.3826844 0 -0.9238792 -0.9238789 0 -0.382685 -0.3826888 -0.9238773 0 -0.923878 -0.3826872 0 -0.3826843 0 0.9238792 -0.9238789 0 0.382685 -0.3826832 0.9238796 1.19712e-6 -0.9238789 0.3826849 4.95865e-7 0 0.3826832 -0.9238797 0 0.9238801 -0.3826823 0 0.3826832 0.9238797 0 0.9238801 0.3826823 0.923878 0.3826872 0 0.3826888 0.9238773 0 0.3826844 0 -0.9238792 0.9238789 0 -0.382685 0.3826844 0 0.9238792 0.9238789 0 0.382685 0.3826832 -0.9238796 1.19712e-6 0.9238789 -0.3826849 4.95865e-7 0 -0.3826832 -0.9238797 0 -0.9238801 -0.3826823 0 -0.3826854 0.9238787 0 -0.9238778 0.3826878 0 0 -1 -1 0 0 0 -1 0 0 0 1 0 1 0 1 0 0</float_array>
          <technique_common>
            <accessor source="#ericrolph_cannon_car_wash_carriage_Bed_mesh-mesh-normals-array" count="108" stride="3">
              <param name="X" type="float"/>
              <param name="Y" type="float"/>
              <param name="Z" type="float"/>
            </accessor>
          </technique_common>
        </source>
        <source id="ericrolph_cannon_car_wash_carriage_Bed_mesh-mesh-map-0">
          <float_array id="ericrolph_cannon_car_wash_carriage_Bed_mesh-mesh-map-0-array" count="648">0.13125 0.7467392 0.1276415 0.75 0.125 0.7467392 0.4178572 0.99375 0.3931136 1 0.375 0.9937499 0.4178571 0.00326085 0.375 0.001378238 0.4178571 0 0.5821428 0.99375 0.625 0.9973585 0.5821428 1 0.8687501 0.7467392 0.875 0.7486218 0.86875 0.7500001 0.5821428 0.00326085 0.6068864 0 0.6250001 0.00326085 0.13125 0.5032609 0.125 0.5013782 0.13125 0.5 0.4178572 0.2467391 0.3840568 0.2513208 0.375 0.2467391 0.4178572 0.25625 0.3840568 0.2513208 0.4178572 0.25 0.8687501 0.5032609 0.8723585 0.5 0.875 0.5032609 0.5821428 0.25625 0.6159433 0.2493109 0.625 0.25625 0.5821428 0.2467391 0.6159433 0.2493109 0.5821428 0.25 0.36875 0.7467392 0.3810378 0.7504212 0.3718751 0.7531251 0.4178572 0.7467392 0.3810378 0.7504212 0.375 0.7467392 0.4178572 0.75625 0.3810378 0.7504212 0.4178571 0.75 0.6312501 0.7467392 0.6198427 0.7495406 0.6250001 0.7467392 0.5821428 0.75625 0.6198427 0.7495406 0.6281249 0.753125 0.5821428 0.7467391 0.6198427 0.7495406 0.5821428 0.7500001 0.36875 0.5032609 0.3801574 0.5004594 0.375 0.5032609 0.4178572 0.49375 0.3801574 0.5004594 0.371875 0.4968749 0.4178571 0.5032609 0.3801574 0.5004594 0.4178571 0.5 0.63125 0.5032609 0.6189622 0.4995789 0.628125 0.496875 0.5821428 0.5032609 0.6189622 0.4995789 0.6250001 0.5032609 0.5821429 0.49375 0.6189622 0.4995789 0.5821428 0.5 0.13125 0.5032609 0.125 0.7467392 0.125 0.5032608 0.375 0.00326085 0.4178572 0.2467391 0.375 0.2467391 0.5821428 0.99375 0.4178571 1 0.4178572 0.99375 0.5821429 0 0.4178571 0.00326085 0.4178571 0 0.8687501 0.5032609 0.875 0.7467392 0.8687501 0.7467392 0.6250001 0.2467391 0.5821428 0.00326085 0.6250001 0.00326085 0.4178572 0.25625 0.5821428 0.25 0.5821428 0.25625 0.5821428 0.25 0.4178572 0.2467391 0.5821428 0.2467391 0.13125 0.5032609 0.371875 0.4968749 0.36875 0.5032609 0.375 0.25625 0.4178572 0.49375 0.371875 0.4968749 0.63125 0.5032609 0.86875 0.5 0.8687501 0.5032609 0.628125 0.496875 0.5821428 0.25625 0.625 0.25625 0.5821428 0.5032609 0.4178571 0.5 0.5821428 0.5 0.4178571 0.5 0.5821429 0.49375 0.5821428 0.5 0.36875 0.7467392 0.375 0.5032609 0.375 0.7467392 0.375 0.5032609 0.4178572 0.7467392 0.375 0.7467392 0.63125 0.5032609 0.6250001 0.7467392 0.6250001 0.5032609 0.6250001 0.7467392 0.5821428 0.5032609 0.6250001 0.5032609 0.4178572 0.75625 0.5821428 0.7500001 0.5821428 0.75625 0.5821428 0.7500001 0.4178572 0.7467392 0.5821428 0.7467391 0.36875 0.7467392 0.13125 0.75 0.13125 0.7467392 0.3718751 0.7531251 0.4178572 0.99375 0.375 0.9937499 0.8687501 0.7467392 0.6281249 0.753125 0.6312501 0.7467392 0.625 0.9937499 0.5821428 0.75625 0.6281249 0.753125 0.36875 0.5032609 0.13125 0.7467392 0.13125 0.5032609 0.5821428 0.00326085 0.4178572 0.2467391 0.4178571 0.00326085 0.5821428 0.75625 0.4178572 0.99375 0.4178572 0.75625 0.8687501 0.5032609 0.6312501 0.7467392 0.63125 0.5032609 0.5821428 0.25625 0.4178572 0.49375 0.4178572 0.25625 0.5821428 0.5032609 0.4178572 0.7467392 0.4178571 0.5032609 0.13125 0.7467392 0.13125 0.75 0.1276415 0.75 0.4178572 0.99375 0.4178571 1 0.3931136 1 0.4178571 0.00326085 0.375 0.00326085 0.375 0.001378238 0.5821428 0.99375 0.625 0.9937499 0.625 0.9973585 0.8687501 0.7467392 0.875 0.7467392 0.875 0.7486218 0.5821428 0.00326085 0.5821429 0 0.6068864 0 0.13125 0.5032609 0.125 0.5032608 0.125 0.5013782 0.4178572 0.2467391 0.4178572 0.25 0.3840568 0.2513208 0.4178572 0.25625 0.375 0.25625 0.3840568 0.2513208 0.8687501 0.5032609 0.86875 0.5 0.8723585 0.5 0.5821428 0.25625 0.5821428 0.25 0.6159433 0.2493109 0.5821428 0.2467391 0.6250001 0.2467391 0.6159433 0.2493109 0.36875 0.7467392 0.375 0.7467392 0.3810378 0.7504212 0.4178572 0.7467392 0.4178571 0.75 0.3810378 0.7504212 0.4178572 0.75625 0.3718751 0.7531251 0.3810378 0.7504212 0.6312501 0.7467392 0.6281249 0.753125 0.6198427 0.7495406 0.5821428 0.75625 0.5821428 0.7500001 0.6198427 0.7495406 0.5821428 0.7467391 0.6250001 0.7467392 0.6198427 0.7495406 0.36875 0.5032609 0.371875 0.4968749 0.3801574 0.5004594 0.4178572 0.49375 0.4178571 0.5 0.3801574 0.5004594 0.4178571 0.5032609 0.375 0.5032609 0.3801574 0.5004594 0.63125 0.5032609 0.6250001 0.5032609 0.6189622 0.4995789 0.5821428 0.5032609 0.5821428 0.5 0.6189622 0.4995789 0.5821429 0.49375 0.628125 0.496875 0.6189622 0.4995789 0.13125 0.5032609 0.13125 0.7467392 0.125 0.7467392 0.375 0.00326085 0.4178571 0.00326085 0.4178572 0.2467391 0.5821428 0.99375 0.5821428 1 0.4178571 1 0.5821429 0 0.5821428 0.00326085 0.4178571 0.00326085 0.8687501 0.5032609 0.875 0.5032609 0.875 0.7467392 0.6250001 0.2467391 0.5821428 0.2467391 0.5821428 0.00326085 0.4178572 0.25625 0.4178572 0.25 0.5821428 0.25 0.5821428 0.25 0.4178572 0.25 0.4178572 0.2467391 0.13125 0.5032609 0.13125 0.5 0.371875 0.4968749 0.375 0.25625 0.4178572 0.25625 0.4178572 0.49375 0.63125 0.5032609 0.628125 0.496875 0.86875 0.5 0.628125 0.496875 0.5821429 0.49375 0.5821428 0.25625 0.5821428 0.5032609 0.4178571 0.5032609 0.4178571 0.5 0.4178571 0.5 0.4178572 0.49375 0.5821429 0.49375 0.36875 0.7467392 0.36875 0.5032609 0.375 0.5032609 0.375 0.5032609 0.4178571 0.5032609 0.4178572 0.7467392 0.63125 0.5032609 0.6312501 0.7467392 0.6250001 0.7467392 0.6250001 0.7467392 0.5821428 0.7467391 0.5821428 0.5032609 0.4178572 0.75625 0.4178571 0.75 0.5821428 0.7500001 0.5821428 0.7500001 0.4178571 0.75 0.4178572 0.7467392 0.36875 0.7467392 0.3718751 0.7531251 0.13125 0.75 0.3718751 0.7531251 0.4178572 0.75625 0.4178572 0.99375 0.8687501 0.7467392 0.86875 0.7500001 0.6281249 0.753125 0.625 0.9937499 0.5821428 0.99375 0.5821428 0.75625 0.36875 0.5032609 0.36875 0.7467392 0.13125 0.7467392 0.5821428 0.00326085 0.5821428 0.2467391 0.4178572 0.2467391 0.5821428 0.75625 0.5821428 0.99375 0.4178572 0.99375 0.8687501 0.5032609 0.8687501 0.7467392 0.6312501 0.7467392 0.5821428 0.25625 0.5821429 0.49375 0.4178572 0.49375 0.5821428 0.5032609 0.5821428 0.7467391 0.4178572 0.7467392</float_array>
          <technique_common>
            <accessor source="#ericrolph_cannon_car_wash_carriage_Bed_mesh-mesh-map-0-array" count="324" stride="2">
              <param name="S" type="float"/>
              <param name="T" type="float"/>
            </accessor>
          </technique_common>
        </source>
        <vertices id="ericrolph_cannon_car_wash_carriage_Bed_mesh-mesh-vertices">
          <input semantic="POSITION" source="#ericrolph_cannon_car_wash_carriage_Bed_mesh-mesh-positions"/>
        </vertices>
        <triangles material="ericrolph_cannon_car_wash_carriage_oak-material" count="108">
          <input semantic="VERTEX" source="#ericrolph_cannon_car_wash_carriage_Bed_mesh-mesh-vertices" offset="0"/>
          <input semantic="NORMAL" source="#ericrolph_cannon_car_wash_carriage_Bed_mesh-mesh-normals" offset="1"/>
          <input semantic="TEXCOORD" source="#ericrolph_cannon_car_wash_carriage_Bed_mesh-mesh-map-0" offset="2" set="0"/>
          <p>0 0 0 4 0 1 6 0 2 1 1 3 4 1 4 3 1 5 2 2 6 4 2 7 5 2 8 7 3 9 11 3 10 13 3 11 8 4 12 11 4 13 10 4 14 9 5 15 11 5 16 12 5 17 14 6 18 18 6 19 20 6 20 15 7 21 18 7 22 17 7 23 16 8 24 18 8 25 19 8 26 21 9 27 25 9 28 27 9 29 22 10 30 25 10 31 24 10 32 23 11 33 25 11 34 26 11 35 28 12 36 32 12 37 34 12 38 29 13 39 32 13 40 31 13 41 30 14 42 32 14 43 33 14 44 35 15 45 39 15 46 41 15 47 36 16 48 39 16 49 38 16 50 37 17 51 39 17 52 40 17 53 42 18 54 46 18 55 48 18 56 43 19 57 46 19 58 45 19 59 44 20 60 46 20 61 47 20 62 49 21 63 53 21 64 55 21 65 50 22 66 53 22 67 52 22 68 51 23 69 53 23 70 54 23 71 14 24 72 6 24 73 17 24 74 6 25 75 15 25 76 17 25 77 7 26 78 5 26 79 1 26 80 13 27 81 2 27 82 5 27 83 21 28 84 12 28 85 8 28 86 27 29 87 9 29 88 12 29 89 16 30 90 26 30 91 22 30 92 26 31 93 15 31 94 23 31 95 14 32 96 45 32 97 42 32 98 20 33 99 43 33 100 45 33 101 49 34 102 24 34 103 21 34 104 55 35 105 22 35 106 24 35 107 50 36 108 47 36 109 54 36 110 47 37 111 51 37 112 54 37 113 28 38 114 48 38 115 31 38 116 48 39 117 29 39 118 31 39 119 49 40 120 41 40 121 52 40 122 41 41 123 50 41 124 52 41 125 30 42 126 40 42 127 36 42 128 40 43 129 29 43 130 37 43 131 28 44 132 3 44 133 0 44 134 34 45 135 1 45 136 3 45 137 8 46 138 38 46 139 35 46 140 10 47 141 36 47 142 38 47 143 42 48 144 0 48 145 14 48 146 9 49 147 15 49 148 2 49 149 36 50 150 1 50 151 30 50 152 21 51 153 35 51 154 49 51 155 22 52 156 43 52 157 16 52 158 50 53 159 29 53 160 44 53 161 0 54 162 3 54 163 4 54 164 1 55 165 5 55 166 4 55 167 2 56 168 6 56 169 4 56 170 7 57 171 10 57 172 11 57 173 8 58 174 12 58 175 11 58 176 9 59 177 13 59 178 11 59 179 14 60 180 17 60 181 18 60 182 15 61 183 19 61 184 18 61 185 16 62 186 20 62 187 18 62 188 21 63 189 24 63 190 25 63 191 22 64 192 26 64 193 25 64 194 23 65 195 27 65 196 25 65 197 28 66 198 31 66 199 32 66 200 29 67 201 33 67 202 32 67 203 30 68 204 34 68 205 32 68 206 35 69 207 38 69 208 39 69 209 36 70 210 40 70 211 39 70 212 37 71 213 41 71 214 39 71 215 42 72 216 45 72 217 46 72 218 43 73 219 47 73 220 46 73 221 44 74 222 48 74 223 46 74 224 49 75 225 52 75 226 53 75 227 50 76 228 54 76 229 53 76 230 51 77 231 55 77 232 53 77 233 14 78 234 0 78 235 6 78 236 6 79 237 2 79 238 15 79 239 7 80 240 13 80 241 5 80 242 13 81 243 9 81 244 2 81 245 21 82 246 27 82 247 12 82 248 27 83 249 23 83 250 9 83 251 16 84 252 19 84 253 26 84 254 26 85 255 19 85 256 15 85 257 14 86 258 20 86 259 45 86 260 20 87 261 16 87 262 43 87 263 49 88 264 55 88 265 24 88 266 55 89 267 51 89 268 22 89 269 50 90 270 44 90 271 47 90 272 47 91 273 43 91 274 51 91 275 28 92 276 42 92 277 48 92 278 48 93 279 44 93 280 29 93 281 49 94 282 35 94 283 41 94 284 41 95 285 37 95 286 50 95 287 30 96 288 33 96 289 40 96 290 40 97 291 33 97 292 29 97 293 28 98 294 34 98 295 3 98 296 34 99 297 30 99 298 1 99 299 8 100 300 10 100 301 38 100 302 10 101 303 7 101 304 36 101 305 42 102 306 28 102 307 0 102 308 9 103 309 23 103 310 15 103 311 36 104 312 7 104 313 1 104 314 21 105 315 8 105 316 35 105 317 22 106 318 51 106 319 43 106 320 50 107 321 37 107 322 29 107 323</p>
        </triangles>
      </mesh>
    </geometry>
    <geometry id="ericrolph_cannon_car_wash_carriage_CapSquare_L_mesh-mesh" name="ericrolph_cannon_car_wash_carriage_CapSquare_L_mesh">
      <mesh>
        <source id="ericrolph_cannon_car_wash_carriage_CapSquare_L_mesh-mesh-positions">
          <float_array id="ericrolph_cannon_car_wash_carriage_CapSquare_L_mesh-mesh-positions-array" count="24">-0.01999998 -0.04499995 -0.01099997 -0.01999998 -0.04499995 0.01099997 -0.01999998 0.04499995 -0.01099997 -0.01999998 0.04499995 0.01099997 0.01999998 -0.04499995 -0.01099997 0.01999998 -0.04499995 0.01099997 0.01999998 0.04499995 -0.01099997 0.01999998 0.04499995 0.01099997</float_array>
          <technique_common>
            <accessor source="#ericrolph_cannon_car_wash_carriage_CapSquare_L_mesh-mesh-positions-array" count="8" stride="3">
              <param name="X" type="float"/>
              <param name="Y" type="float"/>
              <param name="Z" type="float"/>
            </accessor>
          </technique_common>
        </source>
        <source id="ericrolph_cannon_car_wash_carriage_CapSquare_L_mesh-mesh-normals">
          <float_array id="ericrolph_cannon_car_wash_carriage_CapSquare_L_mesh-mesh-normals-array" count="36">-1 0 0 0 1 0 1 0 0 0 -1 0 0 0 -1 0 0 1 -1 0 0 0 1 0 1 0 0 0 -1 0 0 0 -1 0 0 1</float_array>
          <technique_common>
            <accessor source="#ericrolph_cannon_car_wash_carriage_CapSquare_L_mesh-mesh-normals-array" count="12" stride="3">
              <param name="X" type="float"/>
              <param name="Y" type="float"/>
              <param name="Z" type="float"/>
            </accessor>
          </technique_common>
        </source>
        <source id="ericrolph_cannon_car_wash_carriage_CapSquare_L_mesh-mesh-map-0">
          <float_array id="ericrolph_cannon_car_wash_carriage_CapSquare_L_mesh-mesh-map-0-array" count="72">0.625 0 0.375 0.25 0.375 0 0.625 0.25 0.375 0.5 0.375 0.25 0.625 0.5 0.375 0.75 0.375 0.5 0.625 0.75 0.375 1 0.375 0.75 0.375 0.5 0.125 0.75 0.125 0.5 0.875 0.5 0.625 0.75 0.625 0.5 0.625 0 0.625 0.25 0.375 0.25 0.625 0.25 0.625 0.5 0.375 0.5 0.625 0.5 0.625 0.75 0.375 0.75 0.625 0.75 0.625 1 0.375 1 0.375 0.5 0.375 0.75 0.125 0.75 0.875 0.5 0.875 0.75 0.625 0.75</float_array>
          <technique_common>
            <accessor source="#ericrolph_cannon_car_wash_carriage_CapSquare_L_mesh-mesh-map-0-array" count="36" stride="2">
              <param name="S" type="float"/>
              <param name="T" type="float"/>
            </accessor>
          </technique_common>
        </source>
        <vertices id="ericrolph_cannon_car_wash_carriage_CapSquare_L_mesh-mesh-vertices">
          <input semantic="POSITION" source="#ericrolph_cannon_car_wash_carriage_CapSquare_L_mesh-mesh-positions"/>
        </vertices>
        <triangles material="ericrolph_cannon_car_wash_attract_iron-material" count="12">
          <input semantic="VERTEX" source="#ericrolph_cannon_car_wash_carriage_CapSquare_L_mesh-mesh-vertices" offset="0"/>
          <input semantic="NORMAL" source="#ericrolph_cannon_car_wash_carriage_CapSquare_L_mesh-mesh-normals" offset="1"/>
          <input semantic="TEXCOORD" source="#ericrolph_cannon_car_wash_carriage_CapSquare_L_mesh-mesh-map-0" offset="2" set="0"/>
          <p>1 0 0 2 0 1 0 0 2 3 1 3 6 1 4 2 1 5 7 2 6 4 2 7 6 2 8 5 3 9 0 3 10 4 3 11 6 4 12 0 4 13 2 4 14 3 5 15 5 5 16 7 5 17 1 6 18 3 6 19 2 6 20 3 7 21 7 7 22 6 7 23 7 8 24 5 8 25 4 8 26 5 9 27 1 9 28 0 9 29 6 10 30 4 10 31 0 10 32 3 11 33 1 11 34 5 11 35</p>
        </triangles>
      </mesh>
    </geometry>
    <geometry id="ericrolph_cannon_car_wash_carriage_CapSquare_R_mesh-mesh" name="ericrolph_cannon_car_wash_carriage_CapSquare_R_mesh">
      <mesh>
        <source id="ericrolph_cannon_car_wash_carriage_CapSquare_R_mesh-mesh-positions">
          <float_array id="ericrolph_cannon_car_wash_carriage_CapSquare_R_mesh-mesh-positions-array" count="24">-0.01999998 -0.04499995 -0.01099997 -0.01999998 -0.04499995 0.01099997 -0.01999998 0.04499995 -0.01099997 -0.01999998 0.04499995 0.01099997 0.01999998 -0.04499995 -0.01099997 0.01999998 -0.04499995 0.01099997 0.01999998 0.04499995 -0.01099997 0.01999998 0.04499995 0.01099997</float_array>
          <technique_common>
            <accessor source="#ericrolph_cannon_car_wash_carriage_CapSquare_R_mesh-mesh-positions-array" count="8" stride="3">
              <param name="X" type="float"/>
              <param name="Y" type="float"/>
              <param name="Z" type="float"/>
            </accessor>
          </technique_common>
        </source>
        <source id="ericrolph_cannon_car_wash_carriage_CapSquare_R_mesh-mesh-normals">
          <float_array id="ericrolph_cannon_car_wash_carriage_CapSquare_R_mesh-mesh-normals-array" count="36">-1 0 0 0 1 0 1 0 0 0 -1 0 0 0 -1 0 0 1 -1 0 0 0 1 0 1 0 0 0 -1 0 0 0 -1 0 0 1</float_array>
          <technique_common>
            <accessor source="#ericrolph_cannon_car_wash_carriage_CapSquare_R_mesh-mesh-normals-array" count="12" stride="3">
              <param name="X" type="float"/>
              <param name="Y" type="float"/>
              <param name="Z" type="float"/>
            </accessor>
          </technique_common>
        </source>
        <source id="ericrolph_cannon_car_wash_carriage_CapSquare_R_mesh-mesh-map-0">
          <float_array id="ericrolph_cannon_car_wash_carriage_CapSquare_R_mesh-mesh-map-0-array" count="72">0.625 0 0.375 0.25 0.375 0 0.625 0.25 0.375 0.5 0.375 0.25 0.625 0.5 0.375 0.75 0.375 0.5 0.625 0.75 0.375 1 0.375 0.75 0.375 0.5 0.125 0.75 0.125 0.5 0.875 0.5 0.625 0.75 0.625 0.5 0.625 0 0.625 0.25 0.375 0.25 0.625 0.25 0.625 0.5 0.375 0.5 0.625 0.5 0.625 0.75 0.375 0.75 0.625 0.75 0.625 1 0.375 1 0.375 0.5 0.375 0.75 0.125 0.75 0.875 0.5 0.875 0.75 0.625 0.75</float_array>
          <technique_common>
            <accessor source="#ericrolph_cannon_car_wash_carriage_CapSquare_R_mesh-mesh-map-0-array" count="36" stride="2">
              <param name="S" type="float"/>
              <param name="T" type="float"/>
            </accessor>
          </technique_common>
        </source>
        <vertices id="ericrolph_cannon_car_wash_carriage_CapSquare_R_mesh-mesh-vertices">
          <input semantic="POSITION" source="#ericrolph_cannon_car_wash_carriage_CapSquare_R_mesh-mesh-positions"/>
        </vertices>
        <triangles material="ericrolph_cannon_car_wash_attract_iron-material" count="12">
          <input semantic="VERTEX" source="#ericrolph_cannon_car_wash_carriage_CapSquare_R_mesh-mesh-vertices" offset="0"/>
          <input semantic="NORMAL" source="#ericrolph_cannon_car_wash_carriage_CapSquare_R_mesh-mesh-normals" offset="1"/>
          <input semantic="TEXCOORD" source="#ericrolph_cannon_car_wash_carriage_CapSquare_R_mesh-mesh-map-0" offset="2" set="0"/>
          <p>1 0 0 2 0 1 0 0 2 3 1 3 6 1 4 2 1 5 7 2 6 4 2 7 6 2 8 5 3 9 0 3 10 4 3 11 6 4 12 0 4 13 2 4 14 3 5 15 5 5 16 7 5 17 1 6 18 3 6 19 2 6 20 3 7 21 7 7 22 6 7 23 7 8 24 5 8 25 4 8 26 5 9 27 1 9 28 0 9 29 6 10 30 4 10 31 0 10 32 3 11 33 1 11 34 5 11 35</p>
        </triangles>
      </mesh>
    </geometry>
    <geometry id="ericrolph_cannon_car_wash_carriage_Cheek_L_Step1_mesh-mesh" name="ericrolph_cannon_car_wash_carriage_Cheek_L_Step1_mesh">
      <mesh>
        <source id="ericrolph_cannon_car_wash_carriage_Cheek_L_Step1_mesh-mesh-positions">
          <float_array id="ericrolph_cannon_car_wash_carriage_Cheek_L_Step1_mesh-mesh-positions-array" count="168">-0.0115 -0.164 -0.04499995 -0.0115 -0.17 -0.03899997 -0.01749998 -0.164 -0.03899997 -0.0115 -0.1682426 -0.04324263 -0.0149641 -0.1674641 -0.04246407 -0.01574259 -0.1682426 -0.03899997 -0.01574259 -0.164 -0.04324263 -0.0115 -0.17 0.03899997 -0.0115 -0.164 0.04499995 -0.01749998 -0.164 0.03899997 -0.0115 -0.1682426 0.04324263 -0.0149641 -0.1674641 0.04246407 -0.01574259 -0.164 0.04324263 -0.01574259 -0.1682426 0.03899997 -0.0115 0.164 -0.04499995 -0.01749998 0.164 -0.03899997 -0.0115 0.17 -0.03899997 -0.01574259 0.164 -0.04324263 -0.0149641 0.1674641 -0.04246407 -0.01574259 0.1682426 -0.03899997 -0.0115 0.1682426 -0.04324263 -0.0115 0.164 0.04499995 -0.0115 0.17 0.03899997 -0.01749998 0.164 0.03899997 -0.0115 0.1682426 0.04324263 -0.0149641 0.1674641 0.04246407 -0.01574259 0.1682426 0.03899997 -0.01574259 0.164 0.04324263 0.0115 -0.164 -0.04499995 0.01749998 -0.164 -0.03899997 0.0115 -0.17 -0.03899997 0.01574259 -0.164 -0.04324263 0.0149641 -0.1674641 -0.04246407 0.01574259 -0.1682426 -0.03899997 0.0115 -0.1682426 -0.04324263 0.0115 -0.164 0.04499995 0.0115 -0.17 0.03899997 0.01749998 -0.164 0.03899997 0.0115 -0.1682426 0.04324263 0.0149641 -0.1674641 0.04246407 0.01574259 -0.1682426 0.03899997 0.01574259 -0.164 0.04324263 0.0115 0.164 -0.04499995 0.0115 0.17 -0.03899997 0.01749998 0.164 -0.03899997 0.0115 0.1682426 -0.04324263 0.0149641 0.1674641 -0.04246407 0.01574259 0.1682426 -0.03899997 0.01574259 0.164 -0.04324263 0.0115 0.164 0.04499995 0.01749998 0.164 0.03899997 0.0115 0.17 0.03899997 0.01574259 0.164 0.04324263 0.0149641 0.1674641 0.04246407 0.01574259 0.1682426 0.03899997 0.0115 0.1682426 0.04324263</float_array>
          <technique_common>
            <accessor source="#ericrolph_cannon_car_wash_carriage_Cheek_L_Step1_mesh-mesh-positions-array" count="56" stride="3">
              <param name="X" type="float"/>
              <param name="Y" type="float"/>
              <param name="Z" type="float"/>
            </accessor>
          </technique_common>
        </source>
        <source id="ericrolph_cannon_car_wash_carriage_Cheek_L_Step1_mesh-mesh-normals">
          <float_array id="ericrolph_cannon_car_wash_carriage_Cheek_L_Step1_mesh-mesh-normals-array" count="324">-0.3671793 -0.2817476 -0.8864523 -0.2817479 -0.8864524 -0.3671787 -0.886452 -0.3671799 -0.2817475 -0.3671791 -0.8864523 0.2817476 -0.2817479 -0.3671791 0.8864523 -0.8864521 -0.2817475 0.3671799 -0.2817479 0.3671791 -0.8864523 -0.8864521 0.2817475 -0.3671799 -0.3671791 0.8864523 -0.2817476 -0.3671793 0.2817476 0.8864523 -0.2817479 0.8864524 0.3671787 -0.886452 0.3671799 0.2817475 0.2817479 -0.3671791 -0.8864523 0.8864521 -0.2817475 -0.3671799 0.3671791 -0.8864523 -0.2817476 0.3671793 -0.2817476 0.8864523 0.2817479 -0.8864524 0.3671787 0.886452 -0.3671799 0.2817475 0.3671793 0.2817476 -0.8864523 0.2817479 0.8864524 -0.3671787 0.886452 0.3671799 -0.2817475 0.2817479 0.3671791 0.8864523 0.8864521 0.2817475 0.3671799 0.3671791 0.8864523 0.2817476 -0.3826824 0 -0.92388 -0.9238798 0 -0.3826829 -0.3826823 -0.92388 0 -0.9238797 -0.3826831 0 -0.3826824 0 0.92388 -0.9238798 0 0.3826829 -0.3826823 0.92388 0 -0.9238797 0.3826831 0 0 0.3826821 -0.9238801 0 0.9238802 -0.3826818 0 0.3826821 0.9238801 0 0.9238802 0.3826818 0.9238796 0.3826832 0 0.3826823 0.92388 0 0.3826824 0 -0.92388 0.9238798 0 -0.3826829 0.3826824 0 0.92388 0.9238798 0 0.3826829 0.3826823 -0.92388 0 0.9238797 -0.3826831 0 0 -0.3826821 -0.9238801 0 -0.9238802 -0.3826818 0 -0.3826821 0.9238801 0 -0.9238802 0.3826818 0 0 -1 -1 0 0 0 -1 0 0 0 1 0 1 0 1 0 0 -0.2817479 -0.3671791 -0.8864523 -0.367179 -0.8864524 -0.2817476 -0.8864521 -0.2817475 -0.3671799 -0.2817479 -0.8864524 0.3671788 -0.3671793 -0.2817476 0.8864521 -0.8864521 -0.3671799 0.2817475 -0.3671793 0.2817476 -0.8864521 -0.8864521 0.3671799 -0.2817475 -0.2817479 0.8864524 -0.3671788 -0.2817479 0.3671791 0.8864523 -0.367179 0.8864524 0.2817476 -0.8864521 0.2817475 0.3671799 0.3671793 -0.2817476 -0.8864521 0.8864521 -0.3671799 -0.2817475 0.2817479 -0.8864524 -0.3671788 0.2817479 -0.3671791 0.8864523 0.367179 -0.8864524 0.2817476 0.8864521 -0.2817475 0.3671799 0.2817479 0.3671791 -0.8864523 0.367179 0.8864524 -0.2817476 0.8864521 0.2817475 -0.3671799 0.3671793 0.2817476 0.8864521 0.8864521 0.3671799 0.2817475 0.2817479 0.8864524 0.3671788 -0.3826823 0 -0.92388 -0.9238798 0 -0.3826829 -0.3826823 -0.92388 0 -0.9238796 -0.3826832 0 -0.3826823 0 0.92388 -0.9238798 0 0.3826829 -0.3826823 0.92388 0 -0.9238796 0.3826832 0 0 0.3826821 -0.9238801 0 0.9238802 -0.3826818 0 0.3826821 0.9238801 0 0.9238802 0.3826818 0.9238797 0.3826832 0 0.3826823 0.92388 0 0.3826823 0 -0.92388 0.9238798 0 -0.3826829 0.3826823 0 0.92388 0.9238798 0 0.3826829 0.3826823 -0.92388 0 0.9238796 -0.3826832 0 0 -0.3826821 -0.9238801 0 -0.9238802 -0.3826818 0 -0.3826821 0.9238801 0 -0.9238802 0.3826818 0 0 -1 -1 0 0 0 -1 0 0 0 1 0 1 0 1 0 0</float_array>
          <technique_common>
            <accessor source="#ericrolph_cannon_car_wash_carriage_Cheek_L_Step1_mesh-mesh-normals-array" count="108" stride="3">
              <param name="X" type="float"/>
              <param name="Y" type="float"/>
              <param name="Z" type="float"/>
            </accessor>
          </technique_common>
        </source>
        <source id="ericrolph_cannon_car_wash_carriage_Cheek_L_Step1_mesh-mesh-map-0">
          <float_array id="ericrolph_cannon_car_wash_carriage_Cheek_L_Step1_mesh-mesh-map-0-array" count="648">0.1678571 0.7455883 0.1431135 0.75 0.125 0.7455883 0.3916667 0.9571428 0.3820441 1 0.375 0.9571428 0.3916666 0.004411756 0.375 0.001864612 0.3916667 0 0.6083334 0.9571427 0.625 0.9818865 0.6083334 1 0.832143 0.7455883 0.875 0.7481354 0.8321428 0.75 0.6083334 0.004411756 0.6179559 0 0.6250001 0.004411756 0.1678571 0.5044118 0.125 0.5018647 0.1678571 0.5 0.3916667 0.2455882 0.378522 0.2590568 0.375 0.2455882 0.3916667 0.2928571 0.378522 0.2590568 0.3916667 0.25 0.832143 0.5044118 0.8568865 0.5 0.8750001 0.5044118 0.6083334 0.2928571 0.621478 0.2490677 0.625 0.2928572 0.6083334 0.2455882 0.621478 0.2490677 0.6083334 0.25 0.3321428 0.7455883 0.377348 0.7554163 0.3535714 0.7714287 0.3916667 0.7455883 0.377348 0.7554163 0.375 0.7455883 0.3916667 0.7928572 0.377348 0.7554163 0.3916667 0.75 0.6678571 0.7455883 0.6286898 0.7493785 0.625 0.7455881 0.6083333 0.7928571 0.6286898 0.7493785 0.6464286 0.7714287 0.6083334 0.7455882 0.6286898 0.7493785 0.6083334 0.75 0.3321428 0.5044117 0.3713102 0.5006216 0.375 0.5044118 0.3916667 0.4571428 0.3713102 0.5006216 0.3535714 0.4785714 0.3916666 0.5044118 0.3713102 0.5006216 0.3916667 0.5 0.6678571 0.5044118 0.622652 0.4945837 0.6464286 0.4785714 0.6083334 0.5044118 0.622652 0.4945837 0.6250001 0.5044118 0.6083334 0.4571429 0.622652 0.4945837 0.6083334 0.5 0.1678571 0.7455883 0.125 0.5044118 0.1678571 0.5044118 0.375 0.004411756 0.3916667 0.2455882 0.375 0.2455882 0.6083334 0.9571427 0.3916667 1 0.3916667 0.9571428 0.6083334 0 0.3916666 0.004411756 0.3916667 0 0.832143 0.5044118 0.875 0.7455882 0.832143 0.7455883 0.625 0.2455882 0.6083334 0.004411756 0.6250001 0.004411756 0.3916667 0.2928571 0.6083334 0.25 0.6083334 0.2928571 0.3916667 0.25 0.6083334 0.2455882 0.6083334 0.25 0.3321428 0.5044117 0.1678571 0.5 0.3535714 0.4785714 0.375 0.2928571 0.3916667 0.4571428 0.3535714 0.4785714 0.832143 0.5044118 0.6464286 0.4785714 0.8321429 0.5 0.6464286 0.4785714 0.6083334 0.2928571 0.625 0.2928572 0.3916666 0.5044118 0.6083334 0.5 0.6083334 0.5044118 0.3916667 0.5 0.6083334 0.4571429 0.6083334 0.5 0.3321428 0.5044117 0.375 0.7455883 0.3321428 0.7455883 0.375 0.5044118 0.3916667 0.7455883 0.375 0.7455883 0.6678571 0.7455883 0.6250001 0.5044118 0.6678571 0.5044118 0.625 0.7455881 0.6083334 0.5044118 0.6250001 0.5044118 0.3916667 0.7928572 0.6083334 0.75 0.6083333 0.7928571 0.3916667 0.75 0.6083334 0.7455882 0.6083334 0.75 0.1678571 0.7455883 0.3535714 0.7714287 0.1678571 0.75 0.3535714 0.7714287 0.3916667 0.9571428 0.375 0.9571428 0.6678571 0.7455883 0.8321428 0.75 0.6464286 0.7714287 0.625 0.9571428 0.6083333 0.7928571 0.6464286 0.7714287 0.3321428 0.5044117 0.1678571 0.7455883 0.1678571 0.5044118 0.6083334 0.004411756 0.3916667 0.2455882 0.3916666 0.004411756 0.6083333 0.7928571 0.3916667 0.9571428 0.3916667 0.7928572 0.832143 0.5044118 0.6678571 0.7455883 0.6678571 0.5044118 0.6083334 0.2928571 0.3916667 0.4571428 0.3916667 0.2928571 0.6083334 0.5044118 0.3916667 0.7455883 0.3916666 0.5044118 0.1678571 0.7455883 0.1678571 0.75 0.1431135 0.75 0.3916667 0.9571428 0.3916667 1 0.3820441 1 0.3916666 0.004411756 0.375 0.004411756 0.375 0.001864612 0.6083334 0.9571427 0.625 0.9571428 0.625 0.9818865 0.832143 0.7455883 0.875 0.7455882 0.875 0.7481354 0.6083334 0.004411756 0.6083334 0 0.6179559 0 0.1678571 0.5044118 0.125 0.5044118 0.125 0.5018647 0.3916667 0.2455882 0.3916667 0.25 0.378522 0.2590568 0.3916667 0.2928571 0.375 0.2928571 0.378522 0.2590568 0.832143 0.5044118 0.8321429 0.5 0.8568865 0.5 0.6083334 0.2928571 0.6083334 0.25 0.621478 0.2490677 0.6083334 0.2455882 0.625 0.2455882 0.621478 0.2490677 0.3321428 0.7455883 0.375 0.7455883 0.377348 0.7554163 0.3916667 0.7455883 0.3916667 0.75 0.377348 0.7554163 0.3916667 0.7928572 0.3535714 0.7714287 0.377348 0.7554163 0.6678571 0.7455883 0.6464286 0.7714287 0.6286898 0.7493785 0.6083333 0.7928571 0.6083334 0.75 0.6286898 0.7493785 0.6083334 0.7455882 0.625 0.7455881 0.6286898 0.7493785 0.3321428 0.5044117 0.3535714 0.4785714 0.3713102 0.5006216 0.3916667 0.4571428 0.3916667 0.5 0.3713102 0.5006216 0.3916666 0.5044118 0.375 0.5044118 0.3713102 0.5006216 0.6678571 0.5044118 0.6250001 0.5044118 0.622652 0.4945837 0.6083334 0.5044118 0.6083334 0.5 0.622652 0.4945837 0.6083334 0.4571429 0.6464286 0.4785714 0.622652 0.4945837 0.1678571 0.7455883 0.125 0.7455883 0.125 0.5044118 0.375 0.004411756 0.3916666 0.004411756 0.3916667 0.2455882 0.6083334 0.9571427 0.6083334 1 0.3916667 1 0.6083334 0 0.6083334 0.004411756 0.3916666 0.004411756 0.832143 0.5044118 0.8750001 0.5044118 0.875 0.7455882 0.625 0.2455882 0.6083334 0.2455882 0.6083334 0.004411756 0.3916667 0.2928571 0.3916667 0.25 0.6083334 0.25 0.3916667 0.25 0.3916667 0.2455882 0.6083334 0.2455882 0.3321428 0.5044117 0.1678571 0.5044118 0.1678571 0.5 0.375 0.2928571 0.3916667 0.2928571 0.3916667 0.4571428 0.832143 0.5044118 0.6678571 0.5044118 0.6464286 0.4785714 0.6464286 0.4785714 0.6083334 0.4571429 0.6083334 0.2928571 0.3916666 0.5044118 0.3916667 0.5 0.6083334 0.5 0.3916667 0.5 0.3916667 0.4571428 0.6083334 0.4571429 0.3321428 0.5044117 0.375 0.5044118 0.375 0.7455883 0.375 0.5044118 0.3916666 0.5044118 0.3916667 0.7455883 0.6678571 0.7455883 0.625 0.7455881 0.6250001 0.5044118 0.625 0.7455881 0.6083334 0.7455882 0.6083334 0.5044118 0.3916667 0.7928572 0.3916667 0.75 0.6083334 0.75 0.3916667 0.75 0.3916667 0.7455883 0.6083334 0.7455882 0.1678571 0.7455883 0.3321428 0.7455883 0.3535714 0.7714287 0.3535714 0.7714287 0.3916667 0.7928572 0.3916667 0.9571428 0.6678571 0.7455883 0.832143 0.7455883 0.8321428 0.75 0.625 0.9571428 0.6083334 0.9571427 0.6083333 0.7928571 0.3321428 0.5044117 0.3321428 0.7455883 0.1678571 0.7455883 0.6083334 0.004411756 0.6083334 0.2455882 0.3916667 0.2455882 0.6083333 0.7928571 0.6083334 0.9571427 0.3916667 0.9571428 0.832143 0.5044118 0.832143 0.7455883 0.6678571 0.7455883 0.6083334 0.2928571 0.6083334 0.4571429 0.3916667 0.4571428 0.6083334 0.5044118 0.6083334 0.7455882 0.3916667 0.7455883</float_array>
          <technique_common>
            <accessor source="#ericrolph_cannon_car_wash_carriage_Cheek_L_Step1_mesh-mesh-map-0-array" count="324" stride="2">
              <param name="S" type="float"/>
              <param name="T" type="float"/>
            </accessor>
          </technique_common>
        </source>
        <vertices id="ericrolph_cannon_car_wash_carriage_Cheek_L_Step1_mesh-mesh-vertices">
          <input semantic="POSITION" source="#ericrolph_cannon_car_wash_carriage_Cheek_L_Step1_mesh-mesh-positions"/>
        </vertices>
        <triangles material="ericrolph_cannon_car_wash_carriage_oak-material" count="108">
          <input semantic="VERTEX" source="#ericrolph_cannon_car_wash_carriage_Cheek_L_Step1_mesh-mesh-vertices" offset="0"/>
          <input semantic="NORMAL" source="#ericrolph_cannon_car_wash_carriage_Cheek_L_Step1_mesh-mesh-normals" offset="1"/>
          <input semantic="TEXCOORD" source="#ericrolph_cannon_car_wash_carriage_Cheek_L_Step1_mesh-mesh-map-0" offset="2" set="0"/>
          <p>0 0 0 4 0 1 6 0 2 1 1 3 4 1 4 3 1 5 2 2 6 4 2 7 5 2 8 7 3 9 11 3 10 13 3 11 8 4 12 11 4 13 10 4 14 9 5 15 11 5 16 12 5 17 14 6 18 18 6 19 20 6 20 15 7 21 18 7 22 17 7 23 16 8 24 18 8 25 19 8 26 21 9 27 25 9 28 27 9 29 22 10 30 25 10 31 24 10 32 23 11 33 25 11 34 26 11 35 28 12 36 32 12 37 34 12 38 29 13 39 32 13 40 31 13 41 30 14 42 32 14 43 33 14 44 35 15 45 39 15 46 41 15 47 36 16 48 39 16 49 38 16 50 37 17 51 39 17 52 40 17 53 42 18 54 46 18 55 48 18 56 43 19 57 46 19 58 45 19 59 44 20 60 46 20 61 47 20 62 49 21 63 53 21 64 55 21 65 50 22 66 53 22 67 52 22 68 51 23 69 53 23 70 54 23 71 0 24 72 17 24 73 14 24 74 6 25 75 15 25 76 17 25 77 7 26 78 5 26 79 1 26 80 13 27 81 2 27 82 5 27 83 21 28 84 12 28 85 8 28 86 27 29 87 9 29 88 12 29 89 16 30 90 26 30 91 22 30 92 19 31 93 23 31 94 26 31 95 42 32 96 20 32 97 45 32 98 20 33 99 43 33 100 45 33 101 21 34 102 55 34 103 24 34 104 55 35 105 22 35 106 24 35 107 44 36 108 54 36 109 50 36 110 47 37 111 51 37 112 54 37 113 42 38 114 31 38 115 28 38 116 48 39 117 29 39 118 31 39 119 35 40 120 52 40 121 49 40 122 41 41 123 50 41 124 52 41 125 30 42 126 40 42 127 36 42 128 33 43 129 37 43 130 40 43 131 0 44 132 34 44 133 3 44 134 34 45 135 1 45 136 3 45 137 35 46 138 10 46 139 38 46 140 10 47 141 36 47 142 38 47 143 42 48 144 0 48 145 14 48 146 9 49 147 15 49 148 2 49 149 36 50 150 1 50 151 30 50 152 21 51 153 35 51 154 49 51 155 22 52 156 43 52 157 16 52 158 50 53 159 29 53 160 44 53 161 0 54 162 3 54 163 4 54 164 1 55 165 5 55 166 4 55 167 2 56 168 6 56 169 4 56 170 7 57 171 10 57 172 11 57 173 8 58 174 12 58 175 11 58 176 9 59 177 13 59 178 11 59 179 14 60 180 17 60 181 18 60 182 15 61 183 19 61 184 18 61 185 16 62 186 20 62 187 18 62 188 21 63 189 24 63 190 25 63 191 22 64 192 26 64 193 25 64 194 23 65 195 27 65 196 25 65 197 28 66 198 31 66 199 32 66 200 29 67 201 33 67 202 32 67 203 30 68 204 34 68 205 32 68 206 35 69 207 38 69 208 39 69 209 36 70 210 40 70 211 39 70 212 37 71 213 41 71 214 39 71 215 42 72 216 45 72 217 46 72 218 43 73 219 47 73 220 46 73 221 44 74 222 48 74 223 46 74 224 49 75 225 52 75 226 53 75 227 50 76 228 54 76 229 53 76 230 51 77 231 55 77 232 53 77 233 0 78 234 6 78 235 17 78 236 6 79 237 2 79 238 15 79 239 7 80 240 13 80 241 5 80 242 13 81 243 9 81 244 2 81 245 21 82 246 27 82 247 12 82 248 27 83 249 23 83 250 9 83 251 16 84 252 19 84 253 26 84 254 19 85 255 15 85 256 23 85 257 42 86 258 14 86 259 20 86 260 20 87 261 16 87 262 43 87 263 21 88 264 49 88 265 55 88 266 55 89 267 51 89 268 22 89 269 44 90 270 47 90 271 54 90 272 47 91 273 43 91 274 51 91 275 42 92 276 48 92 277 31 92 278 48 93 279 44 93 280 29 93 281 35 94 282 41 94 283 52 94 284 41 95 285 37 95 286 50 95 287 30 96 288 33 96 289 40 96 290 33 97 291 29 97 292 37 97 293 0 98 294 28 98 295 34 98 296 34 99 297 30 99 298 1 99 299 35 100 300 8 100 301 10 100 302 10 101 303 7 101 304 36 101 305 42 102 306 28 102 307 0 102 308 9 103 309 23 103 310 15 103 311 36 104 312 7 104 313 1 104 314 21 105 315 8 105 316 35 105 317 22 106 318 51 106 319 43 106 320 50 107 321 37 107 322 29 107 323</p>
        </triangles>
      </mesh>
    </geometry>
    <geometry id="ericrolph_cannon_car_wash_carriage_Cheek_L_Step2_mesh-mesh" name="ericrolph_cannon_car_wash_carriage_Cheek_L_Step2_mesh">
      <mesh>
        <source id="ericrolph_cannon_car_wash_carriage_Cheek_L_Step2_mesh-mesh-positions">
          <float_array id="ericrolph_cannon_car_wash_carriage_Cheek_L_Step2_mesh-mesh-positions-array" count="168">-0.0115 -0.194 -0.03749996 -0.0115 -0.2 -0.03149998 -0.01749998 -0.194 -0.03149998 -0.0115 -0.1982426 -0.03574264 -0.0149641 -0.1974641 -0.03496408 -0.01574259 -0.1982426 -0.03149998 -0.01574259 -0.194 -0.03574264 -0.0115 -0.2 0.03149998 -0.0115 -0.194 0.03749996 -0.01749998 -0.194 0.03149998 -0.0115 -0.1982426 0.03574264 -0.0149641 -0.1974641 0.03496408 -0.01574259 -0.194 0.03574264 -0.01574259 -0.1982426 0.03149998 -0.0115 0.194 -0.03749996 -0.01749998 0.194 -0.03149998 -0.0115 0.2 -0.03149998 -0.01574259 0.194 -0.03574264 -0.0149641 0.1974641 -0.03496408 -0.01574259 0.1982426 -0.03149998 -0.0115 0.1982426 -0.03574264 -0.0115 0.194 0.03749996 -0.0115 0.2 0.03149998 -0.01749998 0.194 0.03149998 -0.0115 0.1982426 0.03574264 -0.0149641 0.1974641 0.03496408 -0.01574259 0.1982426 0.03149998 -0.01574259 0.194 0.03574264 0.0115 -0.194 -0.03749996 0.01749998 -0.194 -0.03149998 0.0115 -0.2 -0.03149998 0.01574259 -0.194 -0.03574264 0.0149641 -0.1974641 -0.03496408 0.01574259 -0.1982426 -0.03149998 0.0115 -0.1982426 -0.03574264 0.0115 -0.194 0.03749996 0.0115 -0.2 0.03149998 0.01749998 -0.194 0.03149998 0.0115 -0.1982426 0.03574264 0.0149641 -0.1974641 0.03496408 0.01574259 -0.1982426 0.03149998 0.01574259 -0.194 0.03574264 0.0115 0.194 -0.03749996 0.0115 0.2 -0.03149998 0.01749998 0.194 -0.03149998 0.0115 0.1982426 -0.03574264 0.0149641 0.1974641 -0.03496408 0.01574259 0.1982426 -0.03149998 0.01574259 0.194 -0.03574264 0.0115 0.194 0.03749996 0.01749998 0.194 0.03149998 0.0115 0.2 0.03149998 0.01574259 0.194 0.03574264 0.0149641 0.1974641 0.03496408 0.01574259 0.1982426 0.03149998 0.0115 0.1982426 0.03574264</float_array>
          <technique_common>
            <accessor source="#ericrolph_cannon_car_wash_carriage_Cheek_L_Step2_mesh-mesh-positions-array" count="56" stride="3">
              <param name="X" type="float"/>
              <param name="Y" type="float"/>
              <param name="Z" type="float"/>
            </accessor>
          </technique_common>
        </source>
        <source id="ericrolph_cannon_car_wash_carriage_Cheek_L_Step2_mesh-mesh-normals">
          <float_array id="ericrolph_cannon_car_wash_carriage_Cheek_L_Step2_mesh-mesh-normals-array" count="324">-0.3671807 -0.2817469 -0.8864519 -0.2817476 -0.8864523 -0.3671795 -0.8864519 -0.3671801 -0.2817475 -0.3671793 -0.8864523 0.2817476 -0.2817472 -0.3671804 0.886452 -0.886452 -0.2817472 0.3671805 -0.2817472 0.3671804 -0.886452 -0.886452 0.2817472 -0.3671805 -0.3671793 0.8864523 -0.2817476 -0.3671807 0.2817469 0.8864519 -0.2817476 0.8864523 0.3671795 -0.8864519 0.3671801 0.2817475 0.2817472 -0.3671804 -0.886452 0.886452 -0.2817472 -0.3671805 0.3671793 -0.8864523 -0.2817476 0.3671807 -0.2817469 0.8864519 0.2817476 -0.8864523 0.3671795 0.8864519 -0.3671801 0.2817475 0.3671807 0.2817469 -0.8864519 0.2817476 0.8864523 -0.3671795 0.8864519 0.3671801 -0.2817475 0.2817472 0.3671804 0.886452 0.886452 0.2817472 0.3671805 0.3671793 0.8864523 0.2817476 -0.3826836 0 -0.9238795 -0.9238796 0 -0.3826835 -0.3826825 -0.92388 0 -0.9238797 -0.3826832 0 -0.3826836 0 0.9238795 -0.9238796 0 0.3826835 -0.3826825 0.92388 0 -0.9238797 0.3826832 0 0 0.3826835 -0.9238795 0 0.9238799 -0.3826824 0 0.3826835 0.9238795 0 0.9238799 0.3826824 0.9238797 0.3826832 0 0.3826823 0.92388 0 0.3826836 0 -0.9238795 0.9238796 0 -0.3826835 0.3826836 0 0.9238795 0.9238796 0 0.3826835 0.3826825 -0.92388 0 0.9238797 -0.3826832 0 0 -0.3826835 -0.9238795 0 -0.9238799 -0.3826824 0 -0.3826835 0.9238795 0 -0.9238799 0.3826824 0 0 -1 -1 0 0 0 -1 0 0 0 1 0 1 0 1 0 0 -0.2817472 -0.3671805 -0.8864519 -0.3671794 -0.8864523 -0.2817477 -0.886452 -0.2817472 -0.3671805 -0.2817475 -0.8864523 0.3671794 -0.3671807 -0.2817469 0.886452 -0.8864519 -0.3671801 0.2817475 -0.3671807 0.2817469 -0.886452 -0.8864519 0.3671801 -0.2817475 -0.2817475 0.8864523 -0.3671794 -0.2817472 0.3671805 0.8864519 -0.3671794 0.8864523 0.2817477 -0.886452 0.2817472 0.3671805 0.3671807 -0.2817469 -0.886452 0.8864519 -0.3671801 -0.2817475 0.2817475 -0.8864523 -0.3671794 0.2817472 -0.3671805 0.8864519 0.3671794 -0.8864523 0.2817477 0.886452 -0.2817472 0.3671805 0.2817472 0.3671805 -0.8864519 0.3671794 0.8864523 -0.2817477 0.886452 0.2817472 -0.3671805 0.3671807 0.2817469 0.886452 0.8864519 0.3671801 0.2817475 0.2817475 0.8864523 0.3671794 -0.3826837 0 -0.9238795 -0.9238796 0 -0.3826835 -0.3826823 -0.92388 0 -0.9238797 -0.3826832 0 -0.3826837 0 0.9238795 -0.9238796 0 0.3826835 -0.3826823 0.92388 0 -0.9238797 0.3826832 0 0 0.3826835 -0.9238795 0 0.92388 -0.3826824 0 0.3826835 0.9238795 0 0.92388 0.3826824 0.9238797 0.3826832 0 0.3826825 0.92388 0 0.3826837 0 -0.9238795 0.9238796 0 -0.3826835 0.3826837 0 0.9238795 0.9238796 0 0.3826835 0.3826823 -0.92388 0 0.9238797 -0.3826832 0 0 -0.3826835 -0.9238795 0 -0.92388 -0.3826824 0 -0.3826835 0.9238795 0 -0.92388 0.3826824 0 0 -1 -1 0 0 0 -1 0 0 0 1 0 1 0 1 0 0</float_array>
          <technique_common>
            <accessor source="#ericrolph_cannon_car_wash_carriage_Cheek_L_Step2_mesh-mesh-normals-array" count="108" stride="3">
              <param name="X" type="float"/>
              <param name="Y" type="float"/>
              <param name="Z" type="float"/>
            </accessor>
          </technique_common>
        </source>
        <source id="ericrolph_cannon_car_wash_carriage_Cheek_L_Step2_mesh-mesh-map-0">
          <float_array id="ericrolph_cannon_car_wash_carriage_Cheek_L_Step2_mesh-mesh-map-0-array" count="648">0.1678571 0.74625 0.1431135 0.75 0.125 0.74625 0.3949999 0.9571428 0.383453 1 0.375 0.9571428 0.395 0.003749966 0.375 0.001584947 0.395 0 0.605 0.9571428 0.625 0.9818865 0.605 1 0.8321428 0.74625 0.875 0.7484151 0.8321428 0.75 0.605 0.003749966 0.6165471 0 0.625 0.003749966 0.1678571 0.50375 0.125 0.501585 0.1678571 0.5 0.3950001 0.24625 0.3792265 0.2590568 0.375 0.24625 0.395 0.2928572 0.3792265 0.2590568 0.395 0.25 0.8321428 0.50375 0.8568865 0.5 0.8749999 0.50375 0.605 0.2928571 0.6207736 0.2492075 0.625 0.2928571 0.605 0.24625 0.6207736 0.2492075 0.605 0.25 0.3321428 0.74625 0.3778176 0.7555096 0.3535714 0.7714285 0.3950001 0.74625 0.3778176 0.7555096 0.375 0.74625 0.395 0.7928572 0.3778176 0.7555096 0.395 0.75 0.6678572 0.74625 0.6282202 0.7494717 0.625 0.7462499 0.605 0.7928571 0.6282202 0.7494717 0.6464285 0.7714285 0.605 0.74625 0.6282202 0.7494717 0.605 0.75 0.3321428 0.50375 0.3717798 0.5005283 0.375 0.50375 0.395 0.4571428 0.3717798 0.5005283 0.3535714 0.4785715 0.3950001 0.50375 0.3717798 0.5005283 0.3949999 0.5 0.6678571 0.50375 0.6221824 0.4944905 0.6464286 0.4785714 0.605 0.50375 0.6221824 0.4944905 0.625 0.50375 0.605 0.4571428 0.6221824 0.4944905 0.605 0.5 0.1678571 0.74625 0.125 0.50375 0.1678571 0.50375 0.375 0.003749966 0.3950001 0.24625 0.375 0.24625 0.605 0.9571428 0.3949999 1 0.3949999 0.9571428 0.605 0 0.395 0.003749966 0.395 0 0.8321428 0.50375 0.875 0.74625 0.8321428 0.74625 0.625 0.24625 0.605 0.003749966 0.625 0.003749966 0.395 0.2928572 0.605 0.25 0.605 0.2928571 0.395 0.25 0.605 0.24625 0.605 0.25 0.1678571 0.50375 0.3535714 0.4785715 0.3321428 0.50375 0.3535714 0.4785715 0.395 0.2928572 0.395 0.4571428 0.6678571 0.50375 0.8321428 0.5 0.8321428 0.50375 0.625 0.2928571 0.605 0.4571428 0.605 0.2928571 0.3950001 0.50375 0.605 0.5 0.605 0.50375 0.3949999 0.5 0.605 0.4571428 0.605 0.5 0.3321428 0.50375 0.375 0.74625 0.3321428 0.74625 0.375 0.50375 0.3950001 0.74625 0.375 0.74625 0.6678572 0.74625 0.625 0.50375 0.6678571 0.50375 0.625 0.7462499 0.605 0.50375 0.625 0.50375 0.395 0.7928572 0.605 0.75 0.605 0.7928571 0.395 0.75 0.605 0.74625 0.605 0.75 0.3321428 0.74625 0.1678571 0.75 0.1678571 0.74625 0.375 0.9571428 0.395 0.7928572 0.3949999 0.9571428 0.8321428 0.74625 0.6464285 0.7714285 0.6678572 0.74625 0.6464285 0.7714285 0.605 0.9571428 0.605 0.7928571 0.3321428 0.50375 0.1678571 0.74625 0.1678571 0.50375 0.605 0.003749966 0.3950001 0.24625 0.395 0.003749966 0.605 0.7928571 0.3949999 0.9571428 0.395 0.7928572 0.8321428 0.50375 0.6678572 0.74625 0.6678571 0.50375 0.605 0.2928571 0.395 0.4571428 0.395 0.2928572 0.605 0.50375 0.3950001 0.74625 0.3950001 0.50375 0.1678571 0.74625 0.1678571 0.75 0.1431135 0.75 0.3949999 0.9571428 0.3949999 1 0.383453 1 0.395 0.003749966 0.375 0.003749966 0.375 0.001584947 0.605 0.9571428 0.625 0.9571429 0.625 0.9818865 0.8321428 0.74625 0.875 0.74625 0.875 0.7484151 0.605 0.003749966 0.605 0 0.6165471 0 0.1678571 0.50375 0.125 0.50375 0.125 0.501585 0.3950001 0.24625 0.395 0.25 0.3792265 0.2590568 0.395 0.2928572 0.375 0.2928572 0.3792265 0.2590568 0.8321428 0.50375 0.8321428 0.5 0.8568865 0.5 0.605 0.2928571 0.605 0.25 0.6207736 0.2492075 0.605 0.24625 0.625 0.24625 0.6207736 0.2492075 0.3321428 0.74625 0.375 0.74625 0.3778176 0.7555096 0.3950001 0.74625 0.395 0.75 0.3778176 0.7555096 0.395 0.7928572 0.3535714 0.7714285 0.3778176 0.7555096 0.6678572 0.74625 0.6464285 0.7714285 0.6282202 0.7494717 0.605 0.7928571 0.605 0.75 0.6282202 0.7494717 0.605 0.74625 0.625 0.7462499 0.6282202 0.7494717 0.3321428 0.50375 0.3535714 0.4785715 0.3717798 0.5005283 0.395 0.4571428 0.3949999 0.5 0.3717798 0.5005283 0.3950001 0.50375 0.375 0.50375 0.3717798 0.5005283 0.6678571 0.50375 0.625 0.50375 0.6221824 0.4944905 0.605 0.50375 0.605 0.5 0.6221824 0.4944905 0.605 0.4571428 0.6464286 0.4785714 0.6221824 0.4944905 0.1678571 0.74625 0.125 0.74625 0.125 0.50375 0.375 0.003749966 0.395 0.003749966 0.3950001 0.24625 0.605 0.9571428 0.605 1 0.3949999 1 0.605 0 0.605 0.003749966 0.395 0.003749966 0.8321428 0.50375 0.8749999 0.50375 0.875 0.74625 0.625 0.24625 0.605 0.24625 0.605 0.003749966 0.395 0.2928572 0.395 0.25 0.605 0.25 0.395 0.25 0.3950001 0.24625 0.605 0.24625 0.1678571 0.50375 0.1678571 0.5 0.3535714 0.4785715 0.3535714 0.4785715 0.375 0.2928572 0.395 0.2928572 0.6678571 0.50375 0.6464286 0.4785714 0.8321428 0.5 0.625 0.2928571 0.6464286 0.4785714 0.605 0.4571428 0.3950001 0.50375 0.3949999 0.5 0.605 0.5 0.3949999 0.5 0.395 0.4571428 0.605 0.4571428 0.3321428 0.50375 0.375 0.50375 0.375 0.74625 0.375 0.50375 0.3950001 0.50375 0.3950001 0.74625 0.6678572 0.74625 0.625 0.7462499 0.625 0.50375 0.625 0.7462499 0.605 0.74625 0.605 0.50375 0.395 0.7928572 0.395 0.75 0.605 0.75 0.395 0.75 0.3950001 0.74625 0.605 0.74625 0.3321428 0.74625 0.3535714 0.7714285 0.1678571 0.75 0.375 0.9571428 0.3535714 0.7714285 0.395 0.7928572 0.8321428 0.74625 0.8321428 0.75 0.6464285 0.7714285 0.6464285 0.7714285 0.625 0.9571429 0.605 0.9571428 0.3321428 0.50375 0.3321428 0.74625 0.1678571 0.74625 0.605 0.003749966 0.605 0.24625 0.3950001 0.24625 0.605 0.7928571 0.605 0.9571428 0.3949999 0.9571428 0.8321428 0.50375 0.8321428 0.74625 0.6678572 0.74625 0.605 0.2928571 0.605 0.4571428 0.395 0.4571428 0.605 0.50375 0.605 0.74625 0.3950001 0.74625</float_array>
          <technique_common>
            <accessor source="#ericrolph_cannon_car_wash_carriage_Cheek_L_Step2_mesh-mesh-map-0-array" count="324" stride="2">
              <param name="S" type="float"/>
              <param name="T" type="float"/>
            </accessor>
          </technique_common>
        </source>
        <vertices id="ericrolph_cannon_car_wash_carriage_Cheek_L_Step2_mesh-mesh-vertices">
          <input semantic="POSITION" source="#ericrolph_cannon_car_wash_carriage_Cheek_L_Step2_mesh-mesh-positions"/>
        </vertices>
        <triangles material="ericrolph_cannon_car_wash_carriage_oak-material" count="108">
          <input semantic="VERTEX" source="#ericrolph_cannon_car_wash_carriage_Cheek_L_Step2_mesh-mesh-vertices" offset="0"/>
          <input semantic="NORMAL" source="#ericrolph_cannon_car_wash_carriage_Cheek_L_Step2_mesh-mesh-normals" offset="1"/>
          <input semantic="TEXCOORD" source="#ericrolph_cannon_car_wash_carriage_Cheek_L_Step2_mesh-mesh-map-0" offset="2" set="0"/>
          <p>0 0 0 4 0 1 6 0 2 1 1 3 4 1 4 3 1 5 2 2 6 4 2 7 5 2 8 7 3 9 11 3 10 13 3 11 8 4 12 11 4 13 10 4 14 9 5 15 11 5 16 12 5 17 14 6 18 18 6 19 20 6 20 15 7 21 18 7 22 17 7 23 16 8 24 18 8 25 19 8 26 21 9 27 25 9 28 27 9 29 22 10 30 25 10 31 24 10 32 23 11 33 25 11 34 26 11 35 28 12 36 32 12 37 34 12 38 29 13 39 32 13 40 31 13 41 30 14 42 32 14 43 33 14 44 35 15 45 39 15 46 41 15 47 36 16 48 39 16 49 38 16 50 37 17 51 39 17 52 40 17 53 42 18 54 46 18 55 48 18 56 43 19 57 46 19 58 45 19 59 44 20 60 46 20 61 47 20 62 49 21 63 53 21 64 55 21 65 50 22 66 53 22 67 52 22 68 51 23 69 53 23 70 54 23 71 0 24 72 17 24 73 14 24 74 6 25 75 15 25 76 17 25 77 7 26 78 5 26 79 1 26 80 13 27 81 2 27 82 5 27 83 21 28 84 12 28 85 8 28 86 27 29 87 9 29 88 12 29 89 16 30 90 26 30 91 22 30 92 19 31 93 23 31 94 26 31 95 14 32 96 45 32 97 42 32 98 45 33 99 16 33 100 43 33 101 49 34 102 24 34 103 21 34 104 24 35 105 51 35 106 22 35 107 44 36 108 54 36 109 50 36 110 47 37 111 51 37 112 54 37 113 42 38 114 31 38 115 28 38 116 48 39 117 29 39 118 31 39 119 35 40 120 52 40 121 49 40 122 41 41 123 50 41 124 52 41 125 30 42 126 40 42 127 36 42 128 33 43 129 37 43 130 40 43 131 28 44 132 3 44 133 0 44 134 3 45 135 30 45 136 1 45 137 8 46 138 38 46 139 35 46 140 38 47 141 7 47 142 36 47 143 42 48 144 0 48 145 14 48 146 9 49 147 15 49 148 2 49 149 36 50 150 1 50 151 30 50 152 21 51 153 35 51 154 49 51 155 22 52 156 43 52 157 16 52 158 50 53 159 29 53 160 44 53 161 0 54 162 3 54 163 4 54 164 1 55 165 5 55 166 4 55 167 2 56 168 6 56 169 4 56 170 7 57 171 10 57 172 11 57 173 8 58 174 12 58 175 11 58 176 9 59 177 13 59 178 11 59 179 14 60 180 17 60 181 18 60 182 15 61 183 19 61 184 18 61 185 16 62 186 20 62 187 18 62 188 21 63 189 24 63 190 25 63 191 22 64 192 26 64 193 25 64 194 23 65 195 27 65 196 25 65 197 28 66 198 31 66 199 32 66 200 29 67 201 33 67 202 32 67 203 30 68 204 34 68 205 32 68 206 35 69 207 38 69 208 39 69 209 36 70 210 40 70 211 39 70 212 37 71 213 41 71 214 39 71 215 42 72 216 45 72 217 46 72 218 43 73 219 47 73 220 46 73 221 44 74 222 48 74 223 46 74 224 49 75 225 52 75 226 53 75 227 50 76 228 54 76 229 53 76 230 51 77 231 55 77 232 53 77 233 0 78 234 6 78 235 17 78 236 6 79 237 2 79 238 15 79 239 7 80 240 13 80 241 5 80 242 13 81 243 9 81 244 2 81 245 21 82 246 27 82 247 12 82 248 27 83 249 23 83 250 9 83 251 16 84 252 19 84 253 26 84 254 19 85 255 15 85 256 23 85 257 14 86 258 20 86 259 45 86 260 45 87 261 20 87 262 16 87 263 49 88 264 55 88 265 24 88 266 24 89 267 55 89 268 51 89 269 44 90 270 47 90 271 54 90 272 47 91 273 43 91 274 51 91 275 42 92 276 48 92 277 31 92 278 48 93 279 44 93 280 29 93 281 35 94 282 41 94 283 52 94 284 41 95 285 37 95 286 50 95 287 30 96 288 33 96 289 40 96 290 33 97 291 29 97 292 37 97 293 28 98 294 34 98 295 3 98 296 3 99 297 34 99 298 30 99 299 8 100 300 10 100 301 38 100 302 38 101 303 10 101 304 7 101 305 42 102 306 28 102 307 0 102 308 9 103 309 23 103 310 15 103 311 36 104 312 7 104 313 1 104 314 21 105 315 8 105 316 35 105 317 22 106 318 51 106 319 43 106 320 50 107 321 37 107 322 29 107 323</p>
        </triangles>
      </mesh>
    </geometry>
    <geometry id="ericrolph_cannon_car_wash_carriage_Cheek_R_Step1_mesh-mesh" name="ericrolph_cannon_car_wash_carriage_Cheek_R_Step1_mesh">
      <mesh>
        <source id="ericrolph_cannon_car_wash_carriage_Cheek_R_Step1_mesh-mesh-positions">
          <float_array id="ericrolph_cannon_car_wash_carriage_Cheek_R_Step1_mesh-mesh-positions-array" count="168">-0.0115 -0.164 -0.04499995 -0.0115 -0.17 -0.03899997 -0.01749998 -0.164 -0.03899997 -0.0115 -0.1682426 -0.04324263 -0.0149641 -0.1674641 -0.04246407 -0.01574259 -0.1682426 -0.03899997 -0.01574259 -0.164 -0.04324263 -0.0115 -0.17 0.03899997 -0.0115 -0.164 0.04499995 -0.01749998 -0.164 0.03899997 -0.0115 -0.1682426 0.04324263 -0.0149641 -0.1674641 0.04246407 -0.01574259 -0.164 0.04324263 -0.01574259 -0.1682426 0.03899997 -0.0115 0.164 -0.04499995 -0.01749998 0.164 -0.03899997 -0.0115 0.17 -0.03899997 -0.01574259 0.164 -0.04324263 -0.0149641 0.1674641 -0.04246407 -0.01574259 0.1682426 -0.03899997 -0.0115 0.1682426 -0.04324263 -0.0115 0.164 0.04499995 -0.0115 0.17 0.03899997 -0.01749998 0.164 0.03899997 -0.0115 0.1682426 0.04324263 -0.0149641 0.1674641 0.04246407 -0.01574259 0.1682426 0.03899997 -0.01574259 0.164 0.04324263 0.0115 -0.164 -0.04499995 0.01749998 -0.164 -0.03899997 0.0115 -0.17 -0.03899997 0.01574259 -0.164 -0.04324263 0.0149641 -0.1674641 -0.04246407 0.01574259 -0.1682426 -0.03899997 0.0115 -0.1682426 -0.04324263 0.0115 -0.164 0.04499995 0.0115 -0.17 0.03899997 0.01749998 -0.164 0.03899997 0.0115 -0.1682426 0.04324263 0.0149641 -0.1674641 0.04246407 0.01574259 -0.1682426 0.03899997 0.01574259 -0.164 0.04324263 0.0115 0.164 -0.04499995 0.0115 0.17 -0.03899997 0.01749998 0.164 -0.03899997 0.0115 0.1682426 -0.04324263 0.0149641 0.1674641 -0.04246407 0.01574259 0.1682426 -0.03899997 0.01574259 0.164 -0.04324263 0.0115 0.164 0.04499995 0.01749998 0.164 0.03899997 0.0115 0.17 0.03899997 0.01574259 0.164 0.04324263 0.0149641 0.1674641 0.04246407 0.01574259 0.1682426 0.03899997 0.0115 0.1682426 0.04324263</float_array>
          <technique_common>
            <accessor source="#ericrolph_cannon_car_wash_carriage_Cheek_R_Step1_mesh-mesh-positions-array" count="56" stride="3">
              <param name="X" type="float"/>
              <param name="Y" type="float"/>
              <param name="Z" type="float"/>
            </accessor>
          </technique_common>
        </source>
        <source id="ericrolph_cannon_car_wash_carriage_Cheek_R_Step1_mesh-mesh-normals">
          <float_array id="ericrolph_cannon_car_wash_carriage_Cheek_R_Step1_mesh-mesh-normals-array" count="324">-0.3671793 -0.2817476 -0.8864523 -0.2817479 -0.8864524 -0.3671787 -0.886452 -0.3671799 -0.2817475 -0.3671791 -0.8864523 0.2817476 -0.2817479 -0.3671791 0.8864523 -0.8864521 -0.2817475 0.3671799 -0.2817479 0.3671791 -0.8864523 -0.8864521 0.2817475 -0.3671799 -0.3671791 0.8864523 -0.2817476 -0.3671793 0.2817476 0.8864523 -0.2817479 0.8864524 0.3671787 -0.886452 0.3671799 0.2817475 0.2817479 -0.3671791 -0.8864523 0.8864521 -0.2817475 -0.3671799 0.3671791 -0.8864523 -0.2817476 0.3671793 -0.2817476 0.8864523 0.2817479 -0.8864524 0.3671787 0.886452 -0.3671799 0.2817475 0.3671793 0.2817476 -0.8864523 0.2817479 0.8864524 -0.3671787 0.886452 0.3671799 -0.2817475 0.2817479 0.3671791 0.8864523 0.8864521 0.2817475 0.3671799 0.3671791 0.8864523 0.2817476 -0.3826824 0 -0.92388 -0.9238798 0 -0.3826829 -0.3826823 -0.92388 0 -0.9238797 -0.3826831 0 -0.3826824 0 0.92388 -0.9238798 0 0.3826829 -0.3826823 0.92388 0 -0.9238797 0.3826831 0 0 0.3826821 -0.9238801 0 0.9238802 -0.3826818 0 0.3826821 0.9238801 0 0.9238802 0.3826818 0.9238796 0.3826832 0 0.3826823 0.92388 0 0.3826824 0 -0.92388 0.9238798 0 -0.3826829 0.3826824 0 0.92388 0.9238798 0 0.3826829 0.3826823 -0.92388 0 0.9238797 -0.3826831 0 0 -0.3826821 -0.9238801 0 -0.9238802 -0.3826818 0 -0.3826821 0.9238801 0 -0.9238802 0.3826818 0 0 -1 -1 0 0 0 -1 0 0 0 1 0 1 0 1 0 0 -0.2817479 -0.3671791 -0.8864523 -0.367179 -0.8864524 -0.2817476 -0.8864521 -0.2817475 -0.3671799 -0.2817479 -0.8864524 0.3671788 -0.3671793 -0.2817476 0.8864521 -0.8864521 -0.3671799 0.2817475 -0.3671793 0.2817476 -0.8864521 -0.8864521 0.3671799 -0.2817475 -0.2817479 0.8864524 -0.3671788 -0.2817479 0.3671791 0.8864523 -0.367179 0.8864524 0.2817476 -0.8864521 0.2817475 0.3671799 0.3671793 -0.2817476 -0.8864521 0.8864521 -0.3671799 -0.2817475 0.2817479 -0.8864524 -0.3671788 0.2817479 -0.3671791 0.8864523 0.367179 -0.8864524 0.2817476 0.8864521 -0.2817475 0.3671799 0.2817479 0.3671791 -0.8864523 0.367179 0.8864524 -0.2817476 0.8864521 0.2817475 -0.3671799 0.3671793 0.2817476 0.8864521 0.8864521 0.3671799 0.2817475 0.2817479 0.8864524 0.3671788 -0.3826823 0 -0.92388 -0.9238798 0 -0.3826829 -0.3826823 -0.92388 0 -0.9238796 -0.3826832 0 -0.3826823 0 0.92388 -0.9238798 0 0.3826829 -0.3826823 0.92388 0 -0.9238796 0.3826832 0 0 0.3826821 -0.9238801 0 0.9238802 -0.3826818 0 0.3826821 0.9238801 0 0.9238802 0.3826818 0.9238797 0.3826832 0 0.3826823 0.92388 0 0.3826823 0 -0.92388 0.9238798 0 -0.3826829 0.3826823 0 0.92388 0.9238798 0 0.3826829 0.3826823 -0.92388 0 0.9238796 -0.3826832 0 0 -0.3826821 -0.9238801 0 -0.9238802 -0.3826818 0 -0.3826821 0.9238801 0 -0.9238802 0.3826818 0 0 -1 -1 0 0 0 -1 0 0 0 1 0 1 0 1 0 0</float_array>
          <technique_common>
            <accessor source="#ericrolph_cannon_car_wash_carriage_Cheek_R_Step1_mesh-mesh-normals-array" count="108" stride="3">
              <param name="X" type="float"/>
              <param name="Y" type="float"/>
              <param name="Z" type="float"/>
            </accessor>
          </technique_common>
        </source>
        <source id="ericrolph_cannon_car_wash_carriage_Cheek_R_Step1_mesh-mesh-map-0">
          <float_array id="ericrolph_cannon_car_wash_carriage_Cheek_R_Step1_mesh-mesh-map-0-array" count="648">0.1678571 0.7455883 0.1431135 0.75 0.125 0.7455883 0.3916667 0.9571428 0.3820441 1 0.375 0.9571428 0.3916666 0.004411756 0.375 0.001864612 0.3916667 0 0.6083334 0.9571427 0.625 0.9818865 0.6083334 1 0.832143 0.7455883 0.875 0.7481354 0.8321428 0.75 0.6083334 0.004411756 0.6179559 0 0.6250001 0.004411756 0.1678571 0.5044117 0.125 0.5018647 0.1678571 0.5 0.3916666 0.2455882 0.378522 0.2590568 0.375 0.2455882 0.3916667 0.2928572 0.378522 0.2590568 0.3916667 0.25 0.832143 0.5044118 0.8568865 0.5 0.8750001 0.5044118 0.6083334 0.2928571 0.621478 0.2490677 0.625 0.2928572 0.6083334 0.2455882 0.621478 0.2490677 0.6083334 0.25 0.3321428 0.7455883 0.377348 0.7554163 0.3535714 0.7714287 0.3916666 0.7455882 0.377348 0.7554163 0.375 0.7455883 0.3916667 0.7928572 0.377348 0.7554163 0.3916667 0.75 0.6678571 0.7455883 0.6286898 0.7493785 0.6250001 0.7455883 0.6083333 0.7928571 0.6286898 0.7493785 0.6464286 0.7714287 0.6083334 0.7455883 0.6286898 0.7493785 0.6083334 0.75 0.3321428 0.5044118 0.3713102 0.5006216 0.375 0.5044118 0.3916667 0.4571428 0.3713102 0.5006216 0.3535714 0.4785714 0.3916666 0.5044118 0.3713102 0.5006216 0.3916667 0.5 0.6678571 0.5044118 0.622652 0.4945837 0.6464286 0.4785714 0.6083334 0.5044118 0.622652 0.4945837 0.6250001 0.5044118 0.6083333 0.4571428 0.622652 0.4945837 0.6083334 0.5 0.1678571 0.7455883 0.125 0.5044118 0.1678571 0.5044117 0.375 0.004411756 0.3916666 0.2455882 0.375 0.2455882 0.6083334 0.9571427 0.3916667 1 0.3916667 0.9571428 0.6083334 0 0.3916666 0.004411756 0.3916667 0 0.832143 0.5044118 0.875 0.7455882 0.832143 0.7455883 0.625 0.2455882 0.6083334 0.004411756 0.6250001 0.004411756 0.3916667 0.2928572 0.6083334 0.25 0.6083334 0.2928571 0.3916667 0.25 0.6083334 0.2455882 0.6083334 0.25 0.3321428 0.5044118 0.1678571 0.5 0.3535714 0.4785714 0.375 0.2928571 0.3916667 0.4571428 0.3535714 0.4785714 0.832143 0.5044118 0.6464286 0.4785714 0.8321429 0.5 0.6464286 0.4785714 0.6083334 0.2928571 0.625 0.2928572 0.3916666 0.5044118 0.6083334 0.5 0.6083334 0.5044118 0.3916667 0.5 0.6083333 0.4571428 0.6083334 0.5 0.3321428 0.5044118 0.375 0.7455883 0.3321428 0.7455883 0.375 0.5044118 0.3916666 0.7455882 0.375 0.7455883 0.6678571 0.7455883 0.6250001 0.5044118 0.6678571 0.5044118 0.6250001 0.7455883 0.6083334 0.5044118 0.6250001 0.5044118 0.3916667 0.7928572 0.6083334 0.75 0.6083333 0.7928571 0.3916667 0.75 0.6083334 0.7455883 0.6083334 0.75 0.1678571 0.7455883 0.3535714 0.7714287 0.1678571 0.75 0.3535714 0.7714287 0.3916667 0.9571428 0.375 0.9571428 0.6678571 0.7455883 0.8321428 0.75 0.6464286 0.7714287 0.625 0.9571428 0.6083333 0.7928571 0.6464286 0.7714287 0.3321428 0.5044118 0.1678571 0.7455883 0.1678571 0.5044117 0.6083334 0.004411756 0.3916666 0.2455882 0.3916666 0.004411756 0.6083333 0.7928571 0.3916667 0.9571428 0.3916667 0.7928572 0.832143 0.5044118 0.6678571 0.7455883 0.6678571 0.5044118 0.6083334 0.2928571 0.3916667 0.4571428 0.3916667 0.2928572 0.6083334 0.5044118 0.3916666 0.7455882 0.3916666 0.5044118 0.1678571 0.7455883 0.1678571 0.75 0.1431135 0.75 0.3916667 0.9571428 0.3916667 1 0.3820441 1 0.3916666 0.004411756 0.375 0.004411756 0.375 0.001864612 0.6083334 0.9571427 0.625 0.9571428 0.625 0.9818865 0.832143 0.7455883 0.875 0.7455882 0.875 0.7481354 0.6083334 0.004411756 0.6083334 0 0.6179559 0 0.1678571 0.5044117 0.125 0.5044118 0.125 0.5018647 0.3916666 0.2455882 0.3916667 0.25 0.378522 0.2590568 0.3916667 0.2928572 0.375 0.2928571 0.378522 0.2590568 0.832143 0.5044118 0.8321429 0.5 0.8568865 0.5 0.6083334 0.2928571 0.6083334 0.25 0.621478 0.2490677 0.6083334 0.2455882 0.625 0.2455882 0.621478 0.2490677 0.3321428 0.7455883 0.375 0.7455883 0.377348 0.7554163 0.3916666 0.7455882 0.3916667 0.75 0.377348 0.7554163 0.3916667 0.7928572 0.3535714 0.7714287 0.377348 0.7554163 0.6678571 0.7455883 0.6464286 0.7714287 0.6286898 0.7493785 0.6083333 0.7928571 0.6083334 0.75 0.6286898 0.7493785 0.6083334 0.7455883 0.6250001 0.7455883 0.6286898 0.7493785 0.3321428 0.5044118 0.3535714 0.4785714 0.3713102 0.5006216 0.3916667 0.4571428 0.3916667 0.5 0.3713102 0.5006216 0.3916666 0.5044118 0.375 0.5044118 0.3713102 0.5006216 0.6678571 0.5044118 0.6250001 0.5044118 0.622652 0.4945837 0.6083334 0.5044118 0.6083334 0.5 0.622652 0.4945837 0.6083333 0.4571428 0.6464286 0.4785714 0.622652 0.4945837 0.1678571 0.7455883 0.125 0.7455883 0.125 0.5044118 0.375 0.004411756 0.3916666 0.004411756 0.3916666 0.2455882 0.6083334 0.9571427 0.6083334 1 0.3916667 1 0.6083334 0 0.6083334 0.004411756 0.3916666 0.004411756 0.832143 0.5044118 0.8750001 0.5044118 0.875 0.7455882 0.625 0.2455882 0.6083334 0.2455882 0.6083334 0.004411756 0.3916667 0.2928572 0.3916667 0.25 0.6083334 0.25 0.3916667 0.25 0.3916666 0.2455882 0.6083334 0.2455882 0.3321428 0.5044118 0.1678571 0.5044117 0.1678571 0.5 0.375 0.2928571 0.3916667 0.2928572 0.3916667 0.4571428 0.832143 0.5044118 0.6678571 0.5044118 0.6464286 0.4785714 0.6464286 0.4785714 0.6083333 0.4571428 0.6083334 0.2928571 0.3916666 0.5044118 0.3916667 0.5 0.6083334 0.5 0.3916667 0.5 0.3916667 0.4571428 0.6083333 0.4571428 0.3321428 0.5044118 0.375 0.5044118 0.375 0.7455883 0.375 0.5044118 0.3916666 0.5044118 0.3916666 0.7455882 0.6678571 0.7455883 0.6250001 0.7455883 0.6250001 0.5044118 0.6250001 0.7455883 0.6083334 0.7455883 0.6083334 0.5044118 0.3916667 0.7928572 0.3916667 0.75 0.6083334 0.75 0.3916667 0.75 0.3916666 0.7455882 0.6083334 0.7455883 0.1678571 0.7455883 0.3321428 0.7455883 0.3535714 0.7714287 0.3535714 0.7714287 0.3916667 0.7928572 0.3916667 0.9571428 0.6678571 0.7455883 0.832143 0.7455883 0.8321428 0.75 0.625 0.9571428 0.6083334 0.9571427 0.6083333 0.7928571 0.3321428 0.5044118 0.3321428 0.7455883 0.1678571 0.7455883 0.6083334 0.004411756 0.6083334 0.2455882 0.3916666 0.2455882 0.6083333 0.7928571 0.6083334 0.9571427 0.3916667 0.9571428 0.832143 0.5044118 0.832143 0.7455883 0.6678571 0.7455883 0.6083334 0.2928571 0.6083333 0.4571428 0.3916667 0.4571428 0.6083334 0.5044118 0.6083334 0.7455883 0.3916666 0.7455882</float_array>
          <technique_common>
            <accessor source="#ericrolph_cannon_car_wash_carriage_Cheek_R_Step1_mesh-mesh-map-0-array" count="324" stride="2">
              <param name="S" type="float"/>
              <param name="T" type="float"/>
            </accessor>
          </technique_common>
        </source>
        <vertices id="ericrolph_cannon_car_wash_carriage_Cheek_R_Step1_mesh-mesh-vertices">
          <input semantic="POSITION" source="#ericrolph_cannon_car_wash_carriage_Cheek_R_Step1_mesh-mesh-positions"/>
        </vertices>
        <triangles material="ericrolph_cannon_car_wash_carriage_oak-material" count="108">
          <input semantic="VERTEX" source="#ericrolph_cannon_car_wash_carriage_Cheek_R_Step1_mesh-mesh-vertices" offset="0"/>
          <input semantic="NORMAL" source="#ericrolph_cannon_car_wash_carriage_Cheek_R_Step1_mesh-mesh-normals" offset="1"/>
          <input semantic="TEXCOORD" source="#ericrolph_cannon_car_wash_carriage_Cheek_R_Step1_mesh-mesh-map-0" offset="2" set="0"/>
          <p>0 0 0 4 0 1 6 0 2 1 1 3 4 1 4 3 1 5 2 2 6 4 2 7 5 2 8 7 3 9 11 3 10 13 3 11 8 4 12 11 4 13 10 4 14 9 5 15 11 5 16 12 5 17 14 6 18 18 6 19 20 6 20 15 7 21 18 7 22 17 7 23 16 8 24 18 8 25 19 8 26 21 9 27 25 9 28 27 9 29 22 10 30 25 10 31 24 10 32 23 11 33 25 11 34 26 11 35 28 12 36 32 12 37 34 12 38 29 13 39 32 13 40 31 13 41 30 14 42 32 14 43 33 14 44 35 15 45 39 15 46 41 15 47 36 16 48 39 16 49 38 16 50 37 17 51 39 17 52 40 17 53 42 18 54 46 18 55 48 18 56 43 19 57 46 19 58 45 19 59 44 20 60 46 20 61 47 20 62 49 21 63 53 21 64 55 21 65 50 22 66 53 22 67 52 22 68 51 23 69 53 23 70 54 23 71 0 24 72 17 24 73 14 24 74 6 25 75 15 25 76 17 25 77 7 26 78 5 26 79 1 26 80 13 27 81 2 27 82 5 27 83 21 28 84 12 28 85 8 28 86 27 29 87 9 29 88 12 29 89 16 30 90 26 30 91 22 30 92 19 31 93 23 31 94 26 31 95 42 32 96 20 32 97 45 32 98 20 33 99 43 33 100 45 33 101 21 34 102 55 34 103 24 34 104 55 35 105 22 35 106 24 35 107 44 36 108 54 36 109 50 36 110 47 37 111 51 37 112 54 37 113 42 38 114 31 38 115 28 38 116 48 39 117 29 39 118 31 39 119 35 40 120 52 40 121 49 40 122 41 41 123 50 41 124 52 41 125 30 42 126 40 42 127 36 42 128 33 43 129 37 43 130 40 43 131 0 44 132 34 44 133 3 44 134 34 45 135 1 45 136 3 45 137 35 46 138 10 46 139 38 46 140 10 47 141 36 47 142 38 47 143 42 48 144 0 48 145 14 48 146 9 49 147 15 49 148 2 49 149 36 50 150 1 50 151 30 50 152 21 51 153 35 51 154 49 51 155 22 52 156 43 52 157 16 52 158 50 53 159 29 53 160 44 53 161 0 54 162 3 54 163 4 54 164 1 55 165 5 55 166 4 55 167 2 56 168 6 56 169 4 56 170 7 57 171 10 57 172 11 57 173 8 58 174 12 58 175 11 58 176 9 59 177 13 59 178 11 59 179 14 60 180 17 60 181 18 60 182 15 61 183 19 61 184 18 61 185 16 62 186 20 62 187 18 62 188 21 63 189 24 63 190 25 63 191 22 64 192 26 64 193 25 64 194 23 65 195 27 65 196 25 65 197 28 66 198 31 66 199 32 66 200 29 67 201 33 67 202 32 67 203 30 68 204 34 68 205 32 68 206 35 69 207 38 69 208 39 69 209 36 70 210 40 70 211 39 70 212 37 71 213 41 71 214 39 71 215 42 72 216 45 72 217 46 72 218 43 73 219 47 73 220 46 73 221 44 74 222 48 74 223 46 74 224 49 75 225 52 75 226 53 75 227 50 76 228 54 76 229 53 76 230 51 77 231 55 77 232 53 77 233 0 78 234 6 78 235 17 78 236 6 79 237 2 79 238 15 79 239 7 80 240 13 80 241 5 80 242 13 81 243 9 81 244 2 81 245 21 82 246 27 82 247 12 82 248 27 83 249 23 83 250 9 83 251 16 84 252 19 84 253 26 84 254 19 85 255 15 85 256 23 85 257 42 86 258 14 86 259 20 86 260 20 87 261 16 87 262 43 87 263 21 88 264 49 88 265 55 88 266 55 89 267 51 89 268 22 89 269 44 90 270 47 90 271 54 90 272 47 91 273 43 91 274 51 91 275 42 92 276 48 92 277 31 92 278 48 93 279 44 93 280 29 93 281 35 94 282 41 94 283 52 94 284 41 95 285 37 95 286 50 95 287 30 96 288 33 96 289 40 96 290 33 97 291 29 97 292 37 97 293 0 98 294 28 98 295 34 98 296 34 99 297 30 99 298 1 99 299 35 100 300 8 100 301 10 100 302 10 101 303 7 101 304 36 101 305 42 102 306 28 102 307 0 102 308 9 103 309 23 103 310 15 103 311 36 104 312 7 104 313 1 104 314 21 105 315 8 105 316 35 105 317 22 106 318 51 106 319 43 106 320 50 107 321 37 107 322 29 107 323</p>
        </triangles>
      </mesh>
    </geometry>
    <geometry id="ericrolph_cannon_car_wash_carriage_Cheek_R_Step2_mesh-mesh" name="ericrolph_cannon_car_wash_carriage_Cheek_R_Step2_mesh">
      <mesh>
        <source id="ericrolph_cannon_car_wash_carriage_Cheek_R_Step2_mesh-mesh-positions">
          <float_array id="ericrolph_cannon_car_wash_carriage_Cheek_R_Step2_mesh-mesh-positions-array" count="168">-0.0115 -0.194 -0.03749996 -0.0115 -0.2 -0.03149998 -0.01749998 -0.194 -0.03149998 -0.0115 -0.1982426 -0.03574264 -0.0149641 -0.1974641 -0.03496408 -0.01574259 -0.1982426 -0.03149998 -0.01574259 -0.194 -0.03574264 -0.0115 -0.2 0.03149998 -0.0115 -0.194 0.03749996 -0.01749998 -0.194 0.03149998 -0.0115 -0.1982426 0.03574264 -0.0149641 -0.1974641 0.03496408 -0.01574259 -0.194 0.03574264 -0.01574259 -0.1982426 0.03149998 -0.0115 0.194 -0.03749996 -0.01749998 0.194 -0.03149998 -0.0115 0.2 -0.03149998 -0.01574259 0.194 -0.03574264 -0.0149641 0.1974641 -0.03496408 -0.01574259 0.1982426 -0.03149998 -0.0115 0.1982426 -0.03574264 -0.0115 0.194 0.03749996 -0.0115 0.2 0.03149998 -0.01749998 0.194 0.03149998 -0.0115 0.1982426 0.03574264 -0.0149641 0.1974641 0.03496408 -0.01574259 0.1982426 0.03149998 -0.01574259 0.194 0.03574264 0.0115 -0.194 -0.03749996 0.01749998 -0.194 -0.03149998 0.0115 -0.2 -0.03149998 0.01574259 -0.194 -0.03574264 0.0149641 -0.1974641 -0.03496408 0.01574259 -0.1982426 -0.03149998 0.0115 -0.1982426 -0.03574264 0.0115 -0.194 0.03749996 0.0115 -0.2 0.03149998 0.01749998 -0.194 0.03149998 0.0115 -0.1982426 0.03574264 0.0149641 -0.1974641 0.03496408 0.01574259 -0.1982426 0.03149998 0.01574259 -0.194 0.03574264 0.0115 0.194 -0.03749996 0.0115 0.2 -0.03149998 0.01749998 0.194 -0.03149998 0.0115 0.1982426 -0.03574264 0.0149641 0.1974641 -0.03496408 0.01574259 0.1982426 -0.03149998 0.01574259 0.194 -0.03574264 0.0115 0.194 0.03749996 0.01749998 0.194 0.03149998 0.0115 0.2 0.03149998 0.01574259 0.194 0.03574264 0.0149641 0.1974641 0.03496408 0.01574259 0.1982426 0.03149998 0.0115 0.1982426 0.03574264</float_array>
          <technique_common>
            <accessor source="#ericrolph_cannon_car_wash_carriage_Cheek_R_Step2_mesh-mesh-positions-array" count="56" stride="3">
              <param name="X" type="float"/>
              <param name="Y" type="float"/>
              <param name="Z" type="float"/>
            </accessor>
          </technique_common>
        </source>
        <source id="ericrolph_cannon_car_wash_carriage_Cheek_R_Step2_mesh-mesh-normals">
          <float_array id="ericrolph_cannon_car_wash_carriage_Cheek_R_Step2_mesh-mesh-normals-array" count="324">-0.3671807 -0.2817469 -0.8864519 -0.2817476 -0.8864523 -0.3671795 -0.8864519 -0.3671801 -0.2817475 -0.3671793 -0.8864523 0.2817476 -0.2817472 -0.3671804 0.886452 -0.886452 -0.2817472 0.3671805 -0.2817472 0.3671804 -0.886452 -0.886452 0.2817472 -0.3671805 -0.3671793 0.8864523 -0.2817476 -0.3671807 0.2817469 0.8864519 -0.2817476 0.8864523 0.3671795 -0.8864519 0.3671801 0.2817475 0.2817472 -0.3671804 -0.886452 0.886452 -0.2817472 -0.3671805 0.3671793 -0.8864523 -0.2817476 0.3671807 -0.2817469 0.8864519 0.2817476 -0.8864523 0.3671795 0.8864519 -0.3671801 0.2817475 0.3671807 0.2817469 -0.8864519 0.2817476 0.8864523 -0.3671795 0.8864519 0.3671801 -0.2817475 0.2817472 0.3671804 0.886452 0.886452 0.2817472 0.3671805 0.3671793 0.8864523 0.2817476 -0.3826836 0 -0.9238795 -0.9238796 0 -0.3826835 -0.3826825 -0.92388 0 -0.9238797 -0.3826832 0 -0.3826836 0 0.9238795 -0.9238796 0 0.3826835 -0.3826825 0.92388 0 -0.9238797 0.3826832 0 0 0.3826835 -0.9238795 0 0.9238799 -0.3826824 0 0.3826835 0.9238795 0 0.9238799 0.3826824 0.9238797 0.3826832 0 0.3826823 0.92388 0 0.3826836 0 -0.9238795 0.9238796 0 -0.3826835 0.3826836 0 0.9238795 0.9238796 0 0.3826835 0.3826825 -0.92388 0 0.9238797 -0.3826832 0 0 -0.3826835 -0.9238795 0 -0.9238799 -0.3826824 0 -0.3826835 0.9238795 0 -0.9238799 0.3826824 0 0 -1 -1 0 0 0 -1 0 0 0 1 0 1 0 1 0 0 -0.2817472 -0.3671805 -0.8864519 -0.3671794 -0.8864523 -0.2817477 -0.886452 -0.2817472 -0.3671805 -0.2817475 -0.8864523 0.3671794 -0.3671807 -0.2817469 0.886452 -0.8864519 -0.3671801 0.2817475 -0.3671807 0.2817469 -0.886452 -0.8864519 0.3671801 -0.2817475 -0.2817475 0.8864523 -0.3671794 -0.2817472 0.3671805 0.8864519 -0.3671794 0.8864523 0.2817477 -0.886452 0.2817472 0.3671805 0.3671807 -0.2817469 -0.886452 0.8864519 -0.3671801 -0.2817475 0.2817475 -0.8864523 -0.3671794 0.2817472 -0.3671805 0.8864519 0.3671794 -0.8864523 0.2817477 0.886452 -0.2817472 0.3671805 0.2817472 0.3671805 -0.8864519 0.3671794 0.8864523 -0.2817477 0.886452 0.2817472 -0.3671805 0.3671807 0.2817469 0.886452 0.8864519 0.3671801 0.2817475 0.2817475 0.8864523 0.3671794 -0.3826837 0 -0.9238795 -0.9238796 0 -0.3826835 -0.3826823 -0.92388 0 -0.9238797 -0.3826832 0 -0.3826837 0 0.9238795 -0.9238796 0 0.3826835 -0.3826823 0.92388 0 -0.9238797 0.3826832 0 0 0.3826835 -0.9238795 0 0.92388 -0.3826824 0 0.3826835 0.9238795 0 0.92388 0.3826824 0.9238797 0.3826832 0 0.3826825 0.92388 0 0.3826837 0 -0.9238795 0.9238796 0 -0.3826835 0.3826837 0 0.9238795 0.9238796 0 0.3826835 0.3826823 -0.92388 0 0.9238797 -0.3826832 0 0 -0.3826835 -0.9238795 0 -0.92388 -0.3826824 0 -0.3826835 0.9238795 0 -0.92388 0.3826824 0 0 -1 -1 0 0 0 -1 0 0 0 1 0 1 0 1 0 0</float_array>
          <technique_common>
            <accessor source="#ericrolph_cannon_car_wash_carriage_Cheek_R_Step2_mesh-mesh-normals-array" count="108" stride="3">
              <param name="X" type="float"/>
              <param name="Y" type="float"/>
              <param name="Z" type="float"/>
            </accessor>
          </technique_common>
        </source>
        <source id="ericrolph_cannon_car_wash_carriage_Cheek_R_Step2_mesh-mesh-map-0">
          <float_array id="ericrolph_cannon_car_wash_carriage_Cheek_R_Step2_mesh-mesh-map-0-array" count="648">0.1678571 0.74625 0.1431135 0.75 0.125 0.74625 0.3949999 0.9571428 0.383453 1 0.375 0.9571428 0.395 0.003749966 0.375 0.001584947 0.395 0 0.605 0.9571428 0.625 0.9818865 0.605 1 0.8321428 0.74625 0.875 0.7484151 0.8321428 0.75 0.605 0.003749966 0.6165471 0 0.625 0.003749966 0.1678571 0.50375 0.125 0.501585 0.1678571 0.5 0.3950001 0.24625 0.3792265 0.2590568 0.375 0.24625 0.395 0.2928572 0.3792265 0.2590568 0.395 0.25 0.8321428 0.50375 0.8568865 0.5 0.8749999 0.50375 0.605 0.2928571 0.6207736 0.2492075 0.625 0.2928571 0.605 0.24625 0.6207736 0.2492075 0.605 0.25 0.3321428 0.74625 0.3778176 0.7555096 0.3535714 0.7714285 0.3950001 0.74625 0.3778176 0.7555096 0.375 0.74625 0.395 0.7928572 0.3778176 0.7555096 0.395 0.75 0.6678572 0.74625 0.6282202 0.7494717 0.625 0.7462499 0.605 0.7928571 0.6282202 0.7494717 0.6464285 0.7714285 0.605 0.74625 0.6282202 0.7494717 0.605 0.75 0.3321428 0.50375 0.3717798 0.5005283 0.375 0.50375 0.395 0.4571428 0.3717798 0.5005283 0.3535714 0.4785715 0.3950001 0.50375 0.3717798 0.5005283 0.3949999 0.5 0.6678571 0.50375 0.6221824 0.4944905 0.6464286 0.4785714 0.605 0.50375 0.6221824 0.4944905 0.625 0.50375 0.605 0.4571428 0.6221824 0.4944905 0.605 0.5 0.1678571 0.74625 0.125 0.50375 0.1678571 0.50375 0.375 0.003749966 0.3950001 0.24625 0.375 0.24625 0.605 0.9571428 0.3949999 1 0.3949999 0.9571428 0.605 0 0.395 0.003749966 0.395 0 0.8321428 0.50375 0.875 0.74625 0.8321428 0.74625 0.625 0.24625 0.605 0.003749966 0.625 0.003749966 0.395 0.2928572 0.605 0.25 0.605 0.2928571 0.395 0.25 0.605 0.24625 0.605 0.25 0.1678571 0.50375 0.3535714 0.4785715 0.3321428 0.50375 0.3535714 0.4785715 0.395 0.2928572 0.395 0.4571428 0.6678571 0.50375 0.8321428 0.5 0.8321428 0.50375 0.625 0.2928571 0.605 0.4571428 0.605 0.2928571 0.3950001 0.50375 0.605 0.5 0.605 0.50375 0.3949999 0.5 0.605 0.4571428 0.605 0.5 0.3321428 0.50375 0.375 0.74625 0.3321428 0.74625 0.375 0.50375 0.3950001 0.74625 0.375 0.74625 0.6678572 0.74625 0.625 0.50375 0.6678571 0.50375 0.625 0.7462499 0.605 0.50375 0.625 0.50375 0.395 0.7928572 0.605 0.75 0.605 0.7928571 0.395 0.75 0.605 0.74625 0.605 0.75 0.3321428 0.74625 0.1678571 0.75 0.1678571 0.74625 0.375 0.9571428 0.395 0.7928572 0.3949999 0.9571428 0.8321428 0.74625 0.6464285 0.7714285 0.6678572 0.74625 0.6464285 0.7714285 0.605 0.9571428 0.605 0.7928571 0.3321428 0.50375 0.1678571 0.74625 0.1678571 0.50375 0.605 0.003749966 0.3950001 0.24625 0.395 0.003749966 0.605 0.7928571 0.3949999 0.9571428 0.395 0.7928572 0.8321428 0.50375 0.6678572 0.74625 0.6678571 0.50375 0.605 0.2928571 0.395 0.4571428 0.395 0.2928572 0.605 0.50375 0.3950001 0.74625 0.3950001 0.50375 0.1678571 0.74625 0.1678571 0.75 0.1431135 0.75 0.3949999 0.9571428 0.3949999 1 0.383453 1 0.395 0.003749966 0.375 0.003749966 0.375 0.001584947 0.605 0.9571428 0.625 0.9571429 0.625 0.9818865 0.8321428 0.74625 0.875 0.74625 0.875 0.7484151 0.605 0.003749966 0.605 0 0.6165471 0 0.1678571 0.50375 0.125 0.50375 0.125 0.501585 0.3950001 0.24625 0.395 0.25 0.3792265 0.2590568 0.395 0.2928572 0.375 0.2928572 0.3792265 0.2590568 0.8321428 0.50375 0.8321428 0.5 0.8568865 0.5 0.605 0.2928571 0.605 0.25 0.6207736 0.2492075 0.605 0.24625 0.625 0.24625 0.6207736 0.2492075 0.3321428 0.74625 0.375 0.74625 0.3778176 0.7555096 0.3950001 0.74625 0.395 0.75 0.3778176 0.7555096 0.395 0.7928572 0.3535714 0.7714285 0.3778176 0.7555096 0.6678572 0.74625 0.6464285 0.7714285 0.6282202 0.7494717 0.605 0.7928571 0.605 0.75 0.6282202 0.7494717 0.605 0.74625 0.625 0.7462499 0.6282202 0.7494717 0.3321428 0.50375 0.3535714 0.4785715 0.3717798 0.5005283 0.395 0.4571428 0.3949999 0.5 0.3717798 0.5005283 0.3950001 0.50375 0.375 0.50375 0.3717798 0.5005283 0.6678571 0.50375 0.625 0.50375 0.6221824 0.4944905 0.605 0.50375 0.605 0.5 0.6221824 0.4944905 0.605 0.4571428 0.6464286 0.4785714 0.6221824 0.4944905 0.1678571 0.74625 0.125 0.74625 0.125 0.50375 0.375 0.003749966 0.395 0.003749966 0.3950001 0.24625 0.605 0.9571428 0.605 1 0.3949999 1 0.605 0 0.605 0.003749966 0.395 0.003749966 0.8321428 0.50375 0.8749999 0.50375 0.875 0.74625 0.625 0.24625 0.605 0.24625 0.605 0.003749966 0.395 0.2928572 0.395 0.25 0.605 0.25 0.395 0.25 0.3950001 0.24625 0.605 0.24625 0.1678571 0.50375 0.1678571 0.5 0.3535714 0.4785715 0.3535714 0.4785715 0.375 0.2928572 0.395 0.2928572 0.6678571 0.50375 0.6464286 0.4785714 0.8321428 0.5 0.625 0.2928571 0.6464286 0.4785714 0.605 0.4571428 0.3950001 0.50375 0.3949999 0.5 0.605 0.5 0.3949999 0.5 0.395 0.4571428 0.605 0.4571428 0.3321428 0.50375 0.375 0.50375 0.375 0.74625 0.375 0.50375 0.3950001 0.50375 0.3950001 0.74625 0.6678572 0.74625 0.625 0.7462499 0.625 0.50375 0.625 0.7462499 0.605 0.74625 0.605 0.50375 0.395 0.7928572 0.395 0.75 0.605 0.75 0.395 0.75 0.3950001 0.74625 0.605 0.74625 0.3321428 0.74625 0.3535714 0.7714285 0.1678571 0.75 0.375 0.9571428 0.3535714 0.7714285 0.395 0.7928572 0.8321428 0.74625 0.8321428 0.75 0.6464285 0.7714285 0.6464285 0.7714285 0.625 0.9571429 0.605 0.9571428 0.3321428 0.50375 0.3321428 0.74625 0.1678571 0.74625 0.605 0.003749966 0.605 0.24625 0.3950001 0.24625 0.605 0.7928571 0.605 0.9571428 0.3949999 0.9571428 0.8321428 0.50375 0.8321428 0.74625 0.6678572 0.74625 0.605 0.2928571 0.605 0.4571428 0.395 0.4571428 0.605 0.50375 0.605 0.74625 0.3950001 0.74625</float_array>
          <technique_common>
            <accessor source="#ericrolph_cannon_car_wash_carriage_Cheek_R_Step2_mesh-mesh-map-0-array" count="324" stride="2">
              <param name="S" type="float"/>
              <param name="T" type="float"/>
            </accessor>
          </technique_common>
        </source>
        <vertices id="ericrolph_cannon_car_wash_carriage_Cheek_R_Step2_mesh-mesh-vertices">
          <input semantic="POSITION" source="#ericrolph_cannon_car_wash_carriage_Cheek_R_Step2_mesh-mesh-positions"/>
        </vertices>
        <triangles material="ericrolph_cannon_car_wash_carriage_oak-material" count="108">
          <input semantic="VERTEX" source="#ericrolph_cannon_car_wash_carriage_Cheek_R_Step2_mesh-mesh-vertices" offset="0"/>
          <input semantic="NORMAL" source="#ericrolph_cannon_car_wash_carriage_Cheek_R_Step2_mesh-mesh-normals" offset="1"/>
          <input semantic="TEXCOORD" source="#ericrolph_cannon_car_wash_carriage_Cheek_R_Step2_mesh-mesh-map-0" offset="2" set="0"/>
          <p>0 0 0 4 0 1 6 0 2 1 1 3 4 1 4 3 1 5 2 2 6 4 2 7 5 2 8 7 3 9 11 3 10 13 3 11 8 4 12 11 4 13 10 4 14 9 5 15 11 5 16 12 5 17 14 6 18 18 6 19 20 6 20 15 7 21 18 7 22 17 7 23 16 8 24 18 8 25 19 8 26 21 9 27 25 9 28 27 9 29 22 10 30 25 10 31 24 10 32 23 11 33 25 11 34 26 11 35 28 12 36 32 12 37 34 12 38 29 13 39 32 13 40 31 13 41 30 14 42 32 14 43 33 14 44 35 15 45 39 15 46 41 15 47 36 16 48 39 16 49 38 16 50 37 17 51 39 17 52 40 17 53 42 18 54 46 18 55 48 18 56 43 19 57 46 19 58 45 19 59 44 20 60 46 20 61 47 20 62 49 21 63 53 21 64 55 21 65 50 22 66 53 22 67 52 22 68 51 23 69 53 23 70 54 23 71 0 24 72 17 24 73 14 24 74 6 25 75 15 25 76 17 25 77 7 26 78 5 26 79 1 26 80 13 27 81 2 27 82 5 27 83 21 28 84 12 28 85 8 28 86 27 29 87 9 29 88 12 29 89 16 30 90 26 30 91 22 30 92 19 31 93 23 31 94 26 31 95 14 32 96 45 32 97 42 32 98 45 33 99 16 33 100 43 33 101 49 34 102 24 34 103 21 34 104 24 35 105 51 35 106 22 35 107 44 36 108 54 36 109 50 36 110 47 37 111 51 37 112 54 37 113 42 38 114 31 38 115 28 38 116 48 39 117 29 39 118 31 39 119 35 40 120 52 40 121 49 40 122 41 41 123 50 41 124 52 41 125 30 42 126 40 42 127 36 42 128 33 43 129 37 43 130 40 43 131 28 44 132 3 44 133 0 44 134 3 45 135 30 45 136 1 45 137 8 46 138 38 46 139 35 46 140 38 47 141 7 47 142 36 47 143 42 48 144 0 48 145 14 48 146 9 49 147 15 49 148 2 49 149 36 50 150 1 50 151 30 50 152 21 51 153 35 51 154 49 51 155 22 52 156 43 52 157 16 52 158 50 53 159 29 53 160 44 53 161 0 54 162 3 54 163 4 54 164 1 55 165 5 55 166 4 55 167 2 56 168 6 56 169 4 56 170 7 57 171 10 57 172 11 57 173 8 58 174 12 58 175 11 58 176 9 59 177 13 59 178 11 59 179 14 60 180 17 60 181 18 60 182 15 61 183 19 61 184 18 61 185 16 62 186 20 62 187 18 62 188 21 63 189 24 63 190 25 63 191 22 64 192 26 64 193 25 64 194 23 65 195 27 65 196 25 65 197 28 66 198 31 66 199 32 66 200 29 67 201 33 67 202 32 67 203 30 68 204 34 68 205 32 68 206 35 69 207 38 69 208 39 69 209 36 70 210 40 70 211 39 70 212 37 71 213 41 71 214 39 71 215 42 72 216 45 72 217 46 72 218 43 73 219 47 73 220 46 73 221 44 74 222 48 74 223 46 74 224 49 75 225 52 75 226 53 75 227 50 76 228 54 76 229 53 76 230 51 77 231 55 77 232 53 77 233 0 78 234 6 78 235 17 78 236 6 79 237 2 79 238 15 79 239 7 80 240 13 80 241 5 80 242 13 81 243 9 81 244 2 81 245 21 82 246 27 82 247 12 82 248 27 83 249 23 83 250 9 83 251 16 84 252 19 84 253 26 84 254 19 85 255 15 85 256 23 85 257 14 86 258 20 86 259 45 86 260 45 87 261 20 87 262 16 87 263 49 88 264 55 88 265 24 88 266 24 89 267 55 89 268 51 89 269 44 90 270 47 90 271 54 90 272 47 91 273 43 91 274 51 91 275 42 92 276 48 92 277 31 92 278 48 93 279 44 93 280 29 93 281 35 94 282 41 94 283 52 94 284 41 95 285 37 95 286 50 95 287 30 96 288 33 96 289 40 96 290 33 97 291 29 97 292 37 97 293 28 98 294 34 98 295 3 98 296 3 99 297 34 99 298 30 99 299 8 100 300 10 100 301 38 100 302 38 101 303 10 101 304 7 101 305 42 102 306 28 102 307 0 102 308 9 103 309 23 103 310 15 103 311 36 104 312 7 104 313 1 104 314 21 105 315 8 105 316 35 105 317 22 106 318 51 106 319 43 106 320 50 107 321 37 107 322 29 107 323</p>
        </triangles>
      </mesh>
    </geometry>
    <geometry id="ericrolph_cannon_car_wash_carriage_Quoin_mesh-mesh" name="ericrolph_cannon_car_wash_carriage_Quoin_mesh">
      <mesh>
        <source id="ericrolph_cannon_car_wash_carriage_Quoin_mesh-mesh-positions">
          <float_array id="ericrolph_cannon_car_wash_carriage_Quoin_mesh-mesh-positions-array" count="168">-0.037 -0.07199996 -0.02249997 -0.037 -0.07999998 -0.01449996 -0.04499995 -0.07199996 -0.01449996 -0.037 -0.0776568 -0.02015686 -0.04161876 -0.07661879 -0.01911878 -0.04265683 -0.0776568 -0.01449996 -0.04265683 -0.07199996 -0.02015686 -0.037 -0.07999998 0.01449996 -0.037 -0.07199996 0.02249997 -0.04499995 -0.07199996 0.01449996 -0.037 -0.0776568 0.02015686 -0.04161876 -0.07661879 0.01911878 -0.04265683 -0.07199996 0.02015686 -0.04265683 -0.0776568 0.01449996 -0.037 0.07199996 -0.02249997 -0.04499995 0.07199996 -0.01449996 -0.037 0.07999998 -0.01449996 -0.04265683 0.07199996 -0.02015686 -0.04161876 0.07661879 -0.01911878 -0.04265683 0.0776568 -0.01449996 -0.037 0.0776568 -0.02015686 -0.037 0.07199996 0.02249997 -0.037 0.07999998 0.01449996 -0.04499995 0.07199996 0.01449996 -0.037 0.0776568 0.02015686 -0.04161876 0.07661879 0.01911878 -0.04265683 0.0776568 0.01449996 -0.04265683 0.07199996 0.02015686 0.037 -0.07199996 -0.02249997 0.04499995 -0.07199996 -0.01449996 0.037 -0.07999998 -0.01449996 0.04265683 -0.07199996 -0.02015686 0.04161876 -0.07661879 -0.01911878 0.04265683 -0.0776568 -0.01449996 0.037 -0.0776568 -0.02015686 0.037 -0.07199996 0.02249997 0.037 -0.07999998 0.01449996 0.04499995 -0.07199996 0.01449996 0.037 -0.0776568 0.02015686 0.04161876 -0.07661879 0.01911878 0.04265683 -0.0776568 0.01449996 0.04265683 -0.07199996 0.02015686 0.037 0.07199996 -0.02249997 0.037 0.07999998 -0.01449996 0.04499995 0.07199996 -0.01449996 0.037 0.0776568 -0.02015686 0.04161876 0.07661879 -0.01911878 0.04265683 0.0776568 -0.01449996 0.04265683 0.07199996 -0.02015686 0.037 0.07199996 0.02249997 0.04499995 0.07199996 0.01449996 0.037 0.07999998 0.01449996 0.04265683 0.07199996 0.02015686 0.04161876 0.07661879 0.01911878 0.04265683 0.0776568 0.01449996 0.037 0.0776568 0.02015686</float_array>
          <technique_common>
            <accessor source="#ericrolph_cannon_car_wash_carriage_Quoin_mesh-mesh-positions-array" count="56" stride="3">
              <param name="X" type="float"/>
              <param name="Y" type="float"/>
              <param name="Z" type="float"/>
            </accessor>
          </technique_common>
        </source>
        <source id="ericrolph_cannon_car_wash_carriage_Quoin_mesh-mesh-normals">
          <float_array id="ericrolph_cannon_car_wash_carriage_Quoin_mesh-mesh-normals-array" count="324">-0.3671803 -0.2817475 -0.8864519 -0.2817474 -0.8864518 -0.3671807 -0.886452 -0.3671803 -0.2817474 -0.3671806 -0.8864519 0.2817474 -0.2817473 -0.3671805 0.8864519 -0.886452 -0.2817475 0.3671802 -0.2817473 0.3671805 -0.8864519 -0.886452 0.2817475 -0.3671802 -0.3671806 0.8864519 -0.2817474 -0.3671803 0.2817475 0.8864519 -0.2817474 0.8864518 0.3671807 -0.886452 0.3671803 0.2817474 0.2817473 -0.3671805 -0.8864519 0.886452 -0.2817475 -0.3671802 0.3671806 -0.8864519 -0.2817474 0.3671803 -0.2817475 0.8864519 0.2817474 -0.8864518 0.3671807 0.886452 -0.3671803 0.2817474 0.3671803 0.2817475 -0.8864519 0.2817474 0.8864518 -0.3671807 0.886452 0.3671803 -0.2817474 0.2817473 0.3671805 0.8864519 0.886452 0.2817475 0.3671802 0.3671806 0.8864519 0.2817474 -0.3826833 0 -0.9238796 -0.9238796 0 -0.3826832 -0.3826836 -0.9238795 0 -0.9238796 -0.3826832 0 -0.3826833 0 0.9238796 -0.9238796 0 0.3826832 -0.3826836 0.9238795 0 -0.9238796 0.3826832 0 0 0.3826835 -0.9238795 0 0.9238794 -0.3826837 0 0.3826835 0.9238795 0 0.9238794 0.3826837 0.9238796 0.3826832 0 0.3826836 0.9238795 0 0.3826833 0 -0.9238796 0.9238796 0 -0.3826832 0.3826833 0 0.9238796 0.9238796 0 0.3826832 0.3826836 -0.9238795 0 0.9238796 -0.3826832 0 0 -0.3826835 -0.9238795 0 -0.9238794 -0.3826837 0 -0.3826835 0.9238795 0 -0.9238794 0.3826837 0 0 -1 -1 0 0 0 -1 0 0 0 1 0 1 0 1 0 0 -0.2817473 -0.3671805 -0.8864519 -0.3671806 -0.8864519 -0.2817474 -0.886452 -0.2817475 -0.3671802 -0.2817473 -0.8864518 0.3671806 -0.3671802 -0.2817475 0.8864519 -0.886452 -0.3671804 0.2817474 -0.3671802 0.2817475 -0.8864519 -0.886452 0.3671804 -0.2817474 -0.2817473 0.8864518 -0.3671806 -0.2817473 0.3671805 0.8864519 -0.3671806 0.8864519 0.2817474 -0.886452 0.2817475 0.3671802 0.3671802 -0.2817475 -0.8864519 0.886452 -0.3671804 -0.2817474 0.2817473 -0.8864518 -0.3671806 0.2817473 -0.3671805 0.8864519 0.3671806 -0.8864519 0.2817474 0.886452 -0.2817475 0.3671802 0.2817473 0.3671805 -0.8864519 0.3671806 0.8864519 -0.2817474 0.886452 0.2817475 -0.3671802 0.3671802 0.2817475 0.8864519 0.886452 0.3671804 0.2817474 0.2817473 0.8864518 0.3671806 -0.3826833 0 -0.9238796 -0.9238796 0 -0.3826832 -0.3826836 -0.9238795 0 -0.9238796 -0.3826833 0 -0.3826833 0 0.9238796 -0.9238796 0 0.3826832 -0.3826836 0.9238795 0 -0.9238796 0.3826833 0 0 0.3826835 -0.9238795 0 0.9238795 -0.3826837 0 0.3826835 0.9238795 0 0.9238795 0.3826837 0.9238796 0.3826832 0 0.3826836 0.9238795 0 0.3826833 0 -0.9238796 0.9238796 0 -0.3826832 0.3826833 0 0.9238796 0.9238796 0 0.3826832 0.3826836 -0.9238795 0 0.9238796 -0.3826833 0 0 -0.3826835 -0.9238795 0 -0.9238795 -0.3826837 0 -0.3826835 0.9238795 0 -0.9238795 0.3826837 0 0 -1 -1 0 0 0 -1 0 0 0 1 0 1 0 1 0 0</float_array>
          <technique_common>
            <accessor source="#ericrolph_cannon_car_wash_carriage_Quoin_mesh-mesh-normals-array" count="108" stride="3">
              <param name="X" type="float"/>
              <param name="Y" type="float"/>
              <param name="Z" type="float"/>
            </accessor>
          </technique_common>
        </source>
        <source id="ericrolph_cannon_car_wash_carriage_Quoin_mesh-mesh-map-0">
          <float_array id="ericrolph_cannon_car_wash_carriage_Quoin_mesh-mesh-map-0-array" count="648">0.1472222 0.7375 0.1343922 0.75 0.125 0.7375 0.4194444 0.9777778 0.3937844 1 0.375 0.9777778 0.4194444 0.01249998 0.375 0.005283117 0.4194445 0 0.5805556 0.9777778 0.625 0.9906079 0.5805554 1 0.8527778 0.7375 0.875 0.7447169 0.8527778 0.7500001 0.5805556 0.01249998 0.6062155 0 0.6250001 0.01249998 0.1472222 0.5125001 0.125 0.5052831 0.1472222 0.5 0.4194445 0.2375 0.3843922 0.2546961 0.375 0.2375 0.4194445 0.2722222 0.3843922 0.2546961 0.4194445 0.25 0.8527779 0.5125001 0.8656078 0.5 0.875 0.5125 0.5805555 0.2722222 0.6156078 0.2473584 0.625 0.2722222 0.5805555 0.2375 0.6156078 0.2473584 0.5805556 0.25 0.3527778 0.7375001 0.3812615 0.7513697 0.3638889 0.7611111 0.4194445 0.7375 0.3812615 0.7513697 0.375 0.7374998 0.4194445 0.7722223 0.3812615 0.7513697 0.4194445 0.7500001 0.6472223 0.7375001 0.6218692 0.7482389 0.6250001 0.7375 0.5805555 0.7722223 0.6218692 0.7482389 0.636111 0.7611111 0.5805556 0.7375 0.6218692 0.7482389 0.5805556 0.7500001 0.3527778 0.5125001 0.3781307 0.501761 0.375 0.5124999 0.4194445 0.4777778 0.3781307 0.501761 0.3638889 0.4888889 0.4194444 0.5125 0.3781307 0.501761 0.4194445 0.5 0.6472222 0.5125001 0.6187385 0.4986303 0.6361112 0.4888889 0.5805556 0.5125001 0.6187385 0.4986303 0.6250001 0.5125 0.5805556 0.4777778 0.6187385 0.4986303 0.5805555 0.5 0.1472222 0.7375 0.125 0.5125 0.1472222 0.5125001 0.375 0.01249998 0.4194445 0.2375 0.375 0.2375 0.5805556 0.9777778 0.4194445 1 0.4194444 0.9777778 0.5805555 0 0.4194444 0.01249998 0.4194445 0 0.8527779 0.5125001 0.875 0.7375 0.8527778 0.7375 0.6250001 0.2375 0.5805556 0.01249998 0.6250001 0.01249998 0.4194445 0.2722222 0.5805556 0.25 0.5805555 0.2722222 0.4194445 0.25 0.5805555 0.2375 0.5805556 0.25 0.1472222 0.5125001 0.3638889 0.4888889 0.3527778 0.5125001 0.375 0.2722222 0.4194445 0.4777778 0.3638889 0.4888889 0.6472222 0.5125001 0.8527778 0.5 0.8527779 0.5125001 0.6361112 0.4888889 0.5805555 0.2722222 0.625 0.2722222 0.4194444 0.5125 0.5805555 0.5 0.5805556 0.5125001 0.4194445 0.5 0.5805556 0.4777778 0.5805555 0.5 0.3527778 0.5125001 0.375 0.7374998 0.3527778 0.7375001 0.375 0.5124999 0.4194445 0.7375 0.375 0.7374998 0.6472223 0.7375001 0.6250001 0.5125 0.6472222 0.5125001 0.6250001 0.7375 0.5805556 0.5125001 0.6250001 0.5125 0.4194445 0.7722223 0.5805556 0.7500001 0.5805555 0.7722223 0.4194445 0.7500001 0.5805556 0.7375 0.5805556 0.7500001 0.3527778 0.7375001 0.1472222 0.7500001 0.1472222 0.7375 0.3638889 0.7611111 0.4194444 0.9777778 0.375 0.9777778 0.8527778 0.7375 0.636111 0.7611111 0.6472223 0.7375001 0.6250001 0.9777778 0.5805555 0.7722223 0.636111 0.7611111 0.3527778 0.5125001 0.1472222 0.7375 0.1472222 0.5125001 0.5805556 0.01249998 0.4194445 0.2375 0.4194444 0.01249998 0.5805555 0.7722223 0.4194444 0.9777778 0.4194445 0.7722223 0.8527779 0.5125001 0.6472223 0.7375001 0.6472222 0.5125001 0.5805555 0.2722222 0.4194445 0.4777778 0.4194445 0.2722222 0.5805556 0.5125001 0.4194445 0.7375 0.4194444 0.5125 0.1472222 0.7375 0.1472222 0.7500001 0.1343922 0.75 0.4194444 0.9777778 0.4194445 1 0.3937844 1 0.4194444 0.01249998 0.375 0.01249998 0.375 0.005283117 0.5805556 0.9777778 0.6250001 0.9777778 0.625 0.9906079 0.8527778 0.7375 0.875 0.7375 0.875 0.7447169 0.5805556 0.01249998 0.5805555 0 0.6062155 0 0.1472222 0.5125001 0.125 0.5125 0.125 0.5052831 0.4194445 0.2375 0.4194445 0.25 0.3843922 0.2546961 0.4194445 0.2722222 0.375 0.2722222 0.3843922 0.2546961 0.8527779 0.5125001 0.8527778 0.5 0.8656078 0.5 0.5805555 0.2722222 0.5805556 0.25 0.6156078 0.2473584 0.5805555 0.2375 0.6250001 0.2375 0.6156078 0.2473584 0.3527778 0.7375001 0.375 0.7374998 0.3812615 0.7513697 0.4194445 0.7375 0.4194445 0.7500001 0.3812615 0.7513697 0.4194445 0.7722223 0.3638889 0.7611111 0.3812615 0.7513697 0.6472223 0.7375001 0.636111 0.7611111 0.6218692 0.7482389 0.5805555 0.7722223 0.5805556 0.7500001 0.6218692 0.7482389 0.5805556 0.7375 0.6250001 0.7375 0.6218692 0.7482389 0.3527778 0.5125001 0.3638889 0.4888889 0.3781307 0.501761 0.4194445 0.4777778 0.4194445 0.5 0.3781307 0.501761 0.4194444 0.5125 0.375 0.5124999 0.3781307 0.501761 0.6472222 0.5125001 0.6250001 0.5125 0.6187385 0.4986303 0.5805556 0.5125001 0.5805555 0.5 0.6187385 0.4986303 0.5805556 0.4777778 0.6361112 0.4888889 0.6187385 0.4986303 0.1472222 0.7375 0.125 0.7375 0.125 0.5125 0.375 0.01249998 0.4194444 0.01249998 0.4194445 0.2375 0.5805556 0.9777778 0.5805554 1 0.4194445 1 0.5805555 0 0.5805556 0.01249998 0.4194444 0.01249998 0.8527779 0.5125001 0.875 0.5125 0.875 0.7375 0.6250001 0.2375 0.5805555 0.2375 0.5805556 0.01249998 0.4194445 0.2722222 0.4194445 0.25 0.5805556 0.25 0.4194445 0.25 0.4194445 0.2375 0.5805555 0.2375 0.1472222 0.5125001 0.1472222 0.5 0.3638889 0.4888889 0.375 0.2722222 0.4194445 0.2722222 0.4194445 0.4777778 0.6472222 0.5125001 0.6361112 0.4888889 0.8527778 0.5 0.6361112 0.4888889 0.5805556 0.4777778 0.5805555 0.2722222 0.4194444 0.5125 0.4194445 0.5 0.5805555 0.5 0.4194445 0.5 0.4194445 0.4777778 0.5805556 0.4777778 0.3527778 0.5125001 0.375 0.5124999 0.375 0.7374998 0.375 0.5124999 0.4194444 0.5125 0.4194445 0.7375 0.6472223 0.7375001 0.6250001 0.7375 0.6250001 0.5125 0.6250001 0.7375 0.5805556 0.7375 0.5805556 0.5125001 0.4194445 0.7722223 0.4194445 0.7500001 0.5805556 0.7500001 0.4194445 0.7500001 0.4194445 0.7375 0.5805556 0.7375 0.3527778 0.7375001 0.3638889 0.7611111 0.1472222 0.7500001 0.3638889 0.7611111 0.4194445 0.7722223 0.4194444 0.9777778 0.8527778 0.7375 0.8527778 0.7500001 0.636111 0.7611111 0.6250001 0.9777778 0.5805556 0.9777778 0.5805555 0.7722223 0.3527778 0.5125001 0.3527778 0.7375001 0.1472222 0.7375 0.5805556 0.01249998 0.5805555 0.2375 0.4194445 0.2375 0.5805555 0.7722223 0.5805556 0.9777778 0.4194444 0.9777778 0.8527779 0.5125001 0.8527778 0.7375 0.6472223 0.7375001 0.5805555 0.2722222 0.5805556 0.4777778 0.4194445 0.4777778 0.5805556 0.5125001 0.5805556 0.7375 0.4194445 0.7375</float_array>
          <technique_common>
            <accessor source="#ericrolph_cannon_car_wash_carriage_Quoin_mesh-mesh-map-0-array" count="324" stride="2">
              <param name="S" type="float"/>
              <param name="T" type="float"/>
            </accessor>
          </technique_common>
        </source>
        <vertices id="ericrolph_cannon_car_wash_carriage_Quoin_mesh-mesh-vertices">
          <input semantic="POSITION" source="#ericrolph_cannon_car_wash_carriage_Quoin_mesh-mesh-positions"/>
        </vertices>
        <triangles material="ericrolph_cannon_car_wash_carriage_oak-material" count="108">
          <input semantic="VERTEX" source="#ericrolph_cannon_car_wash_carriage_Quoin_mesh-mesh-vertices" offset="0"/>
          <input semantic="NORMAL" source="#ericrolph_cannon_car_wash_carriage_Quoin_mesh-mesh-normals" offset="1"/>
          <input semantic="TEXCOORD" source="#ericrolph_cannon_car_wash_carriage_Quoin_mesh-mesh-map-0" offset="2" set="0"/>
          <p>0 0 0 4 0 1 6 0 2 1 1 3 4 1 4 3 1 5 2 2 6 4 2 7 5 2 8 7 3 9 11 3 10 13 3 11 8 4 12 11 4 13 10 4 14 9 5 15 11 5 16 12 5 17 14 6 18 18 6 19 20 6 20 15 7 21 18 7 22 17 7 23 16 8 24 18 8 25 19 8 26 21 9 27 25 9 28 27 9 29 22 10 30 25 10 31 24 10 32 23 11 33 25 11 34 26 11 35 28 12 36 32 12 37 34 12 38 29 13 39 32 13 40 31 13 41 30 14 42 32 14 43 33 14 44 35 15 45 39 15 46 41 15 47 36 16 48 39 16 49 38 16 50 37 17 51 39 17 52 40 17 53 42 18 54 46 18 55 48 18 56 43 19 57 46 19 58 45 19 59 44 20 60 46 20 61 47 20 62 49 21 63 53 21 64 55 21 65 50 22 66 53 22 67 52 22 68 51 23 69 53 23 70 54 23 71 0 24 72 17 24 73 14 24 74 6 25 75 15 25 76 17 25 77 7 26 78 5 26 79 1 26 80 13 27 81 2 27 82 5 27 83 21 28 84 12 28 85 8 28 86 27 29 87 9 29 88 12 29 89 16 30 90 26 30 91 22 30 92 19 31 93 23 31 94 26 31 95 14 32 96 45 32 97 42 32 98 20 33 99 43 33 100 45 33 101 49 34 102 24 34 103 21 34 104 55 35 105 22 35 106 24 35 107 44 36 108 54 36 109 50 36 110 47 37 111 51 37 112 54 37 113 42 38 114 31 38 115 28 38 116 48 39 117 29 39 118 31 39 119 35 40 120 52 40 121 49 40 122 41 41 123 50 41 124 52 41 125 30 42 126 40 42 127 36 42 128 33 43 129 37 43 130 40 43 131 28 44 132 3 44 133 0 44 134 34 45 135 1 45 136 3 45 137 8 46 138 38 46 139 35 46 140 10 47 141 36 47 142 38 47 143 42 48 144 0 48 145 14 48 146 9 49 147 15 49 148 2 49 149 36 50 150 1 50 151 30 50 152 21 51 153 35 51 154 49 51 155 22 52 156 43 52 157 16 52 158 50 53 159 29 53 160 44 53 161 0 54 162 3 54 163 4 54 164 1 55 165 5 55 166 4 55 167 2 56 168 6 56 169 4 56 170 7 57 171 10 57 172 11 57 173 8 58 174 12 58 175 11 58 176 9 59 177 13 59 178 11 59 179 14 60 180 17 60 181 18 60 182 15 61 183 19 61 184 18 61 185 16 62 186 20 62 187 18 62 188 21 63 189 24 63 190 25 63 191 22 64 192 26 64 193 25 64 194 23 65 195 27 65 196 25 65 197 28 66 198 31 66 199 32 66 200 29 67 201 33 67 202 32 67 203 30 68 204 34 68 205 32 68 206 35 69 207 38 69 208 39 69 209 36 70 210 40 70 211 39 70 212 37 71 213 41 71 214 39 71 215 42 72 216 45 72 217 46 72 218 43 73 219 47 73 220 46 73 221 44 74 222 48 74 223 46 74 224 49 75 225 52 75 226 53 75 227 50 76 228 54 76 229 53 76 230 51 77 231 55 77 232 53 77 233 0 78 234 6 78 235 17 78 236 6 79 237 2 79 238 15 79 239 7 80 240 13 80 241 5 80 242 13 81 243 9 81 244 2 81 245 21 82 246 27 82 247 12 82 248 27 83 249 23 83 250 9 83 251 16 84 252 19 84 253 26 84 254 19 85 255 15 85 256 23 85 257 14 86 258 20 86 259 45 86 260 20 87 261 16 87 262 43 87 263 49 88 264 55 88 265 24 88 266 55 89 267 51 89 268 22 89 269 44 90 270 47 90 271 54 90 272 47 91 273 43 91 274 51 91 275 42 92 276 48 92 277 31 92 278 48 93 279 44 93 280 29 93 281 35 94 282 41 94 283 52 94 284 41 95 285 37 95 286 50 95 287 30 96 288 33 96 289 40 96 290 33 97 291 29 97 292 37 97 293 28 98 294 34 98 295 3 98 296 34 99 297 30 99 298 1 99 299 8 100 300 10 100 301 38 100 302 10 101 303 7 101 304 36 101 305 42 102 306 28 102 307 0 102 308 9 103 309 23 103 310 15 103 311 36 104 312 7 104 313 1 104 314 21 105 315 8 105 316 35 105 317 22 106 318 51 106 319 43 106 320 50 107 321 37 107 322 29 107 323</p>
        </triangles>
      </mesh>
    </geometry>
    <geometry id="ericrolph_cannon_car_wash_carriage_QuoinHandle_mesh-mesh" name="ericrolph_cannon_car_wash_carriage_QuoinHandle_mesh">
      <mesh>
        <source id="ericrolph_cannon_car_wash_carriage_QuoinHandle_mesh-mesh-positions">
          <float_array id="ericrolph_cannon_car_wash_carriage_QuoinHandle_mesh-mesh-positions-array" count="24">-0.01199996 -0.02499997 -0.01199996 -0.01199996 -0.02499997 0.01199996 -0.01199996 0.02499997 -0.01199996 -0.01199996 0.02499997 0.01199996 0.01199996 -0.02499997 -0.01199996 0.01199996 -0.02499997 0.01199996 0.01199996 0.02499997 -0.01199996 0.01199996 0.02499997 0.01199996</float_array>
          <technique_common>
            <accessor source="#ericrolph_cannon_car_wash_carriage_QuoinHandle_mesh-mesh-positions-array" count="8" stride="3">
              <param name="X" type="float"/>
              <param name="Y" type="float"/>
              <param name="Z" type="float"/>
            </accessor>
          </technique_common>
        </source>
        <source id="ericrolph_cannon_car_wash_carriage_QuoinHandle_mesh-mesh-normals">
          <float_array id="ericrolph_cannon_car_wash_carriage_QuoinHandle_mesh-mesh-normals-array" count="36">-1 0 0 0 1 0 1 0 0 0 -1 0 0 0 -1 0 0 1 -1 0 0 0 1 0 1 0 0 0 -1 0 0 0 -1 0 0 1</float_array>
          <technique_common>
            <accessor source="#ericrolph_cannon_car_wash_carriage_QuoinHandle_mesh-mesh-normals-array" count="12" stride="3">
              <param name="X" type="float"/>
              <param name="Y" type="float"/>
              <param name="Z" type="float"/>
            </accessor>
          </technique_common>
        </source>
        <source id="ericrolph_cannon_car_wash_carriage_QuoinHandle_mesh-mesh-map-0">
          <float_array id="ericrolph_cannon_car_wash_carriage_QuoinHandle_mesh-mesh-map-0-array" count="72">0.625 0 0.375 0.25 0.375 0 0.625 0.25 0.375 0.5 0.375 0.25 0.625 0.5 0.375 0.75 0.375 0.5 0.625 0.75 0.375 1 0.375 0.75 0.375 0.5 0.125 0.75 0.125 0.5 0.875 0.5 0.625 0.75 0.625 0.5 0.625 0 0.625 0.25 0.375 0.25 0.625 0.25 0.625 0.5 0.375 0.5 0.625 0.5 0.625 0.75 0.375 0.75 0.625 0.75 0.625 1 0.375 1 0.375 0.5 0.375 0.75 0.125 0.75 0.875 0.5 0.875 0.75 0.625 0.75</float_array>
          <technique_common>
            <accessor source="#ericrolph_cannon_car_wash_carriage_QuoinHandle_mesh-mesh-map-0-array" count="36" stride="2">
              <param name="S" type="float"/>
              <param name="T" type="float"/>
            </accessor>
          </technique_common>
        </source>
        <vertices id="ericrolph_cannon_car_wash_carriage_QuoinHandle_mesh-mesh-vertices">
          <input semantic="POSITION" source="#ericrolph_cannon_car_wash_carriage_QuoinHandle_mesh-mesh-positions"/>
        </vertices>
        <triangles material="ericrolph_cannon_car_wash_attract_iron-material" count="12">
          <input semantic="VERTEX" source="#ericrolph_cannon_car_wash_carriage_QuoinHandle_mesh-mesh-vertices" offset="0"/>
          <input semantic="NORMAL" source="#ericrolph_cannon_car_wash_carriage_QuoinHandle_mesh-mesh-normals" offset="1"/>
          <input semantic="TEXCOORD" source="#ericrolph_cannon_car_wash_carriage_QuoinHandle_mesh-mesh-map-0" offset="2" set="0"/>
          <p>1 0 0 2 0 1 0 0 2 3 1 3 6 1 4 2 1 5 7 2 6 4 2 7 6 2 8 5 3 9 0 3 10 4 3 11 6 4 12 0 4 13 2 4 14 3 5 15 5 5 16 7 5 17 1 6 18 3 6 19 2 6 20 3 7 21 7 7 22 6 7 23 7 8 24 5 8 25 4 8 26 5 9 27 1 9 28 0 9 29 6 10 30 4 10 31 0 10 32 3 11 33 1 11 34 5 11 35</p>
        </triangles>
      </mesh>
    </geometry>
    <geometry id="ericrolph_cannon_car_wash_carriage_Transom_mesh-mesh" name="ericrolph_cannon_car_wash_carriage_Transom_mesh">
      <mesh>
        <source id="ericrolph_cannon_car_wash_carriage_Transom_mesh-mesh-positions">
          <float_array id="ericrolph_cannon_car_wash_carriage_Transom_mesh-mesh-positions-array" count="168">-0.07899999 -0.01899999 -0.04499995 -0.07899999 -0.02499997 -0.03899997 -0.08499997 -0.01899999 -0.03899997 -0.07899999 -0.02324259 -0.04324263 -0.08246409 -0.02246409 -0.04246407 -0.08324259 -0.02324259 -0.03899997 -0.08324259 -0.01899999 -0.04324263 -0.07899999 -0.02499997 0.03899997 -0.07899999 -0.01899999 0.04499995 -0.08499997 -0.01899999 0.03899997 -0.07899999 -0.02324259 0.04324263 -0.08246409 -0.02246409 0.04246407 -0.08324259 -0.01899999 0.04324263 -0.08324259 -0.02324259 0.03899997 -0.07899999 0.01899999 -0.04499995 -0.08499997 0.01899999 -0.03899997 -0.07899999 0.02499997 -0.03899997 -0.08324259 0.01899999 -0.04324263 -0.08246409 0.02246409 -0.04246407 -0.08324259 0.02324259 -0.03899997 -0.07899999 0.02324259 -0.04324263 -0.07899999 0.01899999 0.04499995 -0.07899999 0.02499997 0.03899997 -0.08499997 0.01899999 0.03899997 -0.07899999 0.02324259 0.04324263 -0.08246409 0.02246409 0.04246407 -0.08324259 0.02324259 0.03899997 -0.08324259 0.01899999 0.04324263 0.07899999 -0.01899999 -0.04499995 0.08499997 -0.01899999 -0.03899997 0.07899999 -0.02499997 -0.03899997 0.08324259 -0.01899999 -0.04324263 0.08246409 -0.02246409 -0.04246407 0.08324259 -0.02324259 -0.03899997 0.07899999 -0.02324259 -0.04324263 0.07899999 -0.01899999 0.04499995 0.07899999 -0.02499997 0.03899997 0.08499997 -0.01899999 0.03899997 0.07899999 -0.02324259 0.04324263 0.08246409 -0.02246409 0.04246407 0.08324259 -0.02324259 0.03899997 0.08324259 -0.01899999 0.04324263 0.07899999 0.01899999 -0.04499995 0.07899999 0.02499997 -0.03899997 0.08499997 0.01899999 -0.03899997 0.07899999 0.02324259 -0.04324263 0.08246409 0.02246409 -0.04246407 0.08324259 0.02324259 -0.03899997 0.08324259 0.01899999 -0.04324263 0.07899999 0.01899999 0.04499995 0.08499997 0.01899999 0.03899997 0.07899999 0.02499997 0.03899997 0.08324259 0.01899999 0.04324263 0.08246409 0.02246409 0.04246407 0.08324259 0.02324259 0.03899997 0.07899999 0.02324259 0.04324263</float_array>
          <technique_common>
            <accessor source="#ericrolph_cannon_car_wash_carriage_Transom_mesh-mesh-positions-array" count="56" stride="3">
              <param name="X" type="float"/>
              <param name="Y" type="float"/>
              <param name="Z" type="float"/>
            </accessor>
          </technique_common>
        </source>
        <source id="ericrolph_cannon_car_wash_carriage_Transom_mesh-mesh-normals">
          <float_array id="ericrolph_cannon_car_wash_carriage_Transom_mesh-mesh-normals-array" count="324">-0.3671802 -0.2817474 -0.886452 -0.2817475 -0.8864519 -0.3671802 -0.8864516 -0.367182 -0.2817462 -0.3671811 -0.8864518 0.2817469 -0.2817477 -0.3671798 0.886452 -0.8864517 -0.2817465 0.3671816 -0.2817477 0.3671798 -0.886452 -0.8864517 0.2817465 -0.3671816 -0.3671811 0.8864518 -0.2817469 -0.3671802 0.2817474 0.886452 -0.2817475 0.8864519 0.3671802 -0.8864516 0.367182 0.2817462 0.2817477 -0.3671798 -0.886452 0.8864517 -0.2817465 -0.3671816 0.3671811 -0.8864518 -0.2817469 0.3671802 -0.2817474 0.886452 0.2817475 -0.8864519 0.3671802 0.8864516 -0.367182 0.2817462 0.3671802 0.2817474 -0.886452 0.2817475 0.8864519 -0.3671802 0.8864516 0.367182 -0.2817462 0.2817477 0.3671798 0.886452 0.8864517 0.2817465 0.3671816 0.3671811 0.8864518 0.2817469 -0.3826832 0 -0.9238796 -0.9238791 0 -0.3826846 -0.3826844 -0.9238792 0 -0.9238788 -0.3826851 0 -0.3826832 0 0.9238796 -0.9238791 0 0.3826846 -0.3826844 0.9238792 0 -0.9238788 0.3826851 0 0 0.3826824 -0.9238799 0 0.9238798 -0.3826829 0 0.3826824 0.9238799 0 0.9238798 0.3826829 0.9238788 0.3826852 0 0.3826843 0.9238792 0 0.3826832 0 -0.9238796 0.9238791 0 -0.3826846 0.3826832 0 0.9238796 0.9238791 0 0.3826846 0.3826844 -0.9238792 0 0.9238788 -0.3826851 0 0 -0.3826824 -0.9238799 0 -0.9238798 -0.3826829 0 -0.3826824 0.9238799 0 -0.9238798 0.3826829 0 0 -1 -1 0 0 0 -1 0 0 0 1 0 1 0 1 0 0 -0.2817477 -0.3671798 -0.886452 -0.3671811 -0.8864518 -0.2817469 -0.8864517 -0.2817465 -0.3671816 -0.2817475 -0.886452 0.3671803 -0.3671802 -0.2817474 0.886452 -0.8864516 -0.367182 0.2817462 -0.3671802 0.2817474 -0.886452 -0.8864516 0.367182 -0.2817462 -0.2817475 0.886452 -0.3671803 -0.2817477 0.3671798 0.886452 -0.3671811 0.8864518 0.2817469 -0.8864517 0.2817465 0.3671816 0.3671802 -0.2817474 -0.886452 0.8864516 -0.367182 -0.2817462 0.2817475 -0.886452 -0.3671803 0.2817477 -0.3671798 0.886452 0.3671811 -0.8864518 0.2817469 0.8864517 -0.2817465 0.3671816 0.2817477 0.3671798 -0.886452 0.3671811 0.8864518 -0.2817469 0.8864517 0.2817465 -0.3671816 0.3671802 0.2817474 0.886452 0.8864516 0.367182 0.2817462 0.2817475 0.886452 0.3671803 -0.3826832 0 -0.9238796 -0.9238791 0 -0.3826846 -0.3826843 -0.9238792 0 -0.9238788 -0.3826852 0 -0.3826832 0 0.9238796 -0.9238791 0 0.3826846 -0.3826843 0.9238792 0 -0.9238788 0.3826852 0 0 0.3826824 -0.9238799 0 0.9238798 -0.3826829 0 0.3826824 0.9238799 0 0.9238798 0.3826829 0.9238789 0.3826852 0 0.3826844 0.9238792 0 0.3826832 0 -0.9238796 0.9238791 0 -0.3826846 0.3826832 0 0.9238796 0.9238791 0 0.3826846 0.3826843 -0.9238792 0 0.9238788 -0.3826852 0 0 -0.3826824 -0.9238799 0 -0.9238798 -0.3826829 0 -0.3826824 0.9238799 0 -0.9238798 0.3826829 0 0 -1 -1 0 0 0 -1 0 0 0 1 0 1 0 1 0 0</float_array>
          <technique_common>
            <accessor source="#ericrolph_cannon_car_wash_carriage_Transom_mesh-mesh-normals-array" count="108" stride="3">
              <param name="X" type="float"/>
              <param name="Y" type="float"/>
              <param name="Z" type="float"/>
            </accessor>
          </technique_common>
        </source>
        <source id="ericrolph_cannon_car_wash_carriage_Transom_mesh-mesh-map-0">
          <float_array id="ericrolph_cannon_car_wash_carriage_Transom_mesh-mesh-map-0-array" count="648">0.1338235 0.72 0.1287292 0.75 0.125 0.72 0.3916667 0.9911764 0.3820441 1 0.375 0.9911766 0.3916667 0.02999997 0.375 0.01267945 0.3916667 0 0.6083333 0.9911764 0.625 0.9962708 0.6083333 1 0.8661764 0.72 0.875 0.7373205 0.8661765 0.7500001 0.6083334 0.02999997 0.6179559 0 0.625 0.02999997 0.1338235 0.53 0.125 0.5126795 0.1338235 0.5 0.3916667 0.22 0.3785221 0.2518646 0.375 0.22 0.3916666 0.2588235 0.3785221 0.2518646 0.3916667 0.25 0.8661764 0.53 0.8712707 0.5 0.875 0.53 0.6083334 0.2588235 0.621478 0.2436602 0.6250001 0.2588235 0.6083334 0.22 0.621478 0.2436602 0.6083334 0.25 0.3661764 0.72 0.3773481 0.7470167 0.3705883 0.7544118 0.3916667 0.7200001 0.3773481 0.7470167 0.375 0.72 0.3916666 0.7588235 0.3773481 0.7470167 0.3916667 0.75 0.6338235 0.72 0.6238951 0.7457735 0.625 0.72 0.6083333 0.7588235 0.6238951 0.7457735 0.6294118 0.7544118 0.6083334 0.7200001 0.6238951 0.7457735 0.6083334 0.7500001 0.3661764 0.53 0.376105 0.5042265 0.375 0.53 0.3916667 0.4911764 0.376105 0.5042265 0.3705883 0.4955883 0.3916667 0.53 0.376105 0.5042265 0.3916667 0.5 0.6338235 0.53 0.6226519 0.5029834 0.6294118 0.4955883 0.6083334 0.53 0.6226519 0.5029834 0.625 0.53 0.6083333 0.4911764 0.6226519 0.5029834 0.6083334 0.5 0.1338235 0.72 0.125 0.53 0.1338235 0.53 0.375 0.03000003 0.3916667 0.22 0.375 0.22 0.6083333 0.9911764 0.3916667 1 0.3916667 0.9911764 0.6083333 0 0.3916667 0.02999997 0.3916667 0 0.8661764 0.53 0.8750001 0.72 0.8661764 0.72 0.625 0.2199999 0.6083334 0.02999997 0.625 0.02999997 0.3916666 0.2588235 0.6083334 0.25 0.6083334 0.2588235 0.3916667 0.25 0.6083334 0.22 0.6083334 0.25 0.1338235 0.53 0.3705883 0.4955883 0.3661764 0.53 0.375 0.2588235 0.3916667 0.4911764 0.3705883 0.4955883 0.6338235 0.53 0.8661765 0.5 0.8661764 0.53 0.6294118 0.4955883 0.6083334 0.2588235 0.6250001 0.2588235 0.3916667 0.53 0.6083334 0.5 0.6083334 0.53 0.3916667 0.5 0.6083333 0.4911764 0.6083334 0.5 0.3661764 0.53 0.375 0.72 0.3661764 0.72 0.375 0.53 0.3916667 0.7200001 0.375 0.72 0.6338235 0.72 0.625 0.53 0.6338235 0.53 0.625 0.72 0.6083334 0.53 0.625 0.53 0.3916666 0.7588235 0.6083334 0.7500001 0.6083333 0.7588235 0.3916667 0.75 0.6083334 0.7200001 0.6083334 0.7500001 0.3661764 0.72 0.1338235 0.7500001 0.1338235 0.72 0.3705883 0.7544118 0.3916667 0.9911764 0.375 0.9911766 0.8661764 0.72 0.6294118 0.7544118 0.6338235 0.72 0.6250001 0.9911766 0.6083333 0.7588235 0.6294118 0.7544118 0.3661764 0.53 0.1338235 0.72 0.1338235 0.53 0.6083334 0.02999997 0.3916667 0.22 0.3916667 0.02999997 0.6083333 0.7588235 0.3916667 0.9911764 0.3916666 0.7588235 0.8661764 0.53 0.6338235 0.72 0.6338235 0.53 0.6083334 0.2588235 0.3916667 0.4911764 0.3916666 0.2588235 0.6083334 0.53 0.3916667 0.7200001 0.3916667 0.53 0.1338235 0.72 0.1338235 0.7500001 0.1287292 0.75 0.3916667 0.9911764 0.3916667 1 0.3820441 1 0.3916667 0.02999997 0.375 0.03000003 0.375 0.01267945 0.6083333 0.9911764 0.6250001 0.9911766 0.625 0.9962708 0.8661764 0.72 0.8750001 0.72 0.875 0.7373205 0.6083334 0.02999997 0.6083333 0 0.6179559 0 0.1338235 0.53 0.125 0.53 0.125 0.5126795 0.3916667 0.22 0.3916667 0.25 0.3785221 0.2518646 0.3916666 0.2588235 0.375 0.2588235 0.3785221 0.2518646 0.8661764 0.53 0.8661765 0.5 0.8712707 0.5 0.6083334 0.2588235 0.6083334 0.25 0.621478 0.2436602 0.6083334 0.22 0.625 0.2199999 0.621478 0.2436602 0.3661764 0.72 0.375 0.72 0.3773481 0.7470167 0.3916667 0.7200001 0.3916667 0.75 0.3773481 0.7470167 0.3916666 0.7588235 0.3705883 0.7544118 0.3773481 0.7470167 0.6338235 0.72 0.6294118 0.7544118 0.6238951 0.7457735 0.6083333 0.7588235 0.6083334 0.7500001 0.6238951 0.7457735 0.6083334 0.7200001 0.625 0.72 0.6238951 0.7457735 0.3661764 0.53 0.3705883 0.4955883 0.376105 0.5042265 0.3916667 0.4911764 0.3916667 0.5 0.376105 0.5042265 0.3916667 0.53 0.375 0.53 0.376105 0.5042265 0.6338235 0.53 0.625 0.53 0.6226519 0.5029834 0.6083334 0.53 0.6083334 0.5 0.6226519 0.5029834 0.6083333 0.4911764 0.6294118 0.4955883 0.6226519 0.5029834 0.1338235 0.72 0.125 0.72 0.125 0.53 0.375 0.03000003 0.3916667 0.02999997 0.3916667 0.22 0.6083333 0.9911764 0.6083333 1 0.3916667 1 0.6083333 0 0.6083334 0.02999997 0.3916667 0.02999997 0.8661764 0.53 0.875 0.53 0.8750001 0.72 0.625 0.2199999 0.6083334 0.22 0.6083334 0.02999997 0.3916666 0.2588235 0.3916667 0.25 0.6083334 0.25 0.3916667 0.25 0.3916667 0.22 0.6083334 0.22 0.1338235 0.53 0.1338235 0.5 0.3705883 0.4955883 0.375 0.2588235 0.3916666 0.2588235 0.3916667 0.4911764 0.6338235 0.53 0.6294118 0.4955883 0.8661765 0.5 0.6294118 0.4955883 0.6083333 0.4911764 0.6083334 0.2588235 0.3916667 0.53 0.3916667 0.5 0.6083334 0.5 0.3916667 0.5 0.3916667 0.4911764 0.6083333 0.4911764 0.3661764 0.53 0.375 0.53 0.375 0.72 0.375 0.53 0.3916667 0.53 0.3916667 0.7200001 0.6338235 0.72 0.625 0.72 0.625 0.53 0.625 0.72 0.6083334 0.7200001 0.6083334 0.53 0.3916666 0.7588235 0.3916667 0.75 0.6083334 0.7500001 0.3916667 0.75 0.3916667 0.7200001 0.6083334 0.7200001 0.3661764 0.72 0.3705883 0.7544118 0.1338235 0.7500001 0.3705883 0.7544118 0.3916666 0.7588235 0.3916667 0.9911764 0.8661764 0.72 0.8661765 0.7500001 0.6294118 0.7544118 0.6250001 0.9911766 0.6083333 0.9911764 0.6083333 0.7588235 0.3661764 0.53 0.3661764 0.72 0.1338235 0.72 0.6083334 0.02999997 0.6083334 0.22 0.3916667 0.22 0.6083333 0.7588235 0.6083333 0.9911764 0.3916667 0.9911764 0.8661764 0.53 0.8661764 0.72 0.6338235 0.72 0.6083334 0.2588235 0.6083333 0.4911764 0.3916667 0.4911764 0.6083334 0.53 0.6083334 0.7200001 0.3916667 0.7200001</float_array>
          <technique_common>
            <accessor source="#ericrolph_cannon_car_wash_carriage_Transom_mesh-mesh-map-0-array" count="324" stride="2">
              <param name="S" type="float"/>
              <param name="T" type="float"/>
            </accessor>
          </technique_common>
        </source>
        <vertices id="ericrolph_cannon_car_wash_carriage_Transom_mesh-mesh-vertices">
          <input semantic="POSITION" source="#ericrolph_cannon_car_wash_carriage_Transom_mesh-mesh-positions"/>
        </vertices>
        <triangles material="ericrolph_cannon_car_wash_carriage_oak-material" count="108">
          <input semantic="VERTEX" source="#ericrolph_cannon_car_wash_carriage_Transom_mesh-mesh-vertices" offset="0"/>
          <input semantic="NORMAL" source="#ericrolph_cannon_car_wash_carriage_Transom_mesh-mesh-normals" offset="1"/>
          <input semantic="TEXCOORD" source="#ericrolph_cannon_car_wash_carriage_Transom_mesh-mesh-map-0" offset="2" set="0"/>
          <p>0 0 0 4 0 1 6 0 2 1 1 3 4 1 4 3 1 5 2 2 6 4 2 7 5 2 8 7 3 9 11 3 10 13 3 11 8 4 12 11 4 13 10 4 14 9 5 15 11 5 16 12 5 17 14 6 18 18 6 19 20 6 20 15 7 21 18 7 22 17 7 23 16 8 24 18 8 25 19 8 26 21 9 27 25 9 28 27 9 29 22 10 30 25 10 31 24 10 32 23 11 33 25 11 34 26 11 35 28 12 36 32 12 37 34 12 38 29 13 39 32 13 40 31 13 41 30 14 42 32 14 43 33 14 44 35 15 45 39 15 46 41 15 47 36 16 48 39 16 49 38 16 50 37 17 51 39 17 52 40 17 53 42 18 54 46 18 55 48 18 56 43 19 57 46 19 58 45 19 59 44 20 60 46 20 61 47 20 62 49 21 63 53 21 64 55 21 65 50 22 66 53 22 67 52 22 68 51 23 69 53 23 70 54 23 71 0 24 72 17 24 73 14 24 74 6 25 75 15 25 76 17 25 77 7 26 78 5 26 79 1 26 80 13 27 81 2 27 82 5 27 83 21 28 84 12 28 85 8 28 86 27 29 87 9 29 88 12 29 89 16 30 90 26 30 91 22 30 92 19 31 93 23 31 94 26 31 95 14 32 96 45 32 97 42 32 98 20 33 99 43 33 100 45 33 101 49 34 102 24 34 103 21 34 104 55 35 105 22 35 106 24 35 107 44 36 108 54 36 109 50 36 110 47 37 111 51 37 112 54 37 113 42 38 114 31 38 115 28 38 116 48 39 117 29 39 118 31 39 119 35 40 120 52 40 121 49 40 122 41 41 123 50 41 124 52 41 125 30 42 126 40 42 127 36 42 128 33 43 129 37 43 130 40 43 131 28 44 132 3 44 133 0 44 134 34 45 135 1 45 136 3 45 137 8 46 138 38 46 139 35 46 140 10 47 141 36 47 142 38 47 143 42 48 144 0 48 145 14 48 146 9 49 147 15 49 148 2 49 149 36 50 150 1 50 151 30 50 152 21 51 153 35 51 154 49 51 155 22 52 156 43 52 157 16 52 158 50 53 159 29 53 160 44 53 161 0 54 162 3 54 163 4 54 164 1 55 165 5 55 166 4 55 167 2 56 168 6 56 169 4 56 170 7 57 171 10 57 172 11 57 173 8 58 174 12 58 175 11 58 176 9 59 177 13 59 178 11 59 179 14 60 180 17 60 181 18 60 182 15 61 183 19 61 184 18 61 185 16 62 186 20 62 187 18 62 188 21 63 189 24 63 190 25 63 191 22 64 192 26 64 193 25 64 194 23 65 195 27 65 196 25 65 197 28 66 198 31 66 199 32 66 200 29 67 201 33 67 202 32 67 203 30 68 204 34 68 205 32 68 206 35 69 207 38 69 208 39 69 209 36 70 210 40 70 211 39 70 212 37 71 213 41 71 214 39 71 215 42 72 216 45 72 217 46 72 218 43 73 219 47 73 220 46 73 221 44 74 222 48 74 223 46 74 224 49 75 225 52 75 226 53 75 227 50 76 228 54 76 229 53 76 230 51 77 231 55 77 232 53 77 233 0 78 234 6 78 235 17 78 236 6 79 237 2 79 238 15 79 239 7 80 240 13 80 241 5 80 242 13 81 243 9 81 244 2 81 245 21 82 246 27 82 247 12 82 248 27 83 249 23 83 250 9 83 251 16 84 252 19 84 253 26 84 254 19 85 255 15 85 256 23 85 257 14 86 258 20 86 259 45 86 260 20 87 261 16 87 262 43 87 263 49 88 264 55 88 265 24 88 266 55 89 267 51 89 268 22 89 269 44 90 270 47 90 271 54 90 272 47 91 273 43 91 274 51 91 275 42 92 276 48 92 277 31 92 278 48 93 279 44 93 280 29 93 281 35 94 282 41 94 283 52 94 284 41 95 285 37 95 286 50 95 287 30 96 288 33 96 289 40 96 290 33 97 291 29 97 292 37 97 293 28 98 294 34 98 295 3 98 296 34 99 297 30 99 298 1 99 299 8 100 300 10 100 301 38 100 302 10 101 303 7 101 304 36 101 305 42 102 306 28 102 307 0 102 308 9 103 309 23 103 310 15 103 311 36 104 312 7 104 313 1 104 314 21 105 315 8 105 316 35 105 317 22 106 318 51 106 319 43 106 320 50 107 321 37 107 322 29 107 323</p>
        </triangles>
      </mesh>
    </geometry>
    <geometry id="ericrolph_cannon_car_wash_carriage_TruckPin_Front_L_mesh-mesh" name="ericrolph_cannon_car_wash_carriage_TruckPin_Front_L_mesh">
      <mesh>
        <source id="ericrolph_cannon_car_wash_carriage_TruckPin_Front_L_mesh-mesh-positions">
          <float_array id="ericrolph_cannon_car_wash_carriage_TruckPin_Front_L_mesh-mesh-positions-array" count="48">0 0.01399999 -0.00999999 0 0.01399999 0.00999999 0.009899437 0.009899437 -0.00999999 0.009899437 0.009899437 0.00999999 0.01399999 0 -0.00999999 0.01399999 0 0.00999999 0.009899437 -0.009899437 -0.00999999 0.009899437 -0.009899437 0.00999999 0 -0.01399999 -0.00999999 0 -0.01399999 0.00999999 -0.009899437 -0.009899437 -0.00999999 -0.009899437 -0.009899437 0.00999999 -0.01399999 0 -0.00999999 -0.01399999 0 0.00999999 -0.009899437 0.009899437 -0.00999999 -0.009899437 0.009899437 0.00999999</float_array>
          <technique_common>
            <accessor source="#ericrolph_cannon_car_wash_carriage_TruckPin_Front_L_mesh-mesh-positions-array" count="16" stride="3">
              <param name="X" type="float"/>
              <param name="Y" type="float"/>
              <param name="Z" type="float"/>
            </accessor>
          </technique_common>
        </source>
        <source id="ericrolph_cannon_car_wash_carriage_TruckPin_Front_L_mesh-mesh-normals">
          <float_array id="ericrolph_cannon_car_wash_carriage_TruckPin_Front_L_mesh-mesh-normals-array" count="84">0.3826835 0.9238795 0 0.9238795 0.3826835 0 0.9238795 -0.3826835 0 0.3826835 -0.9238795 0 -0.3826835 -0.9238795 0 -0.9238795 -0.3826835 0 0 0 1 -0.9238795 0.3826835 0 -0.3826835 0.9238795 0 0 0 -1 0.3826835 0.9238795 0 0.9238795 0.3826835 0 0.9238795 -0.3826835 0 0.3826835 -0.9238795 0 -0.3826835 -0.9238795 0 -0.9238795 -0.3826835 0 0 0 1 0 0 1 0 0 1 0 0 1 0 0 1 -0.9238795 0.3826835 0 -0.3826835 0.9238795 0 0 0 -1 0 0 -1 0 0 -1 0 0 -1 0 0 -1</float_array>
          <technique_common>
            <accessor source="#ericrolph_cannon_car_wash_carriage_TruckPin_Front_L_mesh-mesh-normals-array" count="28" stride="3">
              <param name="X" type="float"/>
              <param name="Y" type="float"/>
              <param name="Z" type="float"/>
            </accessor>
          </technique_common>
        </source>
        <source id="ericrolph_cannon_car_wash_carriage_TruckPin_Front_L_mesh-mesh-map-0">
          <float_array id="ericrolph_cannon_car_wash_carriage_TruckPin_Front_L_mesh-mesh-map-0-array" count="168">1 1 0.875 0.5 1 0.5 0.875 1 0.75 0.5 0.875 0.5 0.75 1 0.625 0.5 0.75 0.5 0.625 1 0.5 0.5 0.625 0.5 0.5 1 0.375 0.5 0.5 0.5 0.375 1 0.25 0.5 0.375 0.5 0.4197056 0.08029437 0.49 0.25 0.00999999 0.25 0.25 1 0.125 0.5 0.25 0.5 0.125 1 0 0.5 0.125 0.5 0.51 0.25 0.5802944 0.4197056 0.9197056 0.08029437 1 1 0.875 1 0.875 0.5 0.875 1 0.75 1 0.75 0.5 0.75 1 0.625 1 0.625 0.5 0.625 1 0.5 1 0.5 0.5 0.5 1 0.375 1 0.375 0.5 0.375 1 0.25 1 0.25 0.5 0.49 0.25 0.4197056 0.4197056 0.25 0.49 0.25 0.49 0.08029437 0.4197056 0.49 0.25 0.08029437 0.4197056 0.00999999 0.25 0.49 0.25 0.00999999 0.25 0.08029437 0.08029437 0.25 0.00999999 0.25 0.00999999 0.4197056 0.08029437 0.00999999 0.25 0.25 1 0.125 1 0.125 0.5 0.125 1 0 1 0 0.5 0.5802944 0.4197056 0.75 0.49 0.9197056 0.4197056 0.9197056 0.4197056 0.99 0.25 0.5802944 0.4197056 0.99 0.25 0.9197056 0.08029437 0.5802944 0.4197056 0.9197056 0.08029437 0.75 0.00999999 0.5802944 0.08029437 0.5802944 0.08029437 0.51 0.25 0.9197056 0.08029437</float_array>
          <technique_common>
            <accessor source="#ericrolph_cannon_car_wash_carriage_TruckPin_Front_L_mesh-mesh-map-0-array" count="84" stride="2">
              <param name="S" type="float"/>
              <param name="T" type="float"/>
            </accessor>
          </technique_common>
        </source>
        <vertices id="ericrolph_cannon_car_wash_carriage_TruckPin_Front_L_mesh-mesh-vertices">
          <input semantic="POSITION" source="#ericrolph_cannon_car_wash_carriage_TruckPin_Front_L_mesh-mesh-positions"/>
        </vertices>
        <triangles material="ericrolph_cannon_car_wash_attract_iron-material" count="28">
          <input semantic="VERTEX" source="#ericrolph_cannon_car_wash_carriage_TruckPin_Front_L_mesh-mesh-vertices" offset="0"/>
          <input semantic="NORMAL" source="#ericrolph_cannon_car_wash_carriage_TruckPin_Front_L_mesh-mesh-normals" offset="1"/>
          <input semantic="TEXCOORD" source="#ericrolph_cannon_car_wash_carriage_TruckPin_Front_L_mesh-mesh-map-0" offset="2" set="0"/>
          <p>1 0 0 2 0 1 0 0 2 3 1 3 4 1 4 2 1 5 5 2 6 6 2 7 4 2 8 7 3 9 8 3 10 6 3 11 9 4 12 10 4 13 8 4 14 11 5 15 12 5 16 10 5 17 7 6 18 5 6 19 13 6 20 13 7 21 14 7 22 12 7 23 15 8 24 0 8 25 14 8 26 12 9 27 14 9 28 6 9 29 1 10 30 3 10 31 2 10 32 3 11 33 5 11 34 4 11 35 5 12 36 7 12 37 6 12 38 7 13 39 9 13 40 8 13 41 9 14 42 11 14 43 10 14 44 11 15 45 13 15 46 12 15 47 5 16 48 3 16 49 1 16 50 1 17 51 15 17 52 5 17 53 15 18 54 13 18 55 5 18 56 13 19 57 11 19 58 9 19 59 9 20 60 7 20 61 13 20 62 13 21 63 15 21 64 14 21 65 15 22 66 1 22 67 0 22 68 14 23 69 0 23 70 2 23 71 2 24 72 4 24 73 14 24 74 4 25 75 6 25 76 14 25 77 6 26 78 8 26 79 10 26 80 10 27 81 12 27 82 6 27 83</p>
        </triangles>
      </mesh>
    </geometry>
    <geometry id="ericrolph_cannon_car_wash_carriage_TruckPin_Front_R_mesh-mesh" name="ericrolph_cannon_car_wash_carriage_TruckPin_Front_R_mesh">
      <mesh>
        <source id="ericrolph_cannon_car_wash_carriage_TruckPin_Front_R_mesh-mesh-positions">
          <float_array id="ericrolph_cannon_car_wash_carriage_TruckPin_Front_R_mesh-mesh-positions-array" count="48">0 0.01399999 -0.00999999 0 0.01399999 0.00999999 0.009899437 0.009899437 -0.00999999 0.009899437 0.009899437 0.00999999 0.01399999 0 -0.00999999 0.01399999 0 0.00999999 0.009899437 -0.009899437 -0.00999999 0.009899437 -0.009899437 0.00999999 0 -0.01399999 -0.00999999 0 -0.01399999 0.00999999 -0.009899437 -0.009899437 -0.00999999 -0.009899437 -0.009899437 0.00999999 -0.01399999 0 -0.00999999 -0.01399999 0 0.00999999 -0.009899437 0.009899437 -0.00999999 -0.009899437 0.009899437 0.00999999</float_array>
          <technique_common>
            <accessor source="#ericrolph_cannon_car_wash_carriage_TruckPin_Front_R_mesh-mesh-positions-array" count="16" stride="3">
              <param name="X" type="float"/>
              <param name="Y" type="float"/>
              <param name="Z" type="float"/>
            </accessor>
          </technique_common>
        </source>
        <source id="ericrolph_cannon_car_wash_carriage_TruckPin_Front_R_mesh-mesh-normals">
          <float_array id="ericrolph_cannon_car_wash_carriage_TruckPin_Front_R_mesh-mesh-normals-array" count="84">0.3826835 0.9238795 0 0.9238795 0.3826835 0 0.9238795 -0.3826835 0 0.3826835 -0.9238795 0 -0.3826835 -0.9238795 0 -0.9238795 -0.3826835 0 0 0 1 -0.9238795 0.3826835 0 -0.3826835 0.9238795 0 0 0 -1 0.3826835 0.9238795 0 0.9238795 0.3826835 0 0.9238795 -0.3826835 0 0.3826835 -0.9238795 0 -0.3826835 -0.9238795 0 -0.9238795 -0.3826835 0 0 0 1 0 0 1 0 0 1 0 0 1 0 0 1 -0.9238795 0.3826835 0 -0.3826835 0.9238795 0 0 0 -1 0 0 -1 0 0 -1 0 0 -1 0 0 -1</float_array>
          <technique_common>
            <accessor source="#ericrolph_cannon_car_wash_carriage_TruckPin_Front_R_mesh-mesh-normals-array" count="28" stride="3">
              <param name="X" type="float"/>
              <param name="Y" type="float"/>
              <param name="Z" type="float"/>
            </accessor>
          </technique_common>
        </source>
        <source id="ericrolph_cannon_car_wash_carriage_TruckPin_Front_R_mesh-mesh-map-0">
          <float_array id="ericrolph_cannon_car_wash_carriage_TruckPin_Front_R_mesh-mesh-map-0-array" count="168">1 1 0.875 0.5 1 0.5 0.875 1 0.75 0.5 0.875 0.5 0.75 1 0.625 0.5 0.75 0.5 0.625 1 0.5 0.5 0.625 0.5 0.5 1 0.375 0.5 0.5 0.5 0.375 1 0.25 0.5 0.375 0.5 0.4197056 0.08029437 0.49 0.25 0.00999999 0.25 0.25 1 0.125 0.5 0.25 0.5 0.125 1 0 0.5 0.125 0.5 0.51 0.25 0.5802944 0.4197056 0.9197056 0.08029437 1 1 0.875 1 0.875 0.5 0.875 1 0.75 1 0.75 0.5 0.75 1 0.625 1 0.625 0.5 0.625 1 0.5 1 0.5 0.5 0.5 1 0.375 1 0.375 0.5 0.375 1 0.25 1 0.25 0.5 0.49 0.25 0.4197056 0.4197056 0.25 0.49 0.25 0.49 0.08029437 0.4197056 0.49 0.25 0.08029437 0.4197056 0.00999999 0.25 0.49 0.25 0.00999999 0.25 0.08029437 0.08029437 0.25 0.00999999 0.25 0.00999999 0.4197056 0.08029437 0.00999999 0.25 0.25 1 0.125 1 0.125 0.5 0.125 1 0 1 0 0.5 0.5802944 0.4197056 0.75 0.49 0.9197056 0.4197056 0.9197056 0.4197056 0.99 0.25 0.5802944 0.4197056 0.99 0.25 0.9197056 0.08029437 0.5802944 0.4197056 0.9197056 0.08029437 0.75 0.00999999 0.5802944 0.08029437 0.5802944 0.08029437 0.51 0.25 0.9197056 0.08029437</float_array>
          <technique_common>
            <accessor source="#ericrolph_cannon_car_wash_carriage_TruckPin_Front_R_mesh-mesh-map-0-array" count="84" stride="2">
              <param name="S" type="float"/>
              <param name="T" type="float"/>
            </accessor>
          </technique_common>
        </source>
        <vertices id="ericrolph_cannon_car_wash_carriage_TruckPin_Front_R_mesh-mesh-vertices">
          <input semantic="POSITION" source="#ericrolph_cannon_car_wash_carriage_TruckPin_Front_R_mesh-mesh-positions"/>
        </vertices>
        <triangles material="ericrolph_cannon_car_wash_attract_iron-material" count="28">
          <input semantic="VERTEX" source="#ericrolph_cannon_car_wash_carriage_TruckPin_Front_R_mesh-mesh-vertices" offset="0"/>
          <input semantic="NORMAL" source="#ericrolph_cannon_car_wash_carriage_TruckPin_Front_R_mesh-mesh-normals" offset="1"/>
          <input semantic="TEXCOORD" source="#ericrolph_cannon_car_wash_carriage_TruckPin_Front_R_mesh-mesh-map-0" offset="2" set="0"/>
          <p>1 0 0 2 0 1 0 0 2 3 1 3 4 1 4 2 1 5 5 2 6 6 2 7 4 2 8 7 3 9 8 3 10 6 3 11 9 4 12 10 4 13 8 4 14 11 5 15 12 5 16 10 5 17 7 6 18 5 6 19 13 6 20 13 7 21 14 7 22 12 7 23 15 8 24 0 8 25 14 8 26 12 9 27 14 9 28 6 9 29 1 10 30 3 10 31 2 10 32 3 11 33 5 11 34 4 11 35 5 12 36 7 12 37 6 12 38 7 13 39 9 13 40 8 13 41 9 14 42 11 14 43 10 14 44 11 15 45 13 15 46 12 15 47 5 16 48 3 16 49 1 16 50 1 17 51 15 17 52 5 17 53 15 18 54 13 18 55 5 18 56 13 19 57 11 19 58 9 19 59 9 20 60 7 20 61 13 20 62 13 21 63 15 21 64 14 21 65 15 22 66 1 22 67 0 22 68 14 23 69 0 23 70 2 23 71 2 24 72 4 24 73 14 24 74 4 25 75 6 25 76 14 25 77 6 26 78 8 26 79 10 26 80 10 27 81 12 27 82 6 27 83</p>
        </triangles>
      </mesh>
    </geometry>
    <geometry id="ericrolph_cannon_car_wash_carriage_TruckPin_Rear_L_mesh-mesh" name="ericrolph_cannon_car_wash_carriage_TruckPin_Rear_L_mesh">
      <mesh>
        <source id="ericrolph_cannon_car_wash_carriage_TruckPin_Rear_L_mesh-mesh-positions">
          <float_array id="ericrolph_cannon_car_wash_carriage_TruckPin_Rear_L_mesh-mesh-positions-array" count="48">0 0.01399999 -0.00999999 0 0.01399999 0.00999999 0.009899437 0.009899437 -0.00999999 0.009899437 0.009899437 0.00999999 0.01399999 0 -0.00999999 0.01399999 0 0.00999999 0.009899437 -0.009899437 -0.00999999 0.009899437 -0.009899437 0.00999999 0 -0.01399999 -0.00999999 0 -0.01399999 0.00999999 -0.009899437 -0.009899437 -0.00999999 -0.009899437 -0.009899437 0.00999999 -0.01399999 0 -0.00999999 -0.01399999 0 0.00999999 -0.009899437 0.009899437 -0.00999999 -0.009899437 0.009899437 0.00999999</float_array>
          <technique_common>
            <accessor source="#ericrolph_cannon_car_wash_carriage_TruckPin_Rear_L_mesh-mesh-positions-array" count="16" stride="3">
              <param name="X" type="float"/>
              <param name="Y" type="float"/>
              <param name="Z" type="float"/>
            </accessor>
          </technique_common>
        </source>
        <source id="ericrolph_cannon_car_wash_carriage_TruckPin_Rear_L_mesh-mesh-normals">
          <float_array id="ericrolph_cannon_car_wash_carriage_TruckPin_Rear_L_mesh-mesh-normals-array" count="84">0.3826835 0.9238795 0 0.9238795 0.3826835 0 0.9238795 -0.3826835 0 0.3826835 -0.9238795 0 -0.3826835 -0.9238795 0 -0.9238795 -0.3826835 0 0 0 1 -0.9238795 0.3826835 0 -0.3826835 0.9238795 0 0 0 -1 0.3826835 0.9238795 0 0.9238795 0.3826835 0 0.9238795 -0.3826835 0 0.3826835 -0.9238795 0 -0.3826835 -0.9238795 0 -0.9238795 -0.3826835 0 0 0 1 0 0 1 0 0 1 0 0 1 0 0 1 -0.9238795 0.3826835 0 -0.3826835 0.9238795 0 0 0 -1 0 0 -1 0 0 -1 0 0 -1 0 0 -1</float_array>
          <technique_common>
            <accessor source="#ericrolph_cannon_car_wash_carriage_TruckPin_Rear_L_mesh-mesh-normals-array" count="28" stride="3">
              <param name="X" type="float"/>
              <param name="Y" type="float"/>
              <param name="Z" type="float"/>
            </accessor>
          </technique_common>
        </source>
        <source id="ericrolph_cannon_car_wash_carriage_TruckPin_Rear_L_mesh-mesh-map-0">
          <float_array id="ericrolph_cannon_car_wash_carriage_TruckPin_Rear_L_mesh-mesh-map-0-array" count="168">1 1 0.875 0.5 1 0.5 0.875 1 0.75 0.5 0.875 0.5 0.75 1 0.625 0.5 0.75 0.5 0.625 1 0.5 0.5 0.625 0.5 0.5 1 0.375 0.5 0.5 0.5 0.375 1 0.25 0.5 0.375 0.5 0.4197056 0.08029437 0.49 0.25 0.00999999 0.25 0.25 1 0.125 0.5 0.25 0.5 0.125 1 0 0.5 0.125 0.5 0.51 0.25 0.5802944 0.4197056 0.9197056 0.08029437 1 1 0.875 1 0.875 0.5 0.875 1 0.75 1 0.75 0.5 0.75 1 0.625 1 0.625 0.5 0.625 1 0.5 1 0.5 0.5 0.5 1 0.375 1 0.375 0.5 0.375 1 0.25 1 0.25 0.5 0.49 0.25 0.4197056 0.4197056 0.25 0.49 0.25 0.49 0.08029437 0.4197056 0.49 0.25 0.08029437 0.4197056 0.00999999 0.25 0.49 0.25 0.00999999 0.25 0.08029437 0.08029437 0.25 0.00999999 0.25 0.00999999 0.4197056 0.08029437 0.00999999 0.25 0.25 1 0.125 1 0.125 0.5 0.125 1 0 1 0 0.5 0.5802944 0.4197056 0.75 0.49 0.9197056 0.4197056 0.9197056 0.4197056 0.99 0.25 0.5802944 0.4197056 0.99 0.25 0.9197056 0.08029437 0.5802944 0.4197056 0.9197056 0.08029437 0.75 0.00999999 0.5802944 0.08029437 0.5802944 0.08029437 0.51 0.25 0.9197056 0.08029437</float_array>
          <technique_common>
            <accessor source="#ericrolph_cannon_car_wash_carriage_TruckPin_Rear_L_mesh-mesh-map-0-array" count="84" stride="2">
              <param name="S" type="float"/>
              <param name="T" type="float"/>
            </accessor>
          </technique_common>
        </source>
        <vertices id="ericrolph_cannon_car_wash_carriage_TruckPin_Rear_L_mesh-mesh-vertices">
          <input semantic="POSITION" source="#ericrolph_cannon_car_wash_carriage_TruckPin_Rear_L_mesh-mesh-positions"/>
        </vertices>
        <triangles material="ericrolph_cannon_car_wash_attract_iron-material" count="28">
          <input semantic="VERTEX" source="#ericrolph_cannon_car_wash_carriage_TruckPin_Rear_L_mesh-mesh-vertices" offset="0"/>
          <input semantic="NORMAL" source="#ericrolph_cannon_car_wash_carriage_TruckPin_Rear_L_mesh-mesh-normals" offset="1"/>
          <input semantic="TEXCOORD" source="#ericrolph_cannon_car_wash_carriage_TruckPin_Rear_L_mesh-mesh-map-0" offset="2" set="0"/>
          <p>1 0 0 2 0 1 0 0 2 3 1 3 4 1 4 2 1 5 5 2 6 6 2 7 4 2 8 7 3 9 8 3 10 6 3 11 9 4 12 10 4 13 8 4 14 11 5 15 12 5 16 10 5 17 7 6 18 5 6 19 13 6 20 13 7 21 14 7 22 12 7 23 15 8 24 0 8 25 14 8 26 12 9 27 14 9 28 6 9 29 1 10 30 3 10 31 2 10 32 3 11 33 5 11 34 4 11 35 5 12 36 7 12 37 6 12 38 7 13 39 9 13 40 8 13 41 9 14 42 11 14 43 10 14 44 11 15 45 13 15 46 12 15 47 5 16 48 3 16 49 1 16 50 1 17 51 15 17 52 5 17 53 15 18 54 13 18 55 5 18 56 13 19 57 11 19 58 9 19 59 9 20 60 7 20 61 13 20 62 13 21 63 15 21 64 14 21 65 15 22 66 1 22 67 0 22 68 14 23 69 0 23 70 2 23 71 2 24 72 4 24 73 14 24 74 4 25 75 6 25 76 14 25 77 6 26 78 8 26 79 10 26 80 10 27 81 12 27 82 6 27 83</p>
        </triangles>
      </mesh>
    </geometry>
    <geometry id="ericrolph_cannon_car_wash_carriage_TruckPin_Rear_R_mesh-mesh" name="ericrolph_cannon_car_wash_carriage_TruckPin_Rear_R_mesh">
      <mesh>
        <source id="ericrolph_cannon_car_wash_carriage_TruckPin_Rear_R_mesh-mesh-positions">
          <float_array id="ericrolph_cannon_car_wash_carriage_TruckPin_Rear_R_mesh-mesh-positions-array" count="48">0 0.01399999 -0.00999999 0 0.01399999 0.00999999 0.009899437 0.009899437 -0.00999999 0.009899437 0.009899437 0.00999999 0.01399999 0 -0.00999999 0.01399999 0 0.00999999 0.009899437 -0.009899437 -0.00999999 0.009899437 -0.009899437 0.00999999 0 -0.01399999 -0.00999999 0 -0.01399999 0.00999999 -0.009899437 -0.009899437 -0.00999999 -0.009899437 -0.009899437 0.00999999 -0.01399999 0 -0.00999999 -0.01399999 0 0.00999999 -0.009899437 0.009899437 -0.00999999 -0.009899437 0.009899437 0.00999999</float_array>
          <technique_common>
            <accessor source="#ericrolph_cannon_car_wash_carriage_TruckPin_Rear_R_mesh-mesh-positions-array" count="16" stride="3">
              <param name="X" type="float"/>
              <param name="Y" type="float"/>
              <param name="Z" type="float"/>
            </accessor>
          </technique_common>
        </source>
        <source id="ericrolph_cannon_car_wash_carriage_TruckPin_Rear_R_mesh-mesh-normals">
          <float_array id="ericrolph_cannon_car_wash_carriage_TruckPin_Rear_R_mesh-mesh-normals-array" count="84">0.3826835 0.9238795 0 0.9238795 0.3826835 0 0.9238795 -0.3826835 0 0.3826835 -0.9238795 0 -0.3826835 -0.9238795 0 -0.9238795 -0.3826835 0 0 0 1 -0.9238795 0.3826835 0 -0.3826835 0.9238795 0 0 0 -1 0.3826835 0.9238795 0 0.9238795 0.3826835 0 0.9238795 -0.3826835 0 0.3826835 -0.9238795 0 -0.3826835 -0.9238795 0 -0.9238795 -0.3826835 0 0 0 1 0 0 1 0 0 1 0 0 1 0 0 1 -0.9238795 0.3826835 0 -0.3826835 0.9238795 0 0 0 -1 0 0 -1 0 0 -1 0 0 -1 0 0 -1</float_array>
          <technique_common>
            <accessor source="#ericrolph_cannon_car_wash_carriage_TruckPin_Rear_R_mesh-mesh-normals-array" count="28" stride="3">
              <param name="X" type="float"/>
              <param name="Y" type="float"/>
              <param name="Z" type="float"/>
            </accessor>
          </technique_common>
        </source>
        <source id="ericrolph_cannon_car_wash_carriage_TruckPin_Rear_R_mesh-mesh-map-0">
          <float_array id="ericrolph_cannon_car_wash_carriage_TruckPin_Rear_R_mesh-mesh-map-0-array" count="168">1 1 0.875 0.5 1 0.5 0.875 1 0.75 0.5 0.875 0.5 0.75 1 0.625 0.5 0.75 0.5 0.625 1 0.5 0.5 0.625 0.5 0.5 1 0.375 0.5 0.5 0.5 0.375 1 0.25 0.5 0.375 0.5 0.4197056 0.08029437 0.49 0.25 0.00999999 0.25 0.25 1 0.125 0.5 0.25 0.5 0.125 1 0 0.5 0.125 0.5 0.51 0.25 0.5802944 0.4197056 0.9197056 0.08029437 1 1 0.875 1 0.875 0.5 0.875 1 0.75 1 0.75 0.5 0.75 1 0.625 1 0.625 0.5 0.625 1 0.5 1 0.5 0.5 0.5 1 0.375 1 0.375 0.5 0.375 1 0.25 1 0.25 0.5 0.49 0.25 0.4197056 0.4197056 0.25 0.49 0.25 0.49 0.08029437 0.4197056 0.49 0.25 0.08029437 0.4197056 0.00999999 0.25 0.49 0.25 0.00999999 0.25 0.08029437 0.08029437 0.25 0.00999999 0.25 0.00999999 0.4197056 0.08029437 0.00999999 0.25 0.25 1 0.125 1 0.125 0.5 0.125 1 0 1 0 0.5 0.5802944 0.4197056 0.75 0.49 0.9197056 0.4197056 0.9197056 0.4197056 0.99 0.25 0.5802944 0.4197056 0.99 0.25 0.9197056 0.08029437 0.5802944 0.4197056 0.9197056 0.08029437 0.75 0.00999999 0.5802944 0.08029437 0.5802944 0.08029437 0.51 0.25 0.9197056 0.08029437</float_array>
          <technique_common>
            <accessor source="#ericrolph_cannon_car_wash_carriage_TruckPin_Rear_R_mesh-mesh-map-0-array" count="84" stride="2">
              <param name="S" type="float"/>
              <param name="T" type="float"/>
            </accessor>
          </technique_common>
        </source>
        <vertices id="ericrolph_cannon_car_wash_carriage_TruckPin_Rear_R_mesh-mesh-vertices">
          <input semantic="POSITION" source="#ericrolph_cannon_car_wash_carriage_TruckPin_Rear_R_mesh-mesh-positions"/>
        </vertices>
        <triangles material="ericrolph_cannon_car_wash_attract_iron-material" count="28">
          <input semantic="VERTEX" source="#ericrolph_cannon_car_wash_carriage_TruckPin_Rear_R_mesh-mesh-vertices" offset="0"/>
          <input semantic="NORMAL" source="#ericrolph_cannon_car_wash_carriage_TruckPin_Rear_R_mesh-mesh-normals" offset="1"/>
          <input semantic="TEXCOORD" source="#ericrolph_cannon_car_wash_carriage_TruckPin_Rear_R_mesh-mesh-map-0" offset="2" set="0"/>
          <p>1 0 0 2 0 1 0 0 2 3 1 3 4 1 4 2 1 5 5 2 6 6 2 7 4 2 8 7 3 9 8 3 10 6 3 11 9 4 12 10 4 13 8 4 14 11 5 15 12 5 16 10 5 17 7 6 18 5 6 19 13 6 20 13 7 21 14 7 22 12 7 23 15 8 24 0 8 25 14 8 26 12 9 27 14 9 28 6 9 29 1 10 30 3 10 31 2 10 32 3 11 33 5 11 34 4 11 35 5 12 36 7 12 37 6 12 38 7 13 39 9 13 40 8 13 41 9 14 42 11 14 43 10 14 44 11 15 45 13 15 46 12 15 47 5 16 48 3 16 49 1 16 50 1 17 51 15 17 52 5 17 53 15 18 54 13 18 55 5 18 56 13 19 57 11 19 58 9 19 59 9 20 60 7 20 61 13 20 62 13 21 63 15 21 64 14 21 65 15 22 66 1 22 67 0 22 68 14 23 69 0 23 70 2 23 71 2 24 72 4 24 73 14 24 74 4 25 75 6 25 76 14 25 77 6 26 78 8 26 79 10 26 80 10 27 81 12 27 82 6 27 83</p>
        </triangles>
      </mesh>
    </geometry>
    <geometry id="ericrolph_cannon_car_wash_carriage_Truck_Front_L_mesh-mesh" name="ericrolph_cannon_car_wash_carriage_Truck_Front_L_mesh">
      <mesh>
        <source id="ericrolph_cannon_car_wash_carriage_Truck_Front_L_mesh-mesh-positions">
          <float_array id="ericrolph_cannon_car_wash_carriage_Truck_Front_L_mesh-mesh-positions-array" count="288">0 0.0609216 -0.02499997 0 0.06499999 -0.02099996 0 0.06380546 -0.02382838 0 0.0609216 0.02499997 0 0.06499999 0.02099996 0 0.06380546 0.02382838 0.0233137 0.05628424 -0.02499997 0.02487438 0.06005215 -0.02099996 0.02441728 0.05894851 -0.02382838 0.0233137 0.05628424 0.02499997 0.02487438 0.06005215 0.02099996 0.02441728 0.05894851 0.02382838 0.04307806 0.04307806 -0.02499997 0.04596191 0.04596191 -0.02099996 0.04511725 0.04511725 -0.02382838 0.04307806 0.04307806 0.02499997 0.04596191 0.04596191 0.02099996 0.04511725 0.04511725 0.02382838 0.05628424 0.0233137 -0.02499997 0.06005215 0.02487438 -0.02099996 0.05894851 0.02441728 -0.02382838 0.05628424 0.0233137 0.02499997 0.06005215 0.02487438 0.02099996 0.05894851 0.02441728 0.02382838 0.0609216 0 -0.02499997 0.06499999 0 -0.02099996 0.06380546 0 -0.02382838 0.0609216 0 0.02499997 0.06499999 0 0.02099996 0.06380546 0 0.02382838 0.05628424 -0.0233137 -0.02499997 0.06005215 -0.02487438 -0.02099996 0.05894851 -0.02441728 -0.02382838 0.05628424 -0.0233137 0.02499997 0.06005215 -0.02487438 0.02099996 0.05894851 -0.02441728 0.02382838 0.04307806 -0.04307806 -0.02499997 0.04596191 -0.04596191 -0.02099996 0.04511725 -0.04511725 -0.02382838 0.04307806 -0.04307806 0.02499997 0.04596191 -0.04596191 0.02099996 0.04511725 -0.04511725 0.02382838 0.0233137 -0.05628424 -0.02499997 0.02487438 -0.06005215 -0.02099996 0.02441728 -0.05894851 -0.02382838 0.0233137 -0.05628424 0.02499997 0.02487438 -0.06005215 0.02099996 0.02441728 -0.05894851 0.02382838 0 -0.0609216 -0.02499997 0 -0.06499999 -0.02099996 0 -0.06380546 -0.02382838 0 -0.0609216 0.02499997 0 -0.06499999 0.02099996 0 -0.06380546 0.02382838 -0.0233137 -0.05628424 -0.02499997 -0.02487438 -0.06005215 -0.02099996 -0.02441728 -0.05894851 -0.02382838 -0.0233137 -0.05628424 0.02499997 -0.02487438 -0.06005215 0.02099996 -0.02441728 -0.05894851 0.02382838 -0.04307806 -0.04307806 -0.02499997 -0.04596191 -0.04596191 -0.02099996 -0.04511725 -0.04511725 -0.02382838 -0.04307806 -0.04307806 0.02499997 -0.04596191 -0.04596191 0.02099996 -0.04511725 -0.04511725 0.02382838 -0.05628424 -0.0233137 -0.02499997 -0.06005215 -0.02487438 -0.02099996 -0.05894851 -0.02441728 -0.02382838 -0.05628424 -0.0233137 0.02499997 -0.06005215 -0.02487438 0.02099996 -0.05894851 -0.02441728 0.02382838 -0.0609216 0 -0.02499997 -0.06499999 0 -0.02099996 -0.06380546 0 -0.02382838 -0.0609216 0 0.02499997 -0.06499999 0 0.02099996 -0.06380546 0 0.02382838 -0.05628424 0.0233137 -0.02499997 -0.06005215 0.02487438 -0.02099996 -0.05894851 0.02441728 -0.02382838 -0.05628424 0.0233137 0.02499997 -0.06005215 0.02487438 0.02099996 -0.05894851 0.02441728 0.02382838 -0.04307806 0.04307806 -0.02499997 -0.04596191 0.04596191 -0.02099996 -0.04511725 0.04511725 -0.02382838 -0.04307806 0.04307806 0.02499997 -0.04596191 0.04596191 0.02099996 -0.04511725 0.04511725 0.02382838 -0.0233137 0.05628424 -0.02499997 -0.02487438 0.06005215 -0.02099996 -0.02441728 0.05894851 -0.02382838 -0.0233137 0.05628424 0.02499997 -0.02487438 0.06005215 0.02099996 -0.02441728 0.05894851 0.02382838</float_array>
          <technique_common>
            <accessor source="#ericrolph_cannon_car_wash_carriage_Truck_Front_L_mesh-mesh-positions-array" count="96" stride="3">
              <param name="X" type="float"/>
              <param name="Y" type="float"/>
              <param name="Z" type="float"/>
            </accessor>
          </technique_common>
        </source>
        <source id="ericrolph_cannon_car_wash_carriage_Truck_Front_L_mesh-mesh-normals">
          <float_array id="ericrolph_cannon_car_wash_carriage_Truck_Front_L_mesh-mesh-normals-array" count="564">0.1802406 0.9061287 -0.3826802 0.07465767 0.3753287 -0.9238802 0.1802401 0.9061278 0.3826825 0.07465791 0.3753299 0.9238796 0.5132801 0.7681781 -0.3826826 0.2126073 0.3181893 -0.9238797 0.5132803 0.7681783 0.382682 0.212607 0.318189 0.9238799 0.7681783 0.5132803 -0.382682 0.318189 0.212607 -0.9238799 0.7681781 0.5132801 0.3826826 0.3181893 0.2126073 0.9238797 0.9061278 0.1802401 -0.3826825 0.3753299 0.07465791 -0.9238796 0.9061287 0.1802406 0.3826802 0.3753287 0.07465767 0.9238802 0.9061287 -0.1802406 -0.3826802 0.3753287 -0.07465767 -0.9238802 0.9061278 -0.1802401 0.3826825 0.3753299 -0.07465791 0.9238796 0.7681781 -0.5132801 -0.3826826 0.3181893 -0.2126073 -0.9238797 0.7681783 -0.5132803 0.382682 0.318189 -0.212607 0.9238799 0.5132803 -0.7681783 -0.382682 0.212607 -0.318189 -0.9238799 0.5132801 -0.7681781 0.3826826 0.2126073 -0.3181893 0.9238797 0.1802401 -0.9061278 -0.3826825 0.07465791 -0.3753299 -0.9238796 0.1802406 -0.9061287 0.3826802 0.07465767 -0.3753287 0.9238802 -0.1802406 -0.9061287 -0.3826802 -0.07465767 -0.3753287 -0.9238802 -0.1802401 -0.9061278 0.3826825 -0.07465791 -0.3753299 0.9238796 -0.5132801 -0.7681781 -0.3826826 -0.2126073 -0.3181893 -0.9238797 -0.5132803 -0.7681783 0.382682 -0.212607 -0.318189 0.9238799 -0.7681783 -0.5132803 -0.382682 -0.318189 -0.212607 -0.9238799 -0.7681781 -0.5132801 0.3826826 -0.3181893 -0.2126073 0.9238797 -0.9061278 -0.1802401 -0.3826825 -0.3753299 -0.07465791 -0.9238796 -0.9061287 -0.1802406 0.3826802 -0.3753287 -0.07465767 0.9238802 -0.9061287 0.1802406 -0.3826802 -0.3753287 0.07465767 -0.9238802 -0.9061278 0.1802401 0.3826825 -0.3753299 0.07465791 0.9238796 -0.7681781 0.5132801 -0.3826826 -0.3181893 0.2126073 -0.9238797 -0.7681783 0.5132803 0.382682 -0.318189 0.212607 0.9238799 -0.5132803 0.7681783 -0.382682 -0.212607 0.318189 -0.9238799 -0.5132801 0.7681781 0.3826826 -0.2126073 0.3181893 0.9238797 -0.1802401 0.9061278 -0.3826825 -0.07465791 0.3753299 -0.9238796 -0.1802406 0.9061287 0.3826802 -0.07465767 0.3753287 0.9238802 0 0 -1 0.1950904 0.9807853 0 -0.1950904 0.9807853 0 0 0 1 0.5555702 0.8314696 0 0.8314696 0.5555702 0 0.9807853 0.1950904 0 0.9807853 -0.1950904 0 0.8314696 -0.5555702 0 0.5555702 -0.8314696 0 0.1950904 -0.9807853 0 -0.1950904 -0.9807853 0 -0.5555702 -0.8314696 0 -0.8314696 -0.5555702 0 -0.9807853 -0.1950904 0 -0.9807853 0.1950904 0 -0.8314696 0.5555702 0 -0.5555702 0.8314696 0 0.1802401 0.9061278 -0.3826825 0.07465773 0.37533 -0.9238797 0.1802406 0.9061287 0.3826802 0.07465749 0.3753287 0.9238802 0.5132802 0.7681783 -0.382682 0.212607 0.3181889 -0.9238799 0.51328 0.7681782 0.3826826 0.2126073 0.3181893 0.9238797 0.7681782 0.51328 -0.3826826 0.3181893 0.2126073 -0.9238797 0.7681783 0.5132802 0.382682 0.3181889 0.212607 0.9238799 0.9061287 0.1802406 -0.3826802 0.3753287 0.07465749 -0.9238802 0.9061278 0.1802401 0.3826825 0.37533 0.07465773 0.9238797 0.9061278 -0.1802401 -0.3826825 0.37533 -0.07465773 -0.9238797 0.9061287 -0.1802406 0.3826802 0.3753287 -0.07465749 0.9238802 0.7681783 -0.5132802 -0.382682 0.3181889 -0.212607 -0.9238799 0.7681782 -0.51328 0.3826826 0.3181893 -0.2126073 0.9238797 0.51328 -0.7681782 -0.3826826 0.2126073 -0.3181893 -0.9238797 0.5132802 -0.7681783 0.382682 0.212607 -0.3181889 0.9238799 0.1802406 -0.9061287 -0.3826802 0.07465749 -0.3753287 -0.9238802 0.1802401 -0.9061278 0.3826825 0.07465773 -0.37533 0.9238797 -0.1802401 -0.9061278 -0.3826825 -0.07465773 -0.37533 -0.9238797 -0.1802406 -0.9061287 0.3826802 -0.07465749 -0.3753287 0.9238802 -0.5132802 -0.7681783 -0.382682 -0.212607 -0.3181889 -0.9238799 -0.51328 -0.7681782 0.3826826 -0.2126073 -0.3181893 0.9238797 -0.7681782 -0.51328 -0.3826826 -0.3181893 -0.2126073 -0.9238797 -0.7681783 -0.5132802 0.382682 -0.3181889 -0.212607 0.9238799 -0.9061287 -0.1802406 -0.3826802 -0.3753287 -0.07465749 -0.9238802 -0.9061278 -0.1802401 0.3826825 -0.37533 -0.07465773 0.9238797 -0.9061278 0.1802401 -0.3826825 -0.37533 0.07465773 -0.9238797 -0.9061287 0.1802406 0.3826802 -0.3753287 0.07465749 0.9238802 -0.7681783 0.5132802 -0.382682 -0.3181889 0.212607 -0.9238799 -0.7681782 0.51328 0.3826826 -0.3181893 0.2126073 0.9238797 -0.51328 0.7681782 -0.3826826 -0.2126073 0.3181893 -0.9238797 -0.5132802 0.7681783 0.382682 -0.212607 0.3181889 0.9238799 -0.1802406 0.9061287 -0.3826802 -0.07465749 0.3753287 -0.9238802 -0.1802401 0.9061278 0.3826825 -0.07465773 0.37533 0.9238797 0 0 -1 0 0 -1 0 0 -1 0 0 -1 0 0 -1 0 0 -1 0 0 -1 0 0 -1 0 0 -1 0 0 -1 0 0 -1 0 0 -1 0 0 -1 0.1950904 0.9807853 0 -0.1950904 0.9807853 0 0 0 1 0 0 1 0 0 1 0 0 1 0 0 1 0 0 1 0 0 1 0 0 1 0 0 1 0 0 1 0 0 1 0 0 1 0 0 1 0.5555702 0.8314696 0 0.8314696 0.5555702 0 0.9807853 0.1950904 0 0.9807853 -0.1950904 0 0.8314696 -0.5555702 0 0.5555702 -0.8314696 0 0.1950904 -0.9807853 0 -0.1950904 -0.9807853 0 -0.5555702 -0.8314696 0 -0.8314696 -0.5555702 0 -0.9807853 -0.1950904 0 -0.9807853 0.1950904 0 -0.8314696 0.5555702 0 -0.5555702 0.8314696 0</float_array>
          <technique_common>
            <accessor source="#ericrolph_cannon_car_wash_carriage_Truck_Front_L_mesh-mesh-normals-array" count="188" stride="3">
              <param name="X" type="float"/>
              <param name="Y" type="float"/>
              <param name="Z" type="float"/>
            </accessor>
          </technique_common>
        </source>
        <source id="ericrolph_cannon_car_wash_carriage_Truck_Front_L_mesh-mesh-map-0">
          <float_array id="ericrolph_cannon_car_wash_carriage_Truck_Front_L_mesh-mesh-map-0-array" count="1128">1 0.54 0.9375001 0.5 0.9994257 0.5 0.8417798 0.471576 0.7499998 0.4749413 0.7500001 0.4898321 1 0.96 0.9375 1 0.9375 0.96 0.25 0.4898321 0.3360813 0.4578188 0.3417798 0.471576 0.8750001 0.5400001 0.9375001 0.5 0.9375001 0.54 0.8417798 0.471576 0.9090576 0.4090575 0.8360817 0.4578188 0.9375 0.96 0.875 1 0.8750001 0.96 0.3417798 0.471576 0.4090576 0.4090576 0.4195869 0.4195869 0.8125 0.54 0.8750001 0.5 0.8750001 0.5400001 0.971576 0.3417798 0.9090576 0.4090575 0.919587 0.419587 0.8750001 0.96 0.8125 1 0.8125 0.9599998 0.471576 0.3417798 0.4090576 0.4090576 0.4578188 0.3360813 0.75 0.54 0.8125 0.5 0.8125 0.54 0.9898321 0.25 0.9578188 0.3360813 0.971576 0.3417798 0.75 0.9599999 0.8125 1 0.75 1 0.471576 0.3417798 0.4749414 0.25 0.4898321 0.25 0.75 0.54 0.6875 0.5 0.7500001 0.5 0.971576 0.1582202 0.9749413 0.25 0.9898321 0.25 0.75 0.9599999 0.6875 1 0.6875 0.9599999 0.4898321 0.25 0.4578188 0.1639186 0.471576 0.1582202 0.625 0.5400001 0.6875 0.5 0.6875 0.54 0.971576 0.1582202 0.9090576 0.09094238 0.9578188 0.1639187 0.6875 0.9599999 0.625 1 0.625 0.96 0.471576 0.1582202 0.4090576 0.09094244 0.419587 0.08041304 0.5625 0.54 0.625 0.5 0.625 0.5400001 0.8417798 0.02842402 0.9090576 0.09094238 0.9195869 0.08041304 0.625 0.96 0.5625 1 0.5625 0.9599999 0.3417798 0.02842402 0.4090576 0.09094244 0.3360813 0.04218119 0.5 0.5400001 0.5625 0.5 0.5625 0.54 0.75 0.01016783 0.8360815 0.04218119 0.8417798 0.02842402 0.5 0.96 0.5625 1 0.5 1 0.3417798 0.02842402 0.25 0.02505856 0.25 0.01016783 0.5 0.5400001 0.4375 0.5 0.5 0.5 0.6582202 0.02842402 0.75 0.02505856 0.75 0.01016783 0.5 0.96 0.4375 1 0.4375 0.9599999 0.25 0.01016783 0.1639186 0.04218119 0.1582202 0.02842402 0.375 0.5400001 0.4375 0.5 0.4375 0.54 0.6582202 0.02842402 0.5909424 0.09094238 0.6639187 0.04218119 0.4375 0.9599999 0.375 1 0.375 0.96 0.1582202 0.02842402 0.09094244 0.09094244 0.08041304 0.08041304 0.3125 0.54 0.3750001 0.5 0.375 0.5400001 0.528424 0.1582202 0.5909424 0.09094238 0.5804131 0.08041304 0.375 0.96 0.3125 1 0.3125 0.96 0.02842402 0.1582202 0.09094244 0.09094244 0.04218119 0.1639186 0.25 0.54 0.3125 0.5 0.3125 0.54 0.5101678 0.25 0.5421812 0.1639186 0.528424 0.1582202 0.25 0.9599999 0.3125 1 0.25 1 0.02842402 0.1582202 0.02505856 0.25 0.01016783 0.25 0.25 0.54 0.1875 0.5 0.25 0.5 0.5284241 0.3417798 0.5250586 0.25 0.5101678 0.25 0.25 0.9599999 0.1875 1 0.1875 0.9599998 0.01016783 0.25 0.04218119 0.3360813 0.02842396 0.3417798 0.125 0.5400001 0.1875 0.5 0.1875 0.54 0.5284241 0.3417798 0.5909424 0.4090576 0.5421813 0.3360814 0.1875 0.9599998 0.125 1 0.125 0.96 0.02842396 0.3417798 0.09094238 0.4090575 0.08041304 0.419587 0.0625 0.5400001 0.125 0.5 0.125 0.5400001 0.6582202 0.471576 0.5909424 0.4090576 0.5804131 0.4195869 0.125 0.96 0.0625 1 0.0625 0.9599999 0.1582202 0.471576 0.09094238 0.4090575 0.1639187 0.4578188 0 0.5400001 0.06249994 0.5 0.0625 0.5400001 0.7500001 0.4898321 0.6639186 0.4578188 0.6582202 0.471576 0 0.96 0.0625 1 5.74283e-4 1 0.1582202 0.471576 0.25 0.4749413 0.25 0.4898321 0.8360815 0.04218119 0.5421812 0.1639186 0.6639186 0.4578188 1 0.96 0.9375001 0.54 1 0.54 0.0625 0.9599999 0 0.5400001 0.0625 0.5400001 0.4749414 0.25 0.4090576 0.4090576 0.09094244 0.09094244 0.9375 0.96 0.8750001 0.5400001 0.9375001 0.54 0.8750001 0.96 0.8125 0.54 0.8750001 0.5400001 0.8125 0.9599998 0.75 0.54 0.8125 0.54 0.75 0.9599999 0.6875 0.54 0.75 0.54 0.6875 0.9599999 0.625 0.5400001 0.6875 0.54 0.625 0.96 0.5625 0.54 0.625 0.5400001 0.5625 0.9599999 0.5 0.5400001 0.5625 0.54 0.5 0.96 0.4375 0.54 0.5 0.5400001 0.4375 0.9599999 0.375 0.5400001 0.4375 0.54 0.375 0.96 0.3125 0.54 0.375 0.5400001 0.3125 0.96 0.25 0.54 0.3125 0.54 0.25 0.9599999 0.1875 0.54 0.25 0.54 0.1875 0.9599998 0.125 0.5400001 0.1875 0.54 0.125 0.96 0.0625 0.5400001 0.125 0.5400001 1 0.54 0.9375001 0.54 0.9375001 0.5 0.8417798 0.471576 0.8360817 0.4578188 0.7499998 0.4749413 1 0.96 0.9994257 1 0.9375 1 0.25 0.4898321 0.25 0.4749413 0.3360813 0.4578188 0.8750001 0.5400001 0.8750001 0.5 0.9375001 0.5 0.8417798 0.471576 0.919587 0.419587 0.9090576 0.4090575 0.9375 0.96 0.9375 1 0.875 1 0.3417798 0.471576 0.3360813 0.4578188 0.4090576 0.4090576 0.8125 0.54 0.8125 0.5 0.8750001 0.5 0.971576 0.3417798 0.9578188 0.3360813 0.9090576 0.4090575 0.8750001 0.96 0.875 1 0.8125 1 0.471576 0.3417798 0.4195869 0.4195869 0.4090576 0.4090576 0.75 0.54 0.7500001 0.5 0.8125 0.5 0.9898321 0.25 0.9749413 0.25 0.9578188 0.3360813 0.75 0.9599999 0.8125 0.9599998 0.8125 1 0.471576 0.3417798 0.4578188 0.3360813 0.4749414 0.25 0.75 0.54 0.6875 0.54 0.6875 0.5 0.971576 0.1582202 0.9578188 0.1639187 0.9749413 0.25 0.75 0.9599999 0.75 1 0.6875 1 0.4898321 0.25 0.4749414 0.25 0.4578188 0.1639186 0.625 0.5400001 0.625 0.5 0.6875 0.5 0.971576 0.1582202 0.9195869 0.08041304 0.9090576 0.09094238 0.6875 0.9599999 0.6875 1 0.625 1 0.471576 0.1582202 0.4578188 0.1639186 0.4090576 0.09094244 0.5625 0.54 0.5625 0.5 0.625 0.5 0.8417798 0.02842402 0.8360815 0.04218119 0.9090576 0.09094238 0.625 0.96 0.625 1 0.5625 1 0.3417798 0.02842402 0.419587 0.08041304 0.4090576 0.09094244 0.5 0.5400001 0.5 0.5 0.5625 0.5 0.75 0.01016783 0.75 0.02505856 0.8360815 0.04218119 0.5 0.96 0.5625 0.9599999 0.5625 1 0.3417798 0.02842402 0.3360813 0.04218119 0.25 0.02505856 0.5 0.5400001 0.4375 0.54 0.4375 0.5 0.6582202 0.02842402 0.6639187 0.04218119 0.75 0.02505856 0.5 0.96 0.5 1 0.4375 1 0.25 0.01016783 0.25 0.02505856 0.1639186 0.04218119 0.375 0.5400001 0.3750001 0.5 0.4375 0.5 0.6582202 0.02842402 0.5804131 0.08041304 0.5909424 0.09094238 0.4375 0.9599999 0.4375 1 0.375 1 0.1582202 0.02842402 0.1639186 0.04218119 0.09094244 0.09094244 0.3125 0.54 0.3125 0.5 0.3750001 0.5 0.528424 0.1582202 0.5421812 0.1639186 0.5909424 0.09094238 0.375 0.96 0.375 1 0.3125 1 0.02842402 0.1582202 0.08041304 0.08041304 0.09094244 0.09094244 0.25 0.54 0.25 0.5 0.3125 0.5 0.5101678 0.25 0.5250586 0.25 0.5421812 0.1639186 0.25 0.9599999 0.3125 0.96 0.3125 1 0.02842402 0.1582202 0.04218119 0.1639186 0.02505856 0.25 0.25 0.54 0.1875 0.54 0.1875 0.5 0.5284241 0.3417798 0.5421813 0.3360814 0.5250586 0.25 0.25 0.9599999 0.25 1 0.1875 1 0.01016783 0.25 0.02505856 0.25 0.04218119 0.3360813 0.125 0.5400001 0.125 0.5 0.1875 0.5 0.5284241 0.3417798 0.5804131 0.4195869 0.5909424 0.4090576 0.1875 0.9599998 0.1875 1 0.125 1 0.02842396 0.3417798 0.04218119 0.3360813 0.09094238 0.4090575 0.0625 0.5400001 0.06249994 0.5 0.125 0.5 0.6582202 0.471576 0.6639186 0.4578188 0.5909424 0.4090576 0.125 0.96 0.125 1 0.0625 1 0.1582202 0.471576 0.08041304 0.419587 0.09094238 0.4090575 0 0.5400001 5.74281e-4 0.5 0.06249994 0.5 0.7500001 0.4898321 0.7499998 0.4749413 0.6639186 0.4578188 0 0.96 0.0625 0.9599999 0.0625 1 0.1582202 0.471576 0.1639187 0.4578188 0.25 0.4749413 0.6639186 0.4578188 0.7499998 0.4749413 0.8360817 0.4578188 0.8360817 0.4578188 0.9090576 0.4090575 0.9578188 0.3360813 0.9578188 0.3360813 0.9749413 0.25 0.9578188 0.1639187 0.9578188 0.1639187 0.9090576 0.09094238 0.8360815 0.04218119 0.8360815 0.04218119 0.75 0.02505856 0.6639187 0.04218119 0.6639187 0.04218119 0.5909424 0.09094238 0.5421812 0.1639186 0.5421812 0.1639186 0.5250586 0.25 0.5421813 0.3360814 0.5421813 0.3360814 0.5909424 0.4090576 0.6639186 0.4578188 0.6639186 0.4578188 0.8360817 0.4578188 0.9578188 0.3360813 0.9578188 0.3360813 0.9578188 0.1639187 0.8360815 0.04218119 0.8360815 0.04218119 0.6639187 0.04218119 0.5421812 0.1639186 0.5421812 0.1639186 0.5421813 0.3360814 0.6639186 0.4578188 0.6639186 0.4578188 0.9578188 0.3360813 0.8360815 0.04218119 1 0.96 0.9375 0.96 0.9375001 0.54 0.0625 0.9599999 0 0.96 0 0.5400001 0.4090576 0.4090576 0.3360813 0.4578188 0.25 0.4749413 0.25 0.4749413 0.1639187 0.4578188 0.09094238 0.4090575 0.09094238 0.4090575 0.04218119 0.3360813 0.02505856 0.25 0.02505856 0.25 0.04218119 0.1639186 0.09094244 0.09094244 0.09094244 0.09094244 0.1639186 0.04218119 0.25 0.02505856 0.25 0.02505856 0.3360813 0.04218119 0.4090576 0.09094244 0.4090576 0.09094244 0.4578188 0.1639186 0.4749414 0.25 0.4749414 0.25 0.4578188 0.3360813 0.4090576 0.4090576 0.4090576 0.4090576 0.25 0.4749413 0.09094238 0.4090575 0.09094238 0.4090575 0.02505856 0.25 0.4090576 0.4090576 0.02505856 0.25 0.09094244 0.09094244 0.4090576 0.4090576 0.09094244 0.09094244 0.25 0.02505856 0.4090576 0.09094244 0.4090576 0.09094244 0.4749414 0.25 0.09094244 0.09094244 0.9375 0.96 0.8750001 0.96 0.8750001 0.5400001 0.8750001 0.96 0.8125 0.9599998 0.8125 0.54 0.8125 0.9599998 0.75 0.9599999 0.75 0.54 0.75 0.9599999 0.6875 0.9599999 0.6875 0.54 0.6875 0.9599999 0.625 0.96 0.625 0.5400001 0.625 0.96 0.5625 0.9599999 0.5625 0.54 0.5625 0.9599999 0.5 0.96 0.5 0.5400001 0.5 0.96 0.4375 0.9599999 0.4375 0.54 0.4375 0.9599999 0.375 0.96 0.375 0.5400001 0.375 0.96 0.3125 0.96 0.3125 0.54 0.3125 0.96 0.25 0.9599999 0.25 0.54 0.25 0.9599999 0.1875 0.9599998 0.1875 0.54 0.1875 0.9599998 0.125 0.96 0.125 0.5400001 0.125 0.96 0.0625 0.9599999 0.0625 0.5400001</float_array>
          <technique_common>
            <accessor source="#ericrolph_cannon_car_wash_carriage_Truck_Front_L_mesh-mesh-map-0-array" count="564" stride="2">
              <param name="S" type="float"/>
              <param name="T" type="float"/>
            </accessor>
          </technique_common>
        </source>
        <vertices id="ericrolph_cannon_car_wash_carriage_Truck_Front_L_mesh-mesh-vertices">
          <input semantic="POSITION" source="#ericrolph_cannon_car_wash_carriage_Truck_Front_L_mesh-mesh-positions"/>
        </vertices>
        <triangles material="ericrolph_cannon_car_wash_carriage_oak-material" count="188">
          <input semantic="VERTEX" source="#ericrolph_cannon_car_wash_carriage_Truck_Front_L_mesh-mesh-vertices" offset="0"/>
          <input semantic="NORMAL" source="#ericrolph_cannon_car_wash_carriage_Truck_Front_L_mesh-mesh-normals" offset="1"/>
          <input semantic="TEXCOORD" source="#ericrolph_cannon_car_wash_carriage_Truck_Front_L_mesh-mesh-map-0" offset="2" set="0"/>
          <p>1 0 0 8 0 1 2 0 2 8 1 3 0 1 4 2 1 5 4 2 6 11 2 7 10 2 8 5 3 9 9 3 10 11 3 11 13 4 12 8 4 13 7 4 14 8 5 15 12 5 16 6 5 17 10 6 18 17 6 19 16 6 20 11 7 21 15 7 22 17 7 23 19 8 24 14 8 25 13 8 26 20 9 27 12 9 28 14 9 29 16 10 30 23 10 31 22 10 32 23 11 33 15 11 34 21 11 35 25 12 36 20 12 37 19 12 38 26 13 39 18 13 40 20 13 41 28 14 42 23 14 43 29 14 44 23 15 45 27 15 46 29 15 47 25 16 48 32 16 49 26 16 50 32 17 51 24 17 52 26 17 53 28 18 54 35 18 55 34 18 56 29 19 57 33 19 58 35 19 59 37 20 60 32 20 61 31 20 62 32 21 63 36 21 64 30 21 65 34 22 66 41 22 67 40 22 68 35 23 69 39 23 70 41 23 71 43 24 72 38 24 73 37 24 74 44 25 75 36 25 76 38 25 77 40 26 78 47 26 79 46 26 80 47 27 81 39 27 82 45 27 83 49 28 84 44 28 85 43 28 86 50 29 87 42 29 88 44 29 89 52 30 90 47 30 91 53 30 92 47 31 93 51 31 94 53 31 95 49 32 96 56 32 97 50 32 98 56 33 99 48 33 100 50 33 101 52 34 102 59 34 103 58 34 104 53 35 105 57 35 106 59 35 107 61 36 108 56 36 109 55 36 110 56 37 111 60 37 112 54 37 113 58 38 114 65 38 115 64 38 116 59 39 117 63 39 118 65 39 119 67 40 120 62 40 121 61 40 122 68 41 123 60 41 124 62 41 125 64 42 126 71 42 127 70 42 128 71 43 129 63 43 130 69 43 131 73 44 132 68 44 133 67 44 134 74 45 135 66 45 136 68 45 137 76 46 138 71 46 139 77 46 140 71 47 141 75 47 142 77 47 143 73 48 144 80 48 145 74 48 146 80 49 147 72 49 148 74 49 149 76 50 150 83 50 151 82 50 152 77 51 153 81 51 154 83 51 155 85 52 156 80 52 157 79 52 158 80 53 159 84 53 160 78 53 161 82 54 162 89 54 163 88 54 164 83 55 165 87 55 166 89 55 167 91 56 168 86 56 169 85 56 170 92 57 171 84 57 172 86 57 173 88 58 174 95 58 175 94 58 176 95 59 177 87 59 178 93 59 179 1 60 180 92 60 181 91 60 182 2 61 183 90 61 184 92 61 185 4 62 186 95 62 187 5 62 188 95 63 189 3 63 190 5 63 191 42 64 192 66 64 193 90 64 194 4 65 195 7 65 196 1 65 197 94 66 198 1 66 199 91 66 200 27 67 201 15 67 202 63 67 203 10 68 204 13 68 205 7 68 206 16 69 207 19 69 208 13 69 209 22 70 210 25 70 211 19 70 212 28 71 213 31 71 214 25 71 215 34 72 216 37 72 217 31 72 218 40 73 219 43 73 220 37 73 221 46 74 222 49 74 223 43 74 224 52 75 225 55 75 226 49 75 227 58 76 228 61 76 229 55 76 230 64 77 231 67 77 232 61 77 233 70 78 234 73 78 235 67 78 236 76 79 237 79 79 238 73 79 239 82 80 240 85 80 241 79 80 242 88 81 243 91 81 244 85 81 245 1 82 246 7 82 247 8 82 248 8 83 249 6 83 250 0 83 251 4 84 252 5 84 253 11 84 254 5 85 255 3 85 256 9 85 257 13 86 258 14 86 259 8 86 260 8 87 261 14 87 262 12 87 263 10 88 264 11 88 265 17 88 266 11 89 267 9 89 268 15 89 269 19 90 270 20 90 271 14 90 272 20 91 273 18 91 274 12 91 275 16 92 276 17 92 277 23 92 278 23 93 279 17 93 280 15 93 281 25 94 282 26 94 283 20 94 284 26 95 285 24 95 286 18 95 287 28 96 288 22 96 289 23 96 290 23 97 291 21 97 292 27 97 293 25 98 294 31 98 295 32 98 296 32 99 297 30 99 298 24 99 299 28 100 300 29 100 301 35 100 302 29 101 303 27 101 304 33 101 305 37 102 306 38 102 307 32 102 308 32 103 309 38 103 310 36 103 311 34 104 312 35 104 313 41 104 314 35 105 315 33 105 316 39 105 317 43 106 318 44 106 319 38 106 320 44 107 321 42 107 322 36 107 323 40 108 324 41 108 325 47 108 326 47 109 327 41 109 328 39 109 329 49 110 330 50 110 331 44 110 332 50 111 333 48 111 334 42 111 335 52 112 336 46 112 337 47 112 338 47 113 339 45 113 340 51 113 341 49 114 342 55 114 343 56 114 344 56 115 345 54 115 346 48 115 347 52 116 348 53 116 349 59 116 350 53 117 351 51 117 352 57 117 353 61 118 354 62 118 355 56 118 356 56 119 357 62 119 358 60 119 359 58 120 360 59 120 361 65 120 362 59 121 363 57 121 364 63 121 365 67 122 366 68 122 367 62 122 368 68 123 369 66 123 370 60 123 371 64 124 372 65 124 373 71 124 374 71 125 375 65 125 376 63 125 377 73 126 378 74 126 379 68 126 380 74 127 381 72 127 382 66 127 383 76 128 384 70 128 385 71 128 386 71 129 387 69 129 388 75 129 389 73 130 390 79 130 391 80 130 392 80 131 393 78 131 394 72 131 395 76 132 396 77 132 397 83 132 398 77 133 399 75 133 400 81 133 401 85 134 402 86 134 403 80 134 404 80 135 405 86 135 406 84 135 407 82 136 408 83 136 409 89 136 410 83 137 411 81 137 412 87 137 413 91 138 414 92 138 415 86 138 416 92 139 417 90 139 418 84 139 419 88 140 420 89 140 421 95 140 422 95 141 423 89 141 424 87 141 425 1 142 426 2 142 427 92 142 428 2 143 429 0 143 430 90 143 431 4 144 432 94 144 433 95 144 434 95 145 435 93 145 436 3 145 437 90 146 438 0 146 439 6 146 440 6 147 441 12 147 442 18 147 443 18 148 444 24 148 445 30 148 446 30 149 447 36 149 448 42 149 449 42 150 450 48 150 451 54 150 452 54 151 453 60 151 454 66 151 455 66 152 456 72 152 457 78 152 458 78 153 459 84 153 460 90 153 461 90 154 462 6 154 463 18 154 464 18 155 465 30 155 466 42 155 467 42 156 468 54 156 469 66 156 470 66 157 471 78 157 472 90 157 473 90 158 474 18 158 475 42 158 476 4 159 477 10 159 478 7 159 479 94 160 480 4 160 481 1 160 482 15 161 483 9 161 484 3 161 485 3 162 486 93 162 487 87 162 488 87 163 489 81 163 490 75 163 491 75 164 492 69 164 493 63 164 494 63 165 495 57 165 496 51 165 497 51 166 498 45 166 499 39 166 500 39 167 501 33 167 502 27 167 503 27 168 504 21 168 505 15 168 506 15 169 507 3 169 508 87 169 509 87 170 510 75 170 511 15 170 512 75 171 513 63 171 514 15 171 515 63 172 516 51 172 517 39 172 518 39 173 519 27 173 520 63 173 521 10 174 522 16 174 523 13 174 524 16 175 525 22 175 526 19 175 527 22 176 528 28 176 529 25 176 530 28 177 531 34 177 532 31 177 533 34 178 534 40 178 535 37 178 536 40 179 537 46 179 538 43 179 539 46 180 540 52 180 541 49 180 542 52 181 543 58 181 544 55 181 545 58 182 546 64 182 547 61 182 548 64 183 549 70 183 550 67 183 551 70 184 552 76 184 553 73 184 554 76 185 555 82 185 556 79 185 557 82 186 558 88 186 559 85 186 560 88 187 561 94 187 562 91 187 563</p>
        </triangles>
      </mesh>
    </geometry>
    <geometry id="ericrolph_cannon_car_wash_carriage_Truck_Front_R_mesh-mesh" name="ericrolph_cannon_car_wash_carriage_Truck_Front_R_mesh">
      <mesh>
        <source id="ericrolph_cannon_car_wash_carriage_Truck_Front_R_mesh-mesh-positions">
          <float_array id="ericrolph_cannon_car_wash_carriage_Truck_Front_R_mesh-mesh-positions-array" count="288">0 0.0609216 -0.02499997 0 0.06499999 -0.02099996 0 0.06380546 -0.02382838 0 0.0609216 0.02499997 0 0.06499999 0.02099996 0 0.06380546 0.02382838 0.0233137 0.05628424 -0.02499997 0.02487438 0.06005215 -0.02099996 0.02441728 0.05894851 -0.02382838 0.0233137 0.05628424 0.02499997 0.02487438 0.06005215 0.02099996 0.02441728 0.05894851 0.02382838 0.04307806 0.04307806 -0.02499997 0.04596191 0.04596191 -0.02099996 0.04511725 0.04511725 -0.02382838 0.04307806 0.04307806 0.02499997 0.04596191 0.04596191 0.02099996 0.04511725 0.04511725 0.02382838 0.05628424 0.0233137 -0.02499997 0.06005215 0.02487438 -0.02099996 0.05894851 0.02441728 -0.02382838 0.05628424 0.0233137 0.02499997 0.06005215 0.02487438 0.02099996 0.05894851 0.02441728 0.02382838 0.0609216 0 -0.02499997 0.06499999 0 -0.02099996 0.06380546 0 -0.02382838 0.0609216 0 0.02499997 0.06499999 0 0.02099996 0.06380546 0 0.02382838 0.05628424 -0.0233137 -0.02499997 0.06005215 -0.02487438 -0.02099996 0.05894851 -0.02441728 -0.02382838 0.05628424 -0.0233137 0.02499997 0.06005215 -0.02487438 0.02099996 0.05894851 -0.02441728 0.02382838 0.04307806 -0.04307806 -0.02499997 0.04596191 -0.04596191 -0.02099996 0.04511725 -0.04511725 -0.02382838 0.04307806 -0.04307806 0.02499997 0.04596191 -0.04596191 0.02099996 0.04511725 -0.04511725 0.02382838 0.0233137 -0.05628424 -0.02499997 0.02487438 -0.06005215 -0.02099996 0.02441728 -0.05894851 -0.02382838 0.0233137 -0.05628424 0.02499997 0.02487438 -0.06005215 0.02099996 0.02441728 -0.05894851 0.02382838 0 -0.0609216 -0.02499997 0 -0.06499999 -0.02099996 0 -0.06380546 -0.02382838 0 -0.0609216 0.02499997 0 -0.06499999 0.02099996 0 -0.06380546 0.02382838 -0.0233137 -0.05628424 -0.02499997 -0.02487438 -0.06005215 -0.02099996 -0.02441728 -0.05894851 -0.02382838 -0.0233137 -0.05628424 0.02499997 -0.02487438 -0.06005215 0.02099996 -0.02441728 -0.05894851 0.02382838 -0.04307806 -0.04307806 -0.02499997 -0.04596191 -0.04596191 -0.02099996 -0.04511725 -0.04511725 -0.02382838 -0.04307806 -0.04307806 0.02499997 -0.04596191 -0.04596191 0.02099996 -0.04511725 -0.04511725 0.02382838 -0.05628424 -0.0233137 -0.02499997 -0.06005215 -0.02487438 -0.02099996 -0.05894851 -0.02441728 -0.02382838 -0.05628424 -0.0233137 0.02499997 -0.06005215 -0.02487438 0.02099996 -0.05894851 -0.02441728 0.02382838 -0.0609216 0 -0.02499997 -0.06499999 0 -0.02099996 -0.06380546 0 -0.02382838 -0.0609216 0 0.02499997 -0.06499999 0 0.02099996 -0.06380546 0 0.02382838 -0.05628424 0.0233137 -0.02499997 -0.06005215 0.02487438 -0.02099996 -0.05894851 0.02441728 -0.02382838 -0.05628424 0.0233137 0.02499997 -0.06005215 0.02487438 0.02099996 -0.05894851 0.02441728 0.02382838 -0.04307806 0.04307806 -0.02499997 -0.04596191 0.04596191 -0.02099996 -0.04511725 0.04511725 -0.02382838 -0.04307806 0.04307806 0.02499997 -0.04596191 0.04596191 0.02099996 -0.04511725 0.04511725 0.02382838 -0.0233137 0.05628424 -0.02499997 -0.02487438 0.06005215 -0.02099996 -0.02441728 0.05894851 -0.02382838 -0.0233137 0.05628424 0.02499997 -0.02487438 0.06005215 0.02099996 -0.02441728 0.05894851 0.02382838</float_array>
          <technique_common>
            <accessor source="#ericrolph_cannon_car_wash_carriage_Truck_Front_R_mesh-mesh-positions-array" count="96" stride="3">
              <param name="X" type="float"/>
              <param name="Y" type="float"/>
              <param name="Z" type="float"/>
            </accessor>
          </technique_common>
        </source>
        <source id="ericrolph_cannon_car_wash_carriage_Truck_Front_R_mesh-mesh-normals">
          <float_array id="ericrolph_cannon_car_wash_carriage_Truck_Front_R_mesh-mesh-normals-array" count="564">0.1802406 0.9061287 -0.3826802 0.07465767 0.3753287 -0.9238802 0.1802401 0.9061278 0.3826825 0.07465791 0.3753299 0.9238796 0.5132801 0.7681781 -0.3826826 0.2126073 0.3181893 -0.9238797 0.5132803 0.7681783 0.382682 0.212607 0.318189 0.9238799 0.7681783 0.5132803 -0.382682 0.318189 0.212607 -0.9238799 0.7681781 0.5132801 0.3826826 0.3181893 0.2126073 0.9238797 0.9061278 0.1802401 -0.3826825 0.3753299 0.07465791 -0.9238796 0.9061287 0.1802406 0.3826802 0.3753287 0.07465767 0.9238802 0.9061287 -0.1802406 -0.3826802 0.3753287 -0.07465767 -0.9238802 0.9061278 -0.1802401 0.3826825 0.3753299 -0.07465791 0.9238796 0.7681781 -0.5132801 -0.3826826 0.3181893 -0.2126073 -0.9238797 0.7681783 -0.5132803 0.382682 0.318189 -0.212607 0.9238799 0.5132803 -0.7681783 -0.382682 0.212607 -0.318189 -0.9238799 0.5132801 -0.7681781 0.3826826 0.2126073 -0.3181893 0.9238797 0.1802401 -0.9061278 -0.3826825 0.07465791 -0.3753299 -0.9238796 0.1802406 -0.9061287 0.3826802 0.07465767 -0.3753287 0.9238802 -0.1802406 -0.9061287 -0.3826802 -0.07465767 -0.3753287 -0.9238802 -0.1802401 -0.9061278 0.3826825 -0.07465791 -0.3753299 0.9238796 -0.5132801 -0.7681781 -0.3826826 -0.2126073 -0.3181893 -0.9238797 -0.5132803 -0.7681783 0.382682 -0.212607 -0.318189 0.9238799 -0.7681783 -0.5132803 -0.382682 -0.318189 -0.212607 -0.9238799 -0.7681781 -0.5132801 0.3826826 -0.3181893 -0.2126073 0.9238797 -0.9061278 -0.1802401 -0.3826825 -0.3753299 -0.07465791 -0.9238796 -0.9061287 -0.1802406 0.3826802 -0.3753287 -0.07465767 0.9238802 -0.9061287 0.1802406 -0.3826802 -0.3753287 0.07465767 -0.9238802 -0.9061278 0.1802401 0.3826825 -0.3753299 0.07465791 0.9238796 -0.7681781 0.5132801 -0.3826826 -0.3181893 0.2126073 -0.9238797 -0.7681783 0.5132803 0.382682 -0.318189 0.212607 0.9238799 -0.5132803 0.7681783 -0.382682 -0.212607 0.318189 -0.9238799 -0.5132801 0.7681781 0.3826826 -0.2126073 0.3181893 0.9238797 -0.1802401 0.9061278 -0.3826825 -0.07465791 0.3753299 -0.9238796 -0.1802406 0.9061287 0.3826802 -0.07465767 0.3753287 0.9238802 0 0 -1 0.1950904 0.9807853 0 -0.1950904 0.9807853 0 0 0 1 0.5555702 0.8314696 0 0.8314696 0.5555702 0 0.9807853 0.1950904 0 0.9807853 -0.1950904 0 0.8314696 -0.5555702 0 0.5555702 -0.8314696 0 0.1950904 -0.9807853 0 -0.1950904 -0.9807853 0 -0.5555702 -0.8314696 0 -0.8314696 -0.5555702 0 -0.9807853 -0.1950904 0 -0.9807853 0.1950904 0 -0.8314696 0.5555702 0 -0.5555702 0.8314696 0 0.1802401 0.9061278 -0.3826825 0.07465773 0.37533 -0.9238797 0.1802406 0.9061287 0.3826802 0.07465749 0.3753287 0.9238802 0.5132802 0.7681783 -0.382682 0.212607 0.3181889 -0.9238799 0.51328 0.7681782 0.3826826 0.2126073 0.3181893 0.9238797 0.7681782 0.51328 -0.3826826 0.3181893 0.2126073 -0.9238797 0.7681783 0.5132802 0.382682 0.3181889 0.212607 0.9238799 0.9061287 0.1802406 -0.3826802 0.3753287 0.07465749 -0.9238802 0.9061278 0.1802401 0.3826825 0.37533 0.07465773 0.9238797 0.9061278 -0.1802401 -0.3826825 0.37533 -0.07465773 -0.9238797 0.9061287 -0.1802406 0.3826802 0.3753287 -0.07465749 0.9238802 0.7681783 -0.5132802 -0.382682 0.3181889 -0.212607 -0.9238799 0.7681782 -0.51328 0.3826826 0.3181893 -0.2126073 0.9238797 0.51328 -0.7681782 -0.3826826 0.2126073 -0.3181893 -0.9238797 0.5132802 -0.7681783 0.382682 0.212607 -0.3181889 0.9238799 0.1802406 -0.9061287 -0.3826802 0.07465749 -0.3753287 -0.9238802 0.1802401 -0.9061278 0.3826825 0.07465773 -0.37533 0.9238797 -0.1802401 -0.9061278 -0.3826825 -0.07465773 -0.37533 -0.9238797 -0.1802406 -0.9061287 0.3826802 -0.07465749 -0.3753287 0.9238802 -0.5132802 -0.7681783 -0.382682 -0.212607 -0.3181889 -0.9238799 -0.51328 -0.7681782 0.3826826 -0.2126073 -0.3181893 0.9238797 -0.7681782 -0.51328 -0.3826826 -0.3181893 -0.2126073 -0.9238797 -0.7681783 -0.5132802 0.382682 -0.3181889 -0.212607 0.9238799 -0.9061287 -0.1802406 -0.3826802 -0.3753287 -0.07465749 -0.9238802 -0.9061278 -0.1802401 0.3826825 -0.37533 -0.07465773 0.9238797 -0.9061278 0.1802401 -0.3826825 -0.37533 0.07465773 -0.9238797 -0.9061287 0.1802406 0.3826802 -0.3753287 0.07465749 0.9238802 -0.7681783 0.5132802 -0.382682 -0.3181889 0.212607 -0.9238799 -0.7681782 0.51328 0.3826826 -0.3181893 0.2126073 0.9238797 -0.51328 0.7681782 -0.3826826 -0.2126073 0.3181893 -0.9238797 -0.5132802 0.7681783 0.382682 -0.212607 0.3181889 0.9238799 -0.1802406 0.9061287 -0.3826802 -0.07465749 0.3753287 -0.9238802 -0.1802401 0.9061278 0.3826825 -0.07465773 0.37533 0.9238797 0 0 -1 0 0 -1 0 0 -1 0 0 -1 0 0 -1 0 0 -1 0 0 -1 0 0 -1 0 0 -1 0 0 -1 0 0 -1 0 0 -1 0 0 -1 0.1950904 0.9807853 0 -0.1950904 0.9807853 0 0 0 1 0 0 1 0 0 1 0 0 1 0 0 1 0 0 1 0 0 1 0 0 1 0 0 1 0 0 1 0 0 1 0 0 1 0 0 1 0.5555702 0.8314696 0 0.8314696 0.5555702 0 0.9807853 0.1950904 0 0.9807853 -0.1950904 0 0.8314696 -0.5555702 0 0.5555702 -0.8314696 0 0.1950904 -0.9807853 0 -0.1950904 -0.9807853 0 -0.5555702 -0.8314696 0 -0.8314696 -0.5555702 0 -0.9807853 -0.1950904 0 -0.9807853 0.1950904 0 -0.8314696 0.5555702 0 -0.5555702 0.8314696 0</float_array>
          <technique_common>
            <accessor source="#ericrolph_cannon_car_wash_carriage_Truck_Front_R_mesh-mesh-normals-array" count="188" stride="3">
              <param name="X" type="float"/>
              <param name="Y" type="float"/>
              <param name="Z" type="float"/>
            </accessor>
          </technique_common>
        </source>
        <source id="ericrolph_cannon_car_wash_carriage_Truck_Front_R_mesh-mesh-map-0">
          <float_array id="ericrolph_cannon_car_wash_carriage_Truck_Front_R_mesh-mesh-map-0-array" count="1128">1 0.54 0.9375001 0.5 0.9994257 0.5 0.8417798 0.471576 0.7499998 0.4749413 0.7500001 0.4898321 1 0.96 0.9375 1 0.9375 0.96 0.25 0.4898321 0.3360813 0.4578188 0.3417798 0.471576 0.8750001 0.5400001 0.9375001 0.5 0.9375001 0.54 0.8417798 0.471576 0.9090576 0.4090575 0.8360817 0.4578188 0.9375 0.96 0.875 1 0.8750001 0.96 0.3417798 0.471576 0.4090576 0.4090576 0.4195869 0.4195869 0.8125 0.54 0.8750001 0.5 0.8750001 0.5400001 0.971576 0.3417798 0.9090576 0.4090575 0.919587 0.419587 0.8750001 0.96 0.8125 1 0.8125 0.96 0.471576 0.3417798 0.4090576 0.4090576 0.4578188 0.3360814 0.75 0.54 0.8125 0.5 0.8125 0.54 0.9898321 0.25 0.9578188 0.3360813 0.971576 0.3417798 0.75 0.9599999 0.8125 1 0.75 1 0.471576 0.3417798 0.4749414 0.25 0.4898321 0.25 0.75 0.54 0.6875 0.5 0.7500001 0.5 0.971576 0.1582202 0.9749413 0.25 0.9898321 0.25 0.75 0.9599999 0.6875 1 0.6875 0.9599999 0.4898321 0.25 0.4578188 0.1639186 0.471576 0.1582202 0.625 0.5400001 0.6875 0.5 0.6875 0.54 0.971576 0.1582202 0.9090576 0.09094238 0.9578188 0.1639187 0.6875 0.9599999 0.625 1 0.625 0.96 0.471576 0.1582202 0.4090576 0.09094244 0.419587 0.08041304 0.5625 0.5400001 0.625 0.5 0.625 0.5400001 0.8417798 0.02842402 0.9090576 0.09094238 0.9195869 0.08041304 0.625 0.96 0.5625 1 0.5625 0.9599999 0.3417798 0.02842402 0.4090576 0.09094244 0.3360813 0.04218119 0.5 0.5400001 0.5625 0.5 0.5625 0.5400001 0.75 0.01016783 0.8360815 0.04218119 0.8417798 0.02842402 0.5 0.96 0.5625 1 0.5 1 0.3417798 0.02842402 0.25 0.02505856 0.25 0.01016783 0.5 0.5400001 0.4375 0.5 0.5 0.5 0.6582202 0.02842402 0.75 0.02505856 0.75 0.01016783 0.5 0.96 0.4375 1 0.4375 0.9599999 0.25 0.01016783 0.1639186 0.04218119 0.1582202 0.02842402 0.375 0.5400001 0.4375 0.5 0.4375 0.54 0.6582202 0.02842402 0.5909424 0.09094238 0.6639187 0.04218119 0.4375 0.9599999 0.375 1 0.375 0.96 0.1582202 0.02842402 0.09094244 0.09094244 0.08041304 0.08041304 0.3125 0.54 0.3750001 0.5 0.375 0.5400001 0.528424 0.1582202 0.5909424 0.09094238 0.5804131 0.08041304 0.375 0.96 0.3125 1 0.3125 0.9599998 0.02842402 0.1582202 0.09094244 0.09094244 0.04218119 0.1639186 0.25 0.54 0.3125 0.5 0.3125 0.54 0.5101678 0.25 0.5421812 0.1639186 0.528424 0.1582202 0.25 0.9599999 0.3125 1 0.25 1 0.02842402 0.1582202 0.02505856 0.25 0.01016783 0.25 0.25 0.54 0.1875 0.5 0.25 0.5 0.5284241 0.3417798 0.5250586 0.25 0.5101678 0.25 0.25 0.9599999 0.1875 1 0.1875 0.9599998 0.01016783 0.25 0.04218119 0.3360813 0.02842396 0.3417798 0.125 0.5400001 0.1875 0.5 0.1875 0.54 0.5284241 0.3417798 0.5909425 0.4090577 0.5421813 0.3360814 0.1875 0.9599998 0.125 1 0.125 0.96 0.02842396 0.3417798 0.09094238 0.4090575 0.08041304 0.419587 0.0625 0.5400001 0.125 0.5 0.125 0.5400001 0.6582202 0.471576 0.5909425 0.4090577 0.5804131 0.4195869 0.125 0.96 0.0625 1 0.0625 0.9599999 0.1582202 0.471576 0.09094238 0.4090575 0.1639187 0.4578188 0 0.5400001 0.06249994 0.5 0.0625 0.5400001 0.7500001 0.4898321 0.6639186 0.4578188 0.6582202 0.471576 0 0.96 0.0625 1 5.74283e-4 1 0.1582202 0.471576 0.25 0.4749413 0.25 0.4898321 0.8360815 0.04218119 0.5421812 0.1639186 0.6639186 0.4578188 1 0.96 0.9375001 0.54 1 0.54 0.0625 0.9599999 0 0.5400001 0.0625 0.5400001 0.4749414 0.25 0.4090576 0.4090576 0.09094244 0.09094244 0.9375 0.96 0.8750001 0.5400001 0.9375001 0.54 0.8750001 0.96 0.8125 0.54 0.8750001 0.5400001 0.8125 0.96 0.75 0.54 0.8125 0.54 0.75 0.9599999 0.6875 0.54 0.75 0.54 0.6875 0.9599999 0.625 0.5400001 0.6875 0.54 0.625 0.96 0.5625 0.5400001 0.625 0.5400001 0.5625 0.9599999 0.5 0.5400001 0.5625 0.5400001 0.5 0.96 0.4375 0.54 0.5 0.5400001 0.4375 0.9599999 0.375 0.5400001 0.4375 0.54 0.375 0.96 0.3125 0.54 0.375 0.5400001 0.3125 0.9599998 0.25 0.54 0.3125 0.54 0.25 0.9599999 0.1875 0.54 0.25 0.54 0.1875 0.9599998 0.125 0.5400001 0.1875 0.54 0.125 0.96 0.0625 0.5400001 0.125 0.5400001 1 0.54 0.9375001 0.54 0.9375001 0.5 0.8417798 0.471576 0.8360817 0.4578188 0.7499998 0.4749413 1 0.96 0.9994257 1 0.9375 1 0.25 0.4898321 0.25 0.4749413 0.3360813 0.4578188 0.8750001 0.5400001 0.8750001 0.5 0.9375001 0.5 0.8417798 0.471576 0.919587 0.419587 0.9090576 0.4090575 0.9375 0.96 0.9375 1 0.875 1 0.3417798 0.471576 0.3360813 0.4578188 0.4090576 0.4090576 0.8125 0.54 0.8125 0.5 0.8750001 0.5 0.971576 0.3417798 0.9578188 0.3360813 0.9090576 0.4090575 0.8750001 0.96 0.875 1 0.8125 1 0.471576 0.3417798 0.4195869 0.4195869 0.4090576 0.4090576 0.75 0.54 0.7500001 0.5 0.8125 0.5 0.9898321 0.25 0.9749413 0.25 0.9578188 0.3360813 0.75 0.9599999 0.8125 0.96 0.8125 1 0.471576 0.3417798 0.4578188 0.3360814 0.4749414 0.25 0.75 0.54 0.6875 0.54 0.6875 0.5 0.971576 0.1582202 0.9578188 0.1639187 0.9749413 0.25 0.75 0.9599999 0.75 1 0.6875 1 0.4898321 0.25 0.4749414 0.25 0.4578188 0.1639186 0.625 0.5400001 0.625 0.5 0.6875 0.5 0.971576 0.1582202 0.9195869 0.08041304 0.9090576 0.09094238 0.6875 0.9599999 0.6875 1 0.625 1 0.471576 0.1582202 0.4578188 0.1639186 0.4090576 0.09094244 0.5625 0.5400001 0.5625 0.5 0.625 0.5 0.8417798 0.02842402 0.8360815 0.04218119 0.9090576 0.09094238 0.625 0.96 0.625 1 0.5625 1 0.3417798 0.02842402 0.419587 0.08041304 0.4090576 0.09094244 0.5 0.5400001 0.5 0.5 0.5625 0.5 0.75 0.01016783 0.75 0.02505856 0.8360815 0.04218119 0.5 0.96 0.5625 0.9599999 0.5625 1 0.3417798 0.02842402 0.3360813 0.04218119 0.25 0.02505856 0.5 0.5400001 0.4375 0.54 0.4375 0.5 0.6582202 0.02842402 0.6639187 0.04218119 0.75 0.02505856 0.5 0.96 0.5 1 0.4375 1 0.25 0.01016783 0.25 0.02505856 0.1639186 0.04218119 0.375 0.5400001 0.3750001 0.5 0.4375 0.5 0.6582202 0.02842402 0.5804131 0.08041304 0.5909424 0.09094238 0.4375 0.9599999 0.4375 1 0.375 1 0.1582202 0.02842402 0.1639186 0.04218119 0.09094244 0.09094244 0.3125 0.54 0.3125 0.5 0.3750001 0.5 0.528424 0.1582202 0.5421812 0.1639186 0.5909424 0.09094238 0.375 0.96 0.375 1 0.3125 1 0.02842402 0.1582202 0.08041304 0.08041304 0.09094244 0.09094244 0.25 0.54 0.25 0.5 0.3125 0.5 0.5101678 0.25 0.5250586 0.25 0.5421812 0.1639186 0.25 0.9599999 0.3125 0.9599998 0.3125 1 0.02842402 0.1582202 0.04218119 0.1639186 0.02505856 0.25 0.25 0.54 0.1875 0.54 0.1875 0.5 0.5284241 0.3417798 0.5421813 0.3360814 0.5250586 0.25 0.25 0.9599999 0.25 1 0.1875 1 0.01016783 0.25 0.02505856 0.25 0.04218119 0.3360813 0.125 0.5400001 0.125 0.5 0.1875 0.5 0.5284241 0.3417798 0.5804131 0.4195869 0.5909425 0.4090577 0.1875 0.9599998 0.1875 1 0.125 1 0.02842396 0.3417798 0.04218119 0.3360813 0.09094238 0.4090575 0.0625 0.5400001 0.06249994 0.5 0.125 0.5 0.6582202 0.471576 0.6639186 0.4578188 0.5909425 0.4090577 0.125 0.96 0.125 1 0.0625 1 0.1582202 0.471576 0.08041304 0.419587 0.09094238 0.4090575 0 0.5400001 5.74281e-4 0.5 0.06249994 0.5 0.7500001 0.4898321 0.7499998 0.4749413 0.6639186 0.4578188 0 0.96 0.0625 0.9599999 0.0625 1 0.1582202 0.471576 0.1639187 0.4578188 0.25 0.4749413 0.6639186 0.4578188 0.7499998 0.4749413 0.8360817 0.4578188 0.8360817 0.4578188 0.9090576 0.4090575 0.9578188 0.3360813 0.9578188 0.3360813 0.9749413 0.25 0.9578188 0.1639187 0.9578188 0.1639187 0.9090576 0.09094238 0.8360815 0.04218119 0.8360815 0.04218119 0.75 0.02505856 0.6639187 0.04218119 0.6639187 0.04218119 0.5909424 0.09094238 0.5421812 0.1639186 0.5421812 0.1639186 0.5250586 0.25 0.5421813 0.3360814 0.5421813 0.3360814 0.5909425 0.4090577 0.6639186 0.4578188 0.6639186 0.4578188 0.8360817 0.4578188 0.9578188 0.3360813 0.9578188 0.3360813 0.9578188 0.1639187 0.8360815 0.04218119 0.8360815 0.04218119 0.6639187 0.04218119 0.5421812 0.1639186 0.5421812 0.1639186 0.5421813 0.3360814 0.6639186 0.4578188 0.6639186 0.4578188 0.9578188 0.3360813 0.8360815 0.04218119 1 0.96 0.9375 0.96 0.9375001 0.54 0.0625 0.9599999 0 0.96 0 0.5400001 0.4090576 0.4090576 0.3360813 0.4578188 0.25 0.4749413 0.25 0.4749413 0.1639187 0.4578188 0.09094238 0.4090575 0.09094238 0.4090575 0.04218119 0.3360813 0.02505856 0.25 0.02505856 0.25 0.04218119 0.1639186 0.09094244 0.09094244 0.09094244 0.09094244 0.1639186 0.04218119 0.25 0.02505856 0.25 0.02505856 0.3360813 0.04218119 0.4090576 0.09094244 0.4090576 0.09094244 0.4578188 0.1639186 0.4749414 0.25 0.4749414 0.25 0.4578188 0.3360814 0.4090576 0.4090576 0.4090576 0.4090576 0.25 0.4749413 0.09094238 0.4090575 0.09094238 0.4090575 0.02505856 0.25 0.4090576 0.4090576 0.02505856 0.25 0.09094244 0.09094244 0.4090576 0.4090576 0.09094244 0.09094244 0.25 0.02505856 0.4090576 0.09094244 0.4090576 0.09094244 0.4749414 0.25 0.09094244 0.09094244 0.9375 0.96 0.8750001 0.96 0.8750001 0.5400001 0.8750001 0.96 0.8125 0.96 0.8125 0.54 0.8125 0.96 0.75 0.9599999 0.75 0.54 0.75 0.9599999 0.6875 0.9599999 0.6875 0.54 0.6875 0.9599999 0.625 0.96 0.625 0.5400001 0.625 0.96 0.5625 0.9599999 0.5625 0.5400001 0.5625 0.9599999 0.5 0.96 0.5 0.5400001 0.5 0.96 0.4375 0.9599999 0.4375 0.54 0.4375 0.9599999 0.375 0.96 0.375 0.5400001 0.375 0.96 0.3125 0.9599998 0.3125 0.54 0.3125 0.9599998 0.25 0.9599999 0.25 0.54 0.25 0.9599999 0.1875 0.9599998 0.1875 0.54 0.1875 0.9599998 0.125 0.96 0.125 0.5400001 0.125 0.96 0.0625 0.9599999 0.0625 0.5400001</float_array>
          <technique_common>
            <accessor source="#ericrolph_cannon_car_wash_carriage_Truck_Front_R_mesh-mesh-map-0-array" count="564" stride="2">
              <param name="S" type="float"/>
              <param name="T" type="float"/>
            </accessor>
          </technique_common>
        </source>
        <vertices id="ericrolph_cannon_car_wash_carriage_Truck_Front_R_mesh-mesh-vertices">
          <input semantic="POSITION" source="#ericrolph_cannon_car_wash_carriage_Truck_Front_R_mesh-mesh-positions"/>
        </vertices>
        <triangles material="ericrolph_cannon_car_wash_carriage_oak-material" count="188">
          <input semantic="VERTEX" source="#ericrolph_cannon_car_wash_carriage_Truck_Front_R_mesh-mesh-vertices" offset="0"/>
          <input semantic="NORMAL" source="#ericrolph_cannon_car_wash_carriage_Truck_Front_R_mesh-mesh-normals" offset="1"/>
          <input semantic="TEXCOORD" source="#ericrolph_cannon_car_wash_carriage_Truck_Front_R_mesh-mesh-map-0" offset="2" set="0"/>
          <p>1 0 0 8 0 1 2 0 2 8 1 3 0 1 4 2 1 5 4 2 6 11 2 7 10 2 8 5 3 9 9 3 10 11 3 11 13 4 12 8 4 13 7 4 14 8 5 15 12 5 16 6 5 17 10 6 18 17 6 19 16 6 20 11 7 21 15 7 22 17 7 23 19 8 24 14 8 25 13 8 26 20 9 27 12 9 28 14 9 29 16 10 30 23 10 31 22 10 32 23 11 33 15 11 34 21 11 35 25 12 36 20 12 37 19 12 38 26 13 39 18 13 40 20 13 41 28 14 42 23 14 43 29 14 44 23 15 45 27 15 46 29 15 47 25 16 48 32 16 49 26 16 50 32 17 51 24 17 52 26 17 53 28 18 54 35 18 55 34 18 56 29 19 57 33 19 58 35 19 59 37 20 60 32 20 61 31 20 62 32 21 63 36 21 64 30 21 65 34 22 66 41 22 67 40 22 68 35 23 69 39 23 70 41 23 71 43 24 72 38 24 73 37 24 74 44 25 75 36 25 76 38 25 77 40 26 78 47 26 79 46 26 80 47 27 81 39 27 82 45 27 83 49 28 84 44 28 85 43 28 86 50 29 87 42 29 88 44 29 89 52 30 90 47 30 91 53 30 92 47 31 93 51 31 94 53 31 95 49 32 96 56 32 97 50 32 98 56 33 99 48 33 100 50 33 101 52 34 102 59 34 103 58 34 104 53 35 105 57 35 106 59 35 107 61 36 108 56 36 109 55 36 110 56 37 111 60 37 112 54 37 113 58 38 114 65 38 115 64 38 116 59 39 117 63 39 118 65 39 119 67 40 120 62 40 121 61 40 122 68 41 123 60 41 124 62 41 125 64 42 126 71 42 127 70 42 128 71 43 129 63 43 130 69 43 131 73 44 132 68 44 133 67 44 134 74 45 135 66 45 136 68 45 137 76 46 138 71 46 139 77 46 140 71 47 141 75 47 142 77 47 143 73 48 144 80 48 145 74 48 146 80 49 147 72 49 148 74 49 149 76 50 150 83 50 151 82 50 152 77 51 153 81 51 154 83 51 155 85 52 156 80 52 157 79 52 158 80 53 159 84 53 160 78 53 161 82 54 162 89 54 163 88 54 164 83 55 165 87 55 166 89 55 167 91 56 168 86 56 169 85 56 170 92 57 171 84 57 172 86 57 173 88 58 174 95 58 175 94 58 176 95 59 177 87 59 178 93 59 179 1 60 180 92 60 181 91 60 182 2 61 183 90 61 184 92 61 185 4 62 186 95 62 187 5 62 188 95 63 189 3 63 190 5 63 191 42 64 192 66 64 193 90 64 194 4 65 195 7 65 196 1 65 197 94 66 198 1 66 199 91 66 200 27 67 201 15 67 202 63 67 203 10 68 204 13 68 205 7 68 206 16 69 207 19 69 208 13 69 209 22 70 210 25 70 211 19 70 212 28 71 213 31 71 214 25 71 215 34 72 216 37 72 217 31 72 218 40 73 219 43 73 220 37 73 221 46 74 222 49 74 223 43 74 224 52 75 225 55 75 226 49 75 227 58 76 228 61 76 229 55 76 230 64 77 231 67 77 232 61 77 233 70 78 234 73 78 235 67 78 236 76 79 237 79 79 238 73 79 239 82 80 240 85 80 241 79 80 242 88 81 243 91 81 244 85 81 245 1 82 246 7 82 247 8 82 248 8 83 249 6 83 250 0 83 251 4 84 252 5 84 253 11 84 254 5 85 255 3 85 256 9 85 257 13 86 258 14 86 259 8 86 260 8 87 261 14 87 262 12 87 263 10 88 264 11 88 265 17 88 266 11 89 267 9 89 268 15 89 269 19 90 270 20 90 271 14 90 272 20 91 273 18 91 274 12 91 275 16 92 276 17 92 277 23 92 278 23 93 279 17 93 280 15 93 281 25 94 282 26 94 283 20 94 284 26 95 285 24 95 286 18 95 287 28 96 288 22 96 289 23 96 290 23 97 291 21 97 292 27 97 293 25 98 294 31 98 295 32 98 296 32 99 297 30 99 298 24 99 299 28 100 300 29 100 301 35 100 302 29 101 303 27 101 304 33 101 305 37 102 306 38 102 307 32 102 308 32 103 309 38 103 310 36 103 311 34 104 312 35 104 313 41 104 314 35 105 315 33 105 316 39 105 317 43 106 318 44 106 319 38 106 320 44 107 321 42 107 322 36 107 323 40 108 324 41 108 325 47 108 326 47 109 327 41 109 328 39 109 329 49 110 330 50 110 331 44 110 332 50 111 333 48 111 334 42 111 335 52 112 336 46 112 337 47 112 338 47 113 339 45 113 340 51 113 341 49 114 342 55 114 343 56 114 344 56 115 345 54 115 346 48 115 347 52 116 348 53 116 349 59 116 350 53 117 351 51 117 352 57 117 353 61 118 354 62 118 355 56 118 356 56 119 357 62 119 358 60 119 359 58 120 360 59 120 361 65 120 362 59 121 363 57 121 364 63 121 365 67 122 366 68 122 367 62 122 368 68 123 369 66 123 370 60 123 371 64 124 372 65 124 373 71 124 374 71 125 375 65 125 376 63 125 377 73 126 378 74 126 379 68 126 380 74 127 381 72 127 382 66 127 383 76 128 384 70 128 385 71 128 386 71 129 387 69 129 388 75 129 389 73 130 390 79 130 391 80 130 392 80 131 393 78 131 394 72 131 395 76 132 396 77 132 397 83 132 398 77 133 399 75 133 400 81 133 401 85 134 402 86 134 403 80 134 404 80 135 405 86 135 406 84 135 407 82 136 408 83 136 409 89 136 410 83 137 411 81 137 412 87 137 413 91 138 414 92 138 415 86 138 416 92 139 417 90 139 418 84 139 419 88 140 420 89 140 421 95 140 422 95 141 423 89 141 424 87 141 425 1 142 426 2 142 427 92 142 428 2 143 429 0 143 430 90 143 431 4 144 432 94 144 433 95 144 434 95 145 435 93 145 436 3 145 437 90 146 438 0 146 439 6 146 440 6 147 441 12 147 442 18 147 443 18 148 444 24 148 445 30 148 446 30 149 447 36 149 448 42 149 449 42 150 450 48 150 451 54 150 452 54 151 453 60 151 454 66 151 455 66 152 456 72 152 457 78 152 458 78 153 459 84 153 460 90 153 461 90 154 462 6 154 463 18 154 464 18 155 465 30 155 466 42 155 467 42 156 468 54 156 469 66 156 470 66 157 471 78 157 472 90 157 473 90 158 474 18 158 475 42 158 476 4 159 477 10 159 478 7 159 479 94 160 480 4 160 481 1 160 482 15 161 483 9 161 484 3 161 485 3 162 486 93 162 487 87 162 488 87 163 489 81 163 490 75 163 491 75 164 492 69 164 493 63 164 494 63 165 495 57 165 496 51 165 497 51 166 498 45 166 499 39 166 500 39 167 501 33 167 502 27 167 503 27 168 504 21 168 505 15 168 506 15 169 507 3 169 508 87 169 509 87 170 510 75 170 511 15 170 512 75 171 513 63 171 514 15 171 515 63 172 516 51 172 517 39 172 518 39 173 519 27 173 520 63 173 521 10 174 522 16 174 523 13 174 524 16 175 525 22 175 526 19 175 527 22 176 528 28 176 529 25 176 530 28 177 531 34 177 532 31 177 533 34 178 534 40 178 535 37 178 536 40 179 537 46 179 538 43 179 539 46 180 540 52 180 541 49 180 542 52 181 543 58 181 544 55 181 545 58 182 546 64 182 547 61 182 548 64 183 549 70 183 550 67 183 551 70 184 552 76 184 553 73 184 554 76 185 555 82 185 556 79 185 557 82 186 558 88 186 559 85 186 560 88 187 561 94 187 562 91 187 563</p>
        </triangles>
      </mesh>
    </geometry>
    <geometry id="ericrolph_cannon_car_wash_carriage_Truck_Rear_L_mesh-mesh" name="ericrolph_cannon_car_wash_carriage_Truck_Rear_L_mesh">
      <mesh>
        <source id="ericrolph_cannon_car_wash_carriage_Truck_Rear_L_mesh-mesh-positions">
          <float_array id="ericrolph_cannon_car_wash_carriage_Truck_Rear_L_mesh-mesh-positions-array" count="288">0 0.0609216 -0.02499997 0 0.06499999 -0.02099996 0 0.06380546 -0.02382838 0 0.0609216 0.02499997 0 0.06499999 0.02099996 0 0.06380546 0.02382838 0.0233137 0.05628424 -0.02499997 0.02487438 0.06005215 -0.02099996 0.02441728 0.05894851 -0.02382838 0.0233137 0.05628424 0.02499997 0.02487438 0.06005215 0.02099996 0.02441728 0.05894851 0.02382838 0.04307806 0.04307806 -0.02499997 0.04596191 0.04596191 -0.02099996 0.04511725 0.04511725 -0.02382838 0.04307806 0.04307806 0.02499997 0.04596191 0.04596191 0.02099996 0.04511725 0.04511725 0.02382838 0.05628424 0.0233137 -0.02499997 0.06005215 0.02487438 -0.02099996 0.05894851 0.02441728 -0.02382838 0.05628424 0.0233137 0.02499997 0.06005215 0.02487438 0.02099996 0.05894851 0.02441728 0.02382838 0.0609216 0 -0.02499997 0.06499999 0 -0.02099996 0.06380546 0 -0.02382838 0.0609216 0 0.02499997 0.06499999 0 0.02099996 0.06380546 0 0.02382838 0.05628424 -0.0233137 -0.02499997 0.06005215 -0.02487438 -0.02099996 0.05894851 -0.02441728 -0.02382838 0.05628424 -0.0233137 0.02499997 0.06005215 -0.02487438 0.02099996 0.05894851 -0.02441728 0.02382838 0.04307806 -0.04307806 -0.02499997 0.04596191 -0.04596191 -0.02099996 0.04511725 -0.04511725 -0.02382838 0.04307806 -0.04307806 0.02499997 0.04596191 -0.04596191 0.02099996 0.04511725 -0.04511725 0.02382838 0.0233137 -0.05628424 -0.02499997 0.02487438 -0.06005215 -0.02099996 0.02441728 -0.05894851 -0.02382838 0.0233137 -0.05628424 0.02499997 0.02487438 -0.06005215 0.02099996 0.02441728 -0.05894851 0.02382838 0 -0.0609216 -0.02499997 0 -0.06499999 -0.02099996 0 -0.06380546 -0.02382838 0 -0.0609216 0.02499997 0 -0.06499999 0.02099996 0 -0.06380546 0.02382838 -0.0233137 -0.05628424 -0.02499997 -0.02487438 -0.06005215 -0.02099996 -0.02441728 -0.05894851 -0.02382838 -0.0233137 -0.05628424 0.02499997 -0.02487438 -0.06005215 0.02099996 -0.02441728 -0.05894851 0.02382838 -0.04307806 -0.04307806 -0.02499997 -0.04596191 -0.04596191 -0.02099996 -0.04511725 -0.04511725 -0.02382838 -0.04307806 -0.04307806 0.02499997 -0.04596191 -0.04596191 0.02099996 -0.04511725 -0.04511725 0.02382838 -0.05628424 -0.0233137 -0.02499997 -0.06005215 -0.02487438 -0.02099996 -0.05894851 -0.02441728 -0.02382838 -0.05628424 -0.0233137 0.02499997 -0.06005215 -0.02487438 0.02099996 -0.05894851 -0.02441728 0.02382838 -0.0609216 0 -0.02499997 -0.06499999 0 -0.02099996 -0.06380546 0 -0.02382838 -0.0609216 0 0.02499997 -0.06499999 0 0.02099996 -0.06380546 0 0.02382838 -0.05628424 0.0233137 -0.02499997 -0.06005215 0.02487438 -0.02099996 -0.05894851 0.02441728 -0.02382838 -0.05628424 0.0233137 0.02499997 -0.06005215 0.02487438 0.02099996 -0.05894851 0.02441728 0.02382838 -0.04307806 0.04307806 -0.02499997 -0.04596191 0.04596191 -0.02099996 -0.04511725 0.04511725 -0.02382838 -0.04307806 0.04307806 0.02499997 -0.04596191 0.04596191 0.02099996 -0.04511725 0.04511725 0.02382838 -0.0233137 0.05628424 -0.02499997 -0.02487438 0.06005215 -0.02099996 -0.02441728 0.05894851 -0.02382838 -0.0233137 0.05628424 0.02499997 -0.02487438 0.06005215 0.02099996 -0.02441728 0.05894851 0.02382838</float_array>
          <technique_common>
            <accessor source="#ericrolph_cannon_car_wash_carriage_Truck_Rear_L_mesh-mesh-positions-array" count="96" stride="3">
              <param name="X" type="float"/>
              <param name="Y" type="float"/>
              <param name="Z" type="float"/>
            </accessor>
          </technique_common>
        </source>
        <source id="ericrolph_cannon_car_wash_carriage_Truck_Rear_L_mesh-mesh-normals">
          <float_array id="ericrolph_cannon_car_wash_carriage_Truck_Rear_L_mesh-mesh-normals-array" count="564">0.1802406 0.9061287 -0.3826802 0.07465767 0.3753287 -0.9238802 0.1802401 0.9061278 0.3826825 0.07465791 0.3753299 0.9238796 0.5132801 0.7681781 -0.3826826 0.2126073 0.3181893 -0.9238797 0.5132803 0.7681783 0.382682 0.212607 0.318189 0.9238799 0.7681783 0.5132803 -0.382682 0.318189 0.212607 -0.9238799 0.7681781 0.5132801 0.3826826 0.3181893 0.2126073 0.9238797 0.9061278 0.1802401 -0.3826825 0.3753299 0.07465791 -0.9238796 0.9061287 0.1802406 0.3826802 0.3753287 0.07465767 0.9238802 0.9061287 -0.1802406 -0.3826802 0.3753287 -0.07465767 -0.9238802 0.9061278 -0.1802401 0.3826825 0.3753299 -0.07465791 0.9238796 0.7681781 -0.5132801 -0.3826826 0.3181893 -0.2126073 -0.9238797 0.7681783 -0.5132803 0.382682 0.318189 -0.212607 0.9238799 0.5132803 -0.7681783 -0.382682 0.212607 -0.318189 -0.9238799 0.5132801 -0.7681781 0.3826826 0.2126073 -0.3181893 0.9238797 0.1802401 -0.9061278 -0.3826825 0.07465791 -0.3753299 -0.9238796 0.1802406 -0.9061287 0.3826802 0.07465767 -0.3753287 0.9238802 -0.1802406 -0.9061287 -0.3826802 -0.07465767 -0.3753287 -0.9238802 -0.1802401 -0.9061278 0.3826825 -0.07465791 -0.3753299 0.9238796 -0.5132801 -0.7681781 -0.3826826 -0.2126073 -0.3181893 -0.9238797 -0.5132803 -0.7681783 0.382682 -0.212607 -0.318189 0.9238799 -0.7681783 -0.5132803 -0.382682 -0.318189 -0.212607 -0.9238799 -0.7681781 -0.5132801 0.3826826 -0.3181893 -0.2126073 0.9238797 -0.9061278 -0.1802401 -0.3826825 -0.3753299 -0.07465791 -0.9238796 -0.9061287 -0.1802406 0.3826802 -0.3753287 -0.07465767 0.9238802 -0.9061287 0.1802406 -0.3826802 -0.3753287 0.07465767 -0.9238802 -0.9061278 0.1802401 0.3826825 -0.3753299 0.07465791 0.9238796 -0.7681781 0.5132801 -0.3826826 -0.3181893 0.2126073 -0.9238797 -0.7681783 0.5132803 0.382682 -0.318189 0.212607 0.9238799 -0.5132803 0.7681783 -0.382682 -0.212607 0.318189 -0.9238799 -0.5132801 0.7681781 0.3826826 -0.2126073 0.3181893 0.9238797 -0.1802401 0.9061278 -0.3826825 -0.07465791 0.3753299 -0.9238796 -0.1802406 0.9061287 0.3826802 -0.07465767 0.3753287 0.9238802 0 0 -1 0.1950904 0.9807853 0 -0.1950904 0.9807853 0 0 0 1 0.5555702 0.8314696 0 0.8314696 0.5555702 0 0.9807853 0.1950904 0 0.9807853 -0.1950904 0 0.8314696 -0.5555702 0 0.5555702 -0.8314696 0 0.1950904 -0.9807853 0 -0.1950904 -0.9807853 0 -0.5555702 -0.8314696 0 -0.8314696 -0.5555702 0 -0.9807853 -0.1950904 0 -0.9807853 0.1950904 0 -0.8314696 0.5555702 0 -0.5555702 0.8314696 0 0.1802401 0.9061278 -0.3826825 0.07465773 0.37533 -0.9238797 0.1802406 0.9061287 0.3826802 0.07465749 0.3753287 0.9238802 0.5132802 0.7681783 -0.382682 0.212607 0.3181889 -0.9238799 0.51328 0.7681782 0.3826826 0.2126073 0.3181893 0.9238797 0.7681782 0.51328 -0.3826826 0.3181893 0.2126073 -0.9238797 0.7681783 0.5132802 0.382682 0.3181889 0.212607 0.9238799 0.9061287 0.1802406 -0.3826802 0.3753287 0.07465749 -0.9238802 0.9061278 0.1802401 0.3826825 0.37533 0.07465773 0.9238797 0.9061278 -0.1802401 -0.3826825 0.37533 -0.07465773 -0.9238797 0.9061287 -0.1802406 0.3826802 0.3753287 -0.07465749 0.9238802 0.7681783 -0.5132802 -0.382682 0.3181889 -0.212607 -0.9238799 0.7681782 -0.51328 0.3826826 0.3181893 -0.2126073 0.9238797 0.51328 -0.7681782 -0.3826826 0.2126073 -0.3181893 -0.9238797 0.5132802 -0.7681783 0.382682 0.212607 -0.3181889 0.9238799 0.1802406 -0.9061287 -0.3826802 0.07465749 -0.3753287 -0.9238802 0.1802401 -0.9061278 0.3826825 0.07465773 -0.37533 0.9238797 -0.1802401 -0.9061278 -0.3826825 -0.07465773 -0.37533 -0.9238797 -0.1802406 -0.9061287 0.3826802 -0.07465749 -0.3753287 0.9238802 -0.5132802 -0.7681783 -0.382682 -0.212607 -0.3181889 -0.9238799 -0.51328 -0.7681782 0.3826826 -0.2126073 -0.3181893 0.9238797 -0.7681782 -0.51328 -0.3826826 -0.3181893 -0.2126073 -0.9238797 -0.7681783 -0.5132802 0.382682 -0.3181889 -0.212607 0.9238799 -0.9061287 -0.1802406 -0.3826802 -0.3753287 -0.07465749 -0.9238802 -0.9061278 -0.1802401 0.3826825 -0.37533 -0.07465773 0.9238797 -0.9061278 0.1802401 -0.3826825 -0.37533 0.07465773 -0.9238797 -0.9061287 0.1802406 0.3826802 -0.3753287 0.07465749 0.9238802 -0.7681783 0.5132802 -0.382682 -0.3181889 0.212607 -0.9238799 -0.7681782 0.51328 0.3826826 -0.3181893 0.2126073 0.9238797 -0.51328 0.7681782 -0.3826826 -0.2126073 0.3181893 -0.9238797 -0.5132802 0.7681783 0.382682 -0.212607 0.3181889 0.9238799 -0.1802406 0.9061287 -0.3826802 -0.07465749 0.3753287 -0.9238802 -0.1802401 0.9061278 0.3826825 -0.07465773 0.37533 0.9238797 0 0 -1 0 0 -1 0 0 -1 0 0 -1 0 0 -1 0 0 -1 0 0 -1 0 0 -1 0 0 -1 0 0 -1 0 0 -1 0 0 -1 0 0 -1 0.1950904 0.9807853 0 -0.1950904 0.9807853 0 0 0 1 0 0 1 0 0 1 0 0 1 0 0 1 0 0 1 0 0 1 0 0 1 0 0 1 0 0 1 0 0 1 0 0 1 0 0 1 0.5555702 0.8314696 0 0.8314696 0.5555702 0 0.9807853 0.1950904 0 0.9807853 -0.1950904 0 0.8314696 -0.5555702 0 0.5555702 -0.8314696 0 0.1950904 -0.9807853 0 -0.1950904 -0.9807853 0 -0.5555702 -0.8314696 0 -0.8314696 -0.5555702 0 -0.9807853 -0.1950904 0 -0.9807853 0.1950904 0 -0.8314696 0.5555702 0 -0.5555702 0.8314696 0</float_array>
          <technique_common>
            <accessor source="#ericrolph_cannon_car_wash_carriage_Truck_Rear_L_mesh-mesh-normals-array" count="188" stride="3">
              <param name="X" type="float"/>
              <param name="Y" type="float"/>
              <param name="Z" type="float"/>
            </accessor>
          </technique_common>
        </source>
        <source id="ericrolph_cannon_car_wash_carriage_Truck_Rear_L_mesh-mesh-map-0">
          <float_array id="ericrolph_cannon_car_wash_carriage_Truck_Rear_L_mesh-mesh-map-0-array" count="1128">1 0.54 0.9375001 0.5 0.9994257 0.5 0.8417798 0.471576 0.7499998 0.4749414 0.7500001 0.4898321 1 0.96 0.9375 1 0.9375001 0.9599999 0.25 0.4898321 0.3360813 0.4578188 0.3417798 0.471576 0.8750001 0.5400001 0.9375001 0.5 0.9375001 0.54 0.8417798 0.471576 0.9090577 0.4090576 0.8360816 0.4578188 0.9375001 0.9599999 0.875 1 0.8750001 0.96 0.3417798 0.471576 0.4090576 0.4090576 0.4195869 0.4195869 0.8125 0.54 0.8750001 0.5 0.8750001 0.5400001 0.971576 0.3417798 0.9090577 0.4090576 0.919587 0.419587 0.8750001 0.96 0.8125 1 0.8125 0.96 0.471576 0.3417798 0.4090576 0.4090576 0.4578188 0.3360814 0.75 0.54 0.8125 0.5 0.8125 0.54 0.9898321 0.25 0.9578188 0.3360813 0.971576 0.3417798 0.75 0.9599999 0.8125 1 0.75 1 0.471576 0.3417798 0.4749414 0.25 0.4898321 0.25 0.75 0.54 0.6875 0.5 0.7500001 0.5 0.971576 0.1582202 0.9749414 0.25 0.9898321 0.25 0.75 0.9599999 0.6875 1 0.6875 0.9599998 0.4898321 0.25 0.4578188 0.1639187 0.471576 0.1582202 0.625 0.5400001 0.6875 0.5 0.6875 0.54 0.971576 0.1582202 0.9090576 0.09094238 0.9578188 0.1639186 0.6875 0.9599998 0.625 1 0.625 0.96 0.471576 0.1582202 0.4090575 0.09094238 0.419587 0.08041304 0.5625 0.5400001 0.625 0.5 0.625 0.5400001 0.8417798 0.02842402 0.9090576 0.09094238 0.9195869 0.08041304 0.625 0.96 0.5625 1 0.5625 0.9599999 0.3417798 0.02842402 0.4090575 0.09094238 0.3360814 0.04218119 0.5 0.5400001 0.5625 0.5 0.5625 0.5400001 0.75 0.01016783 0.8360815 0.04218119 0.8417798 0.02842402 0.5 0.96 0.5625 1 0.5 1 0.3417798 0.02842402 0.25 0.02505856 0.25 0.01016783 0.5 0.5400001 0.4375 0.5 0.5 0.5 0.6582202 0.02842402 0.7499999 0.02505856 0.75 0.01016783 0.5 0.96 0.4375 1 0.4375 0.96 0.25 0.01016783 0.1639186 0.04218119 0.1582202 0.02842402 0.375 0.5400001 0.4375 0.5 0.4375 0.54 0.6582202 0.02842402 0.5909423 0.09094238 0.6639189 0.04218119 0.4375 0.96 0.375 1 0.375 0.96 0.1582202 0.02842402 0.09094244 0.09094244 0.08041304 0.08041304 0.3125 0.54 0.3750001 0.5 0.375 0.5400001 0.528424 0.1582202 0.5909423 0.09094238 0.5804131 0.08041304 0.375 0.96 0.3125 1 0.3125 0.9599999 0.02842402 0.1582202 0.09094244 0.09094244 0.04218119 0.1639186 0.25 0.54 0.3125 0.5 0.3125 0.54 0.5101678 0.25 0.5421812 0.1639186 0.528424 0.1582202 0.25 0.9599999 0.3125 1 0.25 1 0.02842402 0.1582202 0.02505856 0.25 0.01016783 0.25 0.25 0.54 0.1875 0.5 0.25 0.5 0.5284241 0.3417798 0.5250586 0.25 0.5101678 0.25 0.25 0.9599999 0.1875 1 0.1875 0.9599999 0.01016783 0.25 0.04218119 0.3360813 0.02842396 0.3417798 0.125 0.5400001 0.1875 0.5 0.1875 0.54 0.5284241 0.3417798 0.5909425 0.4090577 0.5421813 0.3360814 0.1875 0.9599999 0.125 1 0.125 0.96 0.02842396 0.3417798 0.09094244 0.4090576 0.08041304 0.419587 0.0625 0.54 0.125 0.5 0.125 0.5400001 0.6582202 0.471576 0.5909425 0.4090577 0.5804131 0.4195869 0.125 0.96 0.0625 1 0.0625 0.96 0.1582202 0.471576 0.09094244 0.4090576 0.1639186 0.4578188 0 0.5400001 0.06249994 0.5 0.0625 0.54 0.7500001 0.4898321 0.6639186 0.4578188 0.6582202 0.471576 0 0.96 0.0625 1 5.74283e-4 1 0.1582202 0.471576 0.25 0.4749414 0.25 0.4898321 0.8360815 0.04218119 0.5421812 0.1639186 0.6639186 0.4578188 1 0.96 0.9375001 0.54 1 0.54 0.0625 0.96 0 0.5400001 0.0625 0.54 0.4749414 0.25 0.4090576 0.4090576 0.09094244 0.09094244 0.9375001 0.9599999 0.8750001 0.5400001 0.9375001 0.54 0.8750001 0.96 0.8125 0.54 0.8750001 0.5400001 0.8125 0.96 0.75 0.54 0.8125 0.54 0.75 0.9599999 0.6875 0.54 0.75 0.54 0.6875 0.9599998 0.625 0.5400001 0.6875 0.54 0.625 0.96 0.5625 0.5400001 0.625 0.5400001 0.5625 0.9599999 0.5 0.5400001 0.5625 0.5400001 0.5 0.96 0.4375 0.54 0.5 0.5400001 0.4375 0.96 0.375 0.5400001 0.4375 0.54 0.375 0.96 0.3125 0.54 0.375 0.5400001 0.3125 0.9599999 0.25 0.54 0.3125 0.54 0.25 0.9599999 0.1875 0.54 0.25 0.54 0.1875 0.9599999 0.125 0.5400001 0.1875 0.54 0.125 0.96 0.0625 0.54 0.125 0.5400001 1 0.54 0.9375001 0.54 0.9375001 0.5 0.8417798 0.471576 0.8360816 0.4578188 0.7499998 0.4749414 1 0.96 0.9994257 1 0.9375 1 0.25 0.4898321 0.25 0.4749414 0.3360813 0.4578188 0.8750001 0.5400001 0.8750001 0.5 0.9375001 0.5 0.8417798 0.471576 0.919587 0.419587 0.9090577 0.4090576 0.9375001 0.9599999 0.9375 1 0.875 1 0.3417798 0.471576 0.3360813 0.4578188 0.4090576 0.4090576 0.8125 0.54 0.8125 0.5 0.8750001 0.5 0.971576 0.3417798 0.9578188 0.3360813 0.9090577 0.4090576 0.8750001 0.96 0.875 1 0.8125 1 0.471576 0.3417798 0.4195869 0.4195869 0.4090576 0.4090576 0.75 0.54 0.7500001 0.5 0.8125 0.5 0.9898321 0.25 0.9749414 0.25 0.9578188 0.3360813 0.75 0.9599999 0.8125 0.96 0.8125 1 0.471576 0.3417798 0.4578188 0.3360814 0.4749414 0.25 0.75 0.54 0.6875 0.54 0.6875 0.5 0.971576 0.1582202 0.9578188 0.1639186 0.9749414 0.25 0.75 0.9599999 0.75 1 0.6875 1 0.4898321 0.25 0.4749414 0.25 0.4578188 0.1639187 0.625 0.5400001 0.625 0.5 0.6875 0.5 0.971576 0.1582202 0.9195869 0.08041304 0.9090576 0.09094238 0.6875 0.9599998 0.6875 1 0.625 1 0.471576 0.1582202 0.4578188 0.1639187 0.4090575 0.09094238 0.5625 0.5400001 0.5625 0.5 0.625 0.5 0.8417798 0.02842402 0.8360815 0.04218119 0.9090576 0.09094238 0.625 0.96 0.625 1 0.5625 1 0.3417798 0.02842402 0.419587 0.08041304 0.4090575 0.09094238 0.5 0.5400001 0.5 0.5 0.5625 0.5 0.75 0.01016783 0.7499999 0.02505856 0.8360815 0.04218119 0.5 0.96 0.5625 0.9599999 0.5625 1 0.3417798 0.02842402 0.3360814 0.04218119 0.25 0.02505856 0.5 0.5400001 0.4375 0.54 0.4375 0.5 0.6582202 0.02842402 0.6639189 0.04218119 0.7499999 0.02505856 0.5 0.96 0.5 1 0.4375 1 0.25 0.01016783 0.25 0.02505856 0.1639186 0.04218119 0.375 0.5400001 0.3750001 0.5 0.4375 0.5 0.6582202 0.02842402 0.5804131 0.08041304 0.5909423 0.09094238 0.4375 0.96 0.4375 1 0.375 1 0.1582202 0.02842402 0.1639186 0.04218119 0.09094244 0.09094244 0.3125 0.54 0.3125 0.5 0.3750001 0.5 0.528424 0.1582202 0.5421812 0.1639186 0.5909423 0.09094238 0.375 0.96 0.375 1 0.3125 1 0.02842402 0.1582202 0.08041304 0.08041304 0.09094244 0.09094244 0.25 0.54 0.25 0.5 0.3125 0.5 0.5101678 0.25 0.5250586 0.25 0.5421812 0.1639186 0.25 0.9599999 0.3125 0.9599999 0.3125 1 0.02842402 0.1582202 0.04218119 0.1639186 0.02505856 0.25 0.25 0.54 0.1875 0.54 0.1875 0.5 0.5284241 0.3417798 0.5421813 0.3360814 0.5250586 0.25 0.25 0.9599999 0.25 1 0.1875 1 0.01016783 0.25 0.02505856 0.25 0.04218119 0.3360813 0.125 0.5400001 0.125 0.5 0.1875 0.5 0.5284241 0.3417798 0.5804131 0.4195869 0.5909425 0.4090577 0.1875 0.9599999 0.1875 1 0.125 1 0.02842396 0.3417798 0.04218119 0.3360813 0.09094244 0.4090576 0.0625 0.54 0.06249994 0.5 0.125 0.5 0.6582202 0.471576 0.6639186 0.4578188 0.5909425 0.4090577 0.125 0.96 0.125 1 0.0625 1 0.1582202 0.471576 0.08041304 0.419587 0.09094244 0.4090576 0 0.5400001 5.74281e-4 0.5 0.06249994 0.5 0.7500001 0.4898321 0.7499998 0.4749414 0.6639186 0.4578188 0 0.96 0.0625 0.96 0.0625 1 0.1582202 0.471576 0.1639186 0.4578188 0.25 0.4749414 0.6639186 0.4578188 0.7499998 0.4749414 0.8360816 0.4578188 0.8360816 0.4578188 0.9090577 0.4090576 0.9578188 0.3360813 0.9578188 0.3360813 0.9749414 0.25 0.9578188 0.1639186 0.9578188 0.1639186 0.9090576 0.09094238 0.8360815 0.04218119 0.8360815 0.04218119 0.7499999 0.02505856 0.6639189 0.04218119 0.6639189 0.04218119 0.5909423 0.09094238 0.5421812 0.1639186 0.5421812 0.1639186 0.5250586 0.25 0.5421813 0.3360814 0.5421813 0.3360814 0.5909425 0.4090577 0.6639186 0.4578188 0.6639186 0.4578188 0.8360816 0.4578188 0.9578188 0.3360813 0.9578188 0.3360813 0.9578188 0.1639186 0.8360815 0.04218119 0.8360815 0.04218119 0.6639189 0.04218119 0.5421812 0.1639186 0.5421812 0.1639186 0.5421813 0.3360814 0.6639186 0.4578188 0.6639186 0.4578188 0.9578188 0.3360813 0.8360815 0.04218119 1 0.96 0.9375001 0.9599999 0.9375001 0.54 0.0625 0.96 0 0.96 0 0.5400001 0.4090576 0.4090576 0.3360813 0.4578188 0.25 0.4749414 0.25 0.4749414 0.1639186 0.4578188 0.09094244 0.4090576 0.09094244 0.4090576 0.04218119 0.3360813 0.02505856 0.25 0.02505856 0.25 0.04218119 0.1639186 0.09094244 0.09094244 0.09094244 0.09094244 0.1639186 0.04218119 0.25 0.02505856 0.25 0.02505856 0.3360814 0.04218119 0.4090575 0.09094238 0.4090575 0.09094238 0.4578188 0.1639187 0.4749414 0.25 0.4749414 0.25 0.4578188 0.3360814 0.4090576 0.4090576 0.4090576 0.4090576 0.25 0.4749414 0.09094244 0.4090576 0.09094244 0.4090576 0.02505856 0.25 0.4090576 0.4090576 0.02505856 0.25 0.09094244 0.09094244 0.4090576 0.4090576 0.09094244 0.09094244 0.25 0.02505856 0.4090575 0.09094238 0.4090575 0.09094238 0.4749414 0.25 0.09094244 0.09094244 0.9375001 0.9599999 0.8750001 0.96 0.8750001 0.5400001 0.8750001 0.96 0.8125 0.96 0.8125 0.54 0.8125 0.96 0.75 0.9599999 0.75 0.54 0.75 0.9599999 0.6875 0.9599998 0.6875 0.54 0.6875 0.9599998 0.625 0.96 0.625 0.5400001 0.625 0.96 0.5625 0.9599999 0.5625 0.5400001 0.5625 0.9599999 0.5 0.96 0.5 0.5400001 0.5 0.96 0.4375 0.96 0.4375 0.54 0.4375 0.96 0.375 0.96 0.375 0.5400001 0.375 0.96 0.3125 0.9599999 0.3125 0.54 0.3125 0.9599999 0.25 0.9599999 0.25 0.54 0.25 0.9599999 0.1875 0.9599999 0.1875 0.54 0.1875 0.9599999 0.125 0.96 0.125 0.5400001 0.125 0.96 0.0625 0.96 0.0625 0.54</float_array>
          <technique_common>
            <accessor source="#ericrolph_cannon_car_wash_carriage_Truck_Rear_L_mesh-mesh-map-0-array" count="564" stride="2">
              <param name="S" type="float"/>
              <param name="T" type="float"/>
            </accessor>
          </technique_common>
        </source>
        <vertices id="ericrolph_cannon_car_wash_carriage_Truck_Rear_L_mesh-mesh-vertices">
          <input semantic="POSITION" source="#ericrolph_cannon_car_wash_carriage_Truck_Rear_L_mesh-mesh-positions"/>
        </vertices>
        <triangles material="ericrolph_cannon_car_wash_carriage_oak-material" count="188">
          <input semantic="VERTEX" source="#ericrolph_cannon_car_wash_carriage_Truck_Rear_L_mesh-mesh-vertices" offset="0"/>
          <input semantic="NORMAL" source="#ericrolph_cannon_car_wash_carriage_Truck_Rear_L_mesh-mesh-normals" offset="1"/>
          <input semantic="TEXCOORD" source="#ericrolph_cannon_car_wash_carriage_Truck_Rear_L_mesh-mesh-map-0" offset="2" set="0"/>
          <p>1 0 0 8 0 1 2 0 2 8 1 3 0 1 4 2 1 5 4 2 6 11 2 7 10 2 8 5 3 9 9 3 10 11 3 11 13 4 12 8 4 13 7 4 14 8 5 15 12 5 16 6 5 17 10 6 18 17 6 19 16 6 20 11 7 21 15 7 22 17 7 23 19 8 24 14 8 25 13 8 26 20 9 27 12 9 28 14 9 29 16 10 30 23 10 31 22 10 32 23 11 33 15 11 34 21 11 35 25 12 36 20 12 37 19 12 38 26 13 39 18 13 40 20 13 41 28 14 42 23 14 43 29 14 44 23 15 45 27 15 46 29 15 47 25 16 48 32 16 49 26 16 50 32 17 51 24 17 52 26 17 53 28 18 54 35 18 55 34 18 56 29 19 57 33 19 58 35 19 59 37 20 60 32 20 61 31 20 62 32 21 63 36 21 64 30 21 65 34 22 66 41 22 67 40 22 68 35 23 69 39 23 70 41 23 71 43 24 72 38 24 73 37 24 74 44 25 75 36 25 76 38 25 77 40 26 78 47 26 79 46 26 80 47 27 81 39 27 82 45 27 83 49 28 84 44 28 85 43 28 86 50 29 87 42 29 88 44 29 89 52 30 90 47 30 91 53 30 92 47 31 93 51 31 94 53 31 95 49 32 96 56 32 97 50 32 98 56 33 99 48 33 100 50 33 101 52 34 102 59 34 103 58 34 104 53 35 105 57 35 106 59 35 107 61 36 108 56 36 109 55 36 110 56 37 111 60 37 112 54 37 113 58 38 114 65 38 115 64 38 116 59 39 117 63 39 118 65 39 119 67 40 120 62 40 121 61 40 122 68 41 123 60 41 124 62 41 125 64 42 126 71 42 127 70 42 128 71 43 129 63 43 130 69 43 131 73 44 132 68 44 133 67 44 134 74 45 135 66 45 136 68 45 137 76 46 138 71 46 139 77 46 140 71 47 141 75 47 142 77 47 143 73 48 144 80 48 145 74 48 146 80 49 147 72 49 148 74 49 149 76 50 150 83 50 151 82 50 152 77 51 153 81 51 154 83 51 155 85 52 156 80 52 157 79 52 158 80 53 159 84 53 160 78 53 161 82 54 162 89 54 163 88 54 164 83 55 165 87 55 166 89 55 167 91 56 168 86 56 169 85 56 170 92 57 171 84 57 172 86 57 173 88 58 174 95 58 175 94 58 176 95 59 177 87 59 178 93 59 179 1 60 180 92 60 181 91 60 182 2 61 183 90 61 184 92 61 185 4 62 186 95 62 187 5 62 188 95 63 189 3 63 190 5 63 191 42 64 192 66 64 193 90 64 194 4 65 195 7 65 196 1 65 197 94 66 198 1 66 199 91 66 200 27 67 201 15 67 202 63 67 203 10 68 204 13 68 205 7 68 206 16 69 207 19 69 208 13 69 209 22 70 210 25 70 211 19 70 212 28 71 213 31 71 214 25 71 215 34 72 216 37 72 217 31 72 218 40 73 219 43 73 220 37 73 221 46 74 222 49 74 223 43 74 224 52 75 225 55 75 226 49 75 227 58 76 228 61 76 229 55 76 230 64 77 231 67 77 232 61 77 233 70 78 234 73 78 235 67 78 236 76 79 237 79 79 238 73 79 239 82 80 240 85 80 241 79 80 242 88 81 243 91 81 244 85 81 245 1 82 246 7 82 247 8 82 248 8 83 249 6 83 250 0 83 251 4 84 252 5 84 253 11 84 254 5 85 255 3 85 256 9 85 257 13 86 258 14 86 259 8 86 260 8 87 261 14 87 262 12 87 263 10 88 264 11 88 265 17 88 266 11 89 267 9 89 268 15 89 269 19 90 270 20 90 271 14 90 272 20 91 273 18 91 274 12 91 275 16 92 276 17 92 277 23 92 278 23 93 279 17 93 280 15 93 281 25 94 282 26 94 283 20 94 284 26 95 285 24 95 286 18 95 287 28 96 288 22 96 289 23 96 290 23 97 291 21 97 292 27 97 293 25 98 294 31 98 295 32 98 296 32 99 297 30 99 298 24 99 299 28 100 300 29 100 301 35 100 302 29 101 303 27 101 304 33 101 305 37 102 306 38 102 307 32 102 308 32 103 309 38 103 310 36 103 311 34 104 312 35 104 313 41 104 314 35 105 315 33 105 316 39 105 317 43 106 318 44 106 319 38 106 320 44 107 321 42 107 322 36 107 323 40 108 324 41 108 325 47 108 326 47 109 327 41 109 328 39 109 329 49 110 330 50 110 331 44 110 332 50 111 333 48 111 334 42 111 335 52 112 336 46 112 337 47 112 338 47 113 339 45 113 340 51 113 341 49 114 342 55 114 343 56 114 344 56 115 345 54 115 346 48 115 347 52 116 348 53 116 349 59 116 350 53 117 351 51 117 352 57 117 353 61 118 354 62 118 355 56 118 356 56 119 357 62 119 358 60 119 359 58 120 360 59 120 361 65 120 362 59 121 363 57 121 364 63 121 365 67 122 366 68 122 367 62 122 368 68 123 369 66 123 370 60 123 371 64 124 372 65 124 373 71 124 374 71 125 375 65 125 376 63 125 377 73 126 378 74 126 379 68 126 380 74 127 381 72 127 382 66 127 383 76 128 384 70 128 385 71 128 386 71 129 387 69 129 388 75 129 389 73 130 390 79 130 391 80 130 392 80 131 393 78 131 394 72 131 395 76 132 396 77 132 397 83 132 398 77 133 399 75 133 400 81 133 401 85 134 402 86 134 403 80 134 404 80 135 405 86 135 406 84 135 407 82 136 408 83 136 409 89 136 410 83 137 411 81 137 412 87 137 413 91 138 414 92 138 415 86 138 416 92 139 417 90 139 418 84 139 419 88 140 420 89 140 421 95 140 422 95 141 423 89 141 424 87 141 425 1 142 426 2 142 427 92 142 428 2 143 429 0 143 430 90 143 431 4 144 432 94 144 433 95 144 434 95 145 435 93 145 436 3 145 437 90 146 438 0 146 439 6 146 440 6 147 441 12 147 442 18 147 443 18 148 444 24 148 445 30 148 446 30 149 447 36 149 448 42 149 449 42 150 450 48 150 451 54 150 452 54 151 453 60 151 454 66 151 455 66 152 456 72 152 457 78 152 458 78 153 459 84 153 460 90 153 461 90 154 462 6 154 463 18 154 464 18 155 465 30 155 466 42 155 467 42 156 468 54 156 469 66 156 470 66 157 471 78 157 472 90 157 473 90 158 474 18 158 475 42 158 476 4 159 477 10 159 478 7 159 479 94 160 480 4 160 481 1 160 482 15 161 483 9 161 484 3 161 485 3 162 486 93 162 487 87 162 488 87 163 489 81 163 490 75 163 491 75 164 492 69 164 493 63 164 494 63 165 495 57 165 496 51 165 497 51 166 498 45 166 499 39 166 500 39 167 501 33 167 502 27 167 503 27 168 504 21 168 505 15 168 506 15 169 507 3 169 508 87 169 509 87 170 510 75 170 511 15 170 512 75 171 513 63 171 514 15 171 515 63 172 516 51 172 517 39 172 518 39 173 519 27 173 520 63 173 521 10 174 522 16 174 523 13 174 524 16 175 525 22 175 526 19 175 527 22 176 528 28 176 529 25 176 530 28 177 531 34 177 532 31 177 533 34 178 534 40 178 535 37 178 536 40 179 537 46 179 538 43 179 539 46 180 540 52 180 541 49 180 542 52 181 543 58 181 544 55 181 545 58 182 546 64 182 547 61 182 548 64 183 549 70 183 550 67 183 551 70 184 552 76 184 553 73 184 554 76 185 555 82 185 556 79 185 557 82 186 558 88 186 559 85 186 560 88 187 561 94 187 562 91 187 563</p>
        </triangles>
      </mesh>
    </geometry>
    <geometry id="ericrolph_cannon_car_wash_carriage_Truck_Rear_R_mesh-mesh" name="ericrolph_cannon_car_wash_carriage_Truck_Rear_R_mesh">
      <mesh>
        <source id="ericrolph_cannon_car_wash_carriage_Truck_Rear_R_mesh-mesh-positions">
          <float_array id="ericrolph_cannon_car_wash_carriage_Truck_Rear_R_mesh-mesh-positions-array" count="288">0 0.0609216 -0.02499997 0 0.06499999 -0.02099996 0 0.06380546 -0.02382838 0 0.0609216 0.02499997 0 0.06499999 0.02099996 0 0.06380546 0.02382838 0.0233137 0.05628424 -0.02499997 0.02487438 0.06005215 -0.02099996 0.02441728 0.05894851 -0.02382838 0.0233137 0.05628424 0.02499997 0.02487438 0.06005215 0.02099996 0.02441728 0.05894851 0.02382838 0.04307806 0.04307806 -0.02499997 0.04596191 0.04596191 -0.02099996 0.04511725 0.04511725 -0.02382838 0.04307806 0.04307806 0.02499997 0.04596191 0.04596191 0.02099996 0.04511725 0.04511725 0.02382838 0.05628424 0.0233137 -0.02499997 0.06005215 0.02487438 -0.02099996 0.05894851 0.02441728 -0.02382838 0.05628424 0.0233137 0.02499997 0.06005215 0.02487438 0.02099996 0.05894851 0.02441728 0.02382838 0.0609216 0 -0.02499997 0.06499999 0 -0.02099996 0.06380546 0 -0.02382838 0.0609216 0 0.02499997 0.06499999 0 0.02099996 0.06380546 0 0.02382838 0.05628424 -0.0233137 -0.02499997 0.06005215 -0.02487438 -0.02099996 0.05894851 -0.02441728 -0.02382838 0.05628424 -0.0233137 0.02499997 0.06005215 -0.02487438 0.02099996 0.05894851 -0.02441728 0.02382838 0.04307806 -0.04307806 -0.02499997 0.04596191 -0.04596191 -0.02099996 0.04511725 -0.04511725 -0.02382838 0.04307806 -0.04307806 0.02499997 0.04596191 -0.04596191 0.02099996 0.04511725 -0.04511725 0.02382838 0.0233137 -0.05628424 -0.02499997 0.02487438 -0.06005215 -0.02099996 0.02441728 -0.05894851 -0.02382838 0.0233137 -0.05628424 0.02499997 0.02487438 -0.06005215 0.02099996 0.02441728 -0.05894851 0.02382838 0 -0.0609216 -0.02499997 0 -0.06499999 -0.02099996 0 -0.06380546 -0.02382838 0 -0.0609216 0.02499997 0 -0.06499999 0.02099996 0 -0.06380546 0.02382838 -0.0233137 -0.05628424 -0.02499997 -0.02487438 -0.06005215 -0.02099996 -0.02441728 -0.05894851 -0.02382838 -0.0233137 -0.05628424 0.02499997 -0.02487438 -0.06005215 0.02099996 -0.02441728 -0.05894851 0.02382838 -0.04307806 -0.04307806 -0.02499997 -0.04596191 -0.04596191 -0.02099996 -0.04511725 -0.04511725 -0.02382838 -0.04307806 -0.04307806 0.02499997 -0.04596191 -0.04596191 0.02099996 -0.04511725 -0.04511725 0.02382838 -0.05628424 -0.0233137 -0.02499997 -0.06005215 -0.02487438 -0.02099996 -0.05894851 -0.02441728 -0.02382838 -0.05628424 -0.0233137 0.02499997 -0.06005215 -0.02487438 0.02099996 -0.05894851 -0.02441728 0.02382838 -0.0609216 0 -0.02499997 -0.06499999 0 -0.02099996 -0.06380546 0 -0.02382838 -0.0609216 0 0.02499997 -0.06499999 0 0.02099996 -0.06380546 0 0.02382838 -0.05628424 0.0233137 -0.02499997 -0.06005215 0.02487438 -0.02099996 -0.05894851 0.02441728 -0.02382838 -0.05628424 0.0233137 0.02499997 -0.06005215 0.02487438 0.02099996 -0.05894851 0.02441728 0.02382838 -0.04307806 0.04307806 -0.02499997 -0.04596191 0.04596191 -0.02099996 -0.04511725 0.04511725 -0.02382838 -0.04307806 0.04307806 0.02499997 -0.04596191 0.04596191 0.02099996 -0.04511725 0.04511725 0.02382838 -0.0233137 0.05628424 -0.02499997 -0.02487438 0.06005215 -0.02099996 -0.02441728 0.05894851 -0.02382838 -0.0233137 0.05628424 0.02499997 -0.02487438 0.06005215 0.02099996 -0.02441728 0.05894851 0.02382838</float_array>
          <technique_common>
            <accessor source="#ericrolph_cannon_car_wash_carriage_Truck_Rear_R_mesh-mesh-positions-array" count="96" stride="3">
              <param name="X" type="float"/>
              <param name="Y" type="float"/>
              <param name="Z" type="float"/>
            </accessor>
          </technique_common>
        </source>
        <source id="ericrolph_cannon_car_wash_carriage_Truck_Rear_R_mesh-mesh-normals">
          <float_array id="ericrolph_cannon_car_wash_carriage_Truck_Rear_R_mesh-mesh-normals-array" count="564">0.1802406 0.9061287 -0.3826802 0.07465767 0.3753287 -0.9238802 0.1802401 0.9061278 0.3826825 0.07465791 0.3753299 0.9238796 0.5132801 0.7681781 -0.3826826 0.2126073 0.3181893 -0.9238797 0.5132803 0.7681783 0.382682 0.212607 0.318189 0.9238799 0.7681783 0.5132803 -0.382682 0.318189 0.212607 -0.9238799 0.7681781 0.5132801 0.3826826 0.3181893 0.2126073 0.9238797 0.9061278 0.1802401 -0.3826825 0.3753299 0.07465791 -0.9238796 0.9061287 0.1802406 0.3826802 0.3753287 0.07465767 0.9238802 0.9061287 -0.1802406 -0.3826802 0.3753287 -0.07465767 -0.9238802 0.9061278 -0.1802401 0.3826825 0.3753299 -0.07465791 0.9238796 0.7681781 -0.5132801 -0.3826826 0.3181893 -0.2126073 -0.9238797 0.7681783 -0.5132803 0.382682 0.318189 -0.212607 0.9238799 0.5132803 -0.7681783 -0.382682 0.212607 -0.318189 -0.9238799 0.5132801 -0.7681781 0.3826826 0.2126073 -0.3181893 0.9238797 0.1802401 -0.9061278 -0.3826825 0.07465791 -0.3753299 -0.9238796 0.1802406 -0.9061287 0.3826802 0.07465767 -0.3753287 0.9238802 -0.1802406 -0.9061287 -0.3826802 -0.07465767 -0.3753287 -0.9238802 -0.1802401 -0.9061278 0.3826825 -0.07465791 -0.3753299 0.9238796 -0.5132801 -0.7681781 -0.3826826 -0.2126073 -0.3181893 -0.9238797 -0.5132803 -0.7681783 0.382682 -0.212607 -0.318189 0.9238799 -0.7681783 -0.5132803 -0.382682 -0.318189 -0.212607 -0.9238799 -0.7681781 -0.5132801 0.3826826 -0.3181893 -0.2126073 0.9238797 -0.9061278 -0.1802401 -0.3826825 -0.3753299 -0.07465791 -0.9238796 -0.9061287 -0.1802406 0.3826802 -0.3753287 -0.07465767 0.9238802 -0.9061287 0.1802406 -0.3826802 -0.3753287 0.07465767 -0.9238802 -0.9061278 0.1802401 0.3826825 -0.3753299 0.07465791 0.9238796 -0.7681781 0.5132801 -0.3826826 -0.3181893 0.2126073 -0.9238797 -0.7681783 0.5132803 0.382682 -0.318189 0.212607 0.9238799 -0.5132803 0.7681783 -0.382682 -0.212607 0.318189 -0.9238799 -0.5132801 0.7681781 0.3826826 -0.2126073 0.3181893 0.9238797 -0.1802401 0.9061278 -0.3826825 -0.07465791 0.3753299 -0.9238796 -0.1802406 0.9061287 0.3826802 -0.07465767 0.3753287 0.9238802 0 0 -1 0.1950904 0.9807853 0 -0.1950904 0.9807853 0 0 0 1 0.5555702 0.8314696 0 0.8314696 0.5555702 0 0.9807853 0.1950904 0 0.9807853 -0.1950904 0 0.8314696 -0.5555702 0 0.5555702 -0.8314696 0 0.1950904 -0.9807853 0 -0.1950904 -0.9807853 0 -0.5555702 -0.8314696 0 -0.8314696 -0.5555702 0 -0.9807853 -0.1950904 0 -0.9807853 0.1950904 0 -0.8314696 0.5555702 0 -0.5555702 0.8314696 0 0.1802401 0.9061278 -0.3826825 0.07465773 0.37533 -0.9238797 0.1802406 0.9061287 0.3826802 0.07465749 0.3753287 0.9238802 0.5132802 0.7681783 -0.382682 0.212607 0.3181889 -0.9238799 0.51328 0.7681782 0.3826826 0.2126073 0.3181893 0.9238797 0.7681782 0.51328 -0.3826826 0.3181893 0.2126073 -0.9238797 0.7681783 0.5132802 0.382682 0.3181889 0.212607 0.9238799 0.9061287 0.1802406 -0.3826802 0.3753287 0.07465749 -0.9238802 0.9061278 0.1802401 0.3826825 0.37533 0.07465773 0.9238797 0.9061278 -0.1802401 -0.3826825 0.37533 -0.07465773 -0.9238797 0.9061287 -0.1802406 0.3826802 0.3753287 -0.07465749 0.9238802 0.7681783 -0.5132802 -0.382682 0.3181889 -0.212607 -0.9238799 0.7681782 -0.51328 0.3826826 0.3181893 -0.2126073 0.9238797 0.51328 -0.7681782 -0.3826826 0.2126073 -0.3181893 -0.9238797 0.5132802 -0.7681783 0.382682 0.212607 -0.3181889 0.9238799 0.1802406 -0.9061287 -0.3826802 0.07465749 -0.3753287 -0.9238802 0.1802401 -0.9061278 0.3826825 0.07465773 -0.37533 0.9238797 -0.1802401 -0.9061278 -0.3826825 -0.07465773 -0.37533 -0.9238797 -0.1802406 -0.9061287 0.3826802 -0.07465749 -0.3753287 0.9238802 -0.5132802 -0.7681783 -0.382682 -0.212607 -0.3181889 -0.9238799 -0.51328 -0.7681782 0.3826826 -0.2126073 -0.3181893 0.9238797 -0.7681782 -0.51328 -0.3826826 -0.3181893 -0.2126073 -0.9238797 -0.7681783 -0.5132802 0.382682 -0.3181889 -0.212607 0.9238799 -0.9061287 -0.1802406 -0.3826802 -0.3753287 -0.07465749 -0.9238802 -0.9061278 -0.1802401 0.3826825 -0.37533 -0.07465773 0.9238797 -0.9061278 0.1802401 -0.3826825 -0.37533 0.07465773 -0.9238797 -0.9061287 0.1802406 0.3826802 -0.3753287 0.07465749 0.9238802 -0.7681783 0.5132802 -0.382682 -0.3181889 0.212607 -0.9238799 -0.7681782 0.51328 0.3826826 -0.3181893 0.2126073 0.9238797 -0.51328 0.7681782 -0.3826826 -0.2126073 0.3181893 -0.9238797 -0.5132802 0.7681783 0.382682 -0.212607 0.3181889 0.9238799 -0.1802406 0.9061287 -0.3826802 -0.07465749 0.3753287 -0.9238802 -0.1802401 0.9061278 0.3826825 -0.07465773 0.37533 0.9238797 0 0 -1 0 0 -1 0 0 -1 0 0 -1 0 0 -1 0 0 -1 0 0 -1 0 0 -1 0 0 -1 0 0 -1 0 0 -1 0 0 -1 0 0 -1 0.1950904 0.9807853 0 -0.1950904 0.9807853 0 0 0 1 0 0 1 0 0 1 0 0 1 0 0 1 0 0 1 0 0 1 0 0 1 0 0 1 0 0 1 0 0 1 0 0 1 0 0 1 0.5555702 0.8314696 0 0.8314696 0.5555702 0 0.9807853 0.1950904 0 0.9807853 -0.1950904 0 0.8314696 -0.5555702 0 0.5555702 -0.8314696 0 0.1950904 -0.9807853 0 -0.1950904 -0.9807853 0 -0.5555702 -0.8314696 0 -0.8314696 -0.5555702 0 -0.9807853 -0.1950904 0 -0.9807853 0.1950904 0 -0.8314696 0.5555702 0 -0.5555702 0.8314696 0</float_array>
          <technique_common>
            <accessor source="#ericrolph_cannon_car_wash_carriage_Truck_Rear_R_mesh-mesh-normals-array" count="188" stride="3">
              <param name="X" type="float"/>
              <param name="Y" type="float"/>
              <param name="Z" type="float"/>
            </accessor>
          </technique_common>
        </source>
        <source id="ericrolph_cannon_car_wash_carriage_Truck_Rear_R_mesh-mesh-map-0">
          <float_array id="ericrolph_cannon_car_wash_carriage_Truck_Rear_R_mesh-mesh-map-0-array" count="1128">1 0.54 0.9375001 0.5 0.9994257 0.5 0.8417798 0.471576 0.7499998 0.4749413 0.7500001 0.4898321 1 0.96 0.9375 1 0.9375 0.96 0.25 0.4898321 0.3360813 0.4578188 0.3417798 0.471576 0.8750001 0.5400001 0.9375001 0.5 0.9375001 0.54 0.8417798 0.471576 0.9090576 0.4090575 0.8360817 0.4578188 0.9375 0.96 0.875 1 0.8750001 0.96 0.3417798 0.471576 0.4090576 0.4090576 0.4195869 0.4195869 0.8125 0.54 0.8750001 0.5 0.8750001 0.5400001 0.971576 0.3417798 0.9090576 0.4090575 0.919587 0.419587 0.8750001 0.96 0.8125 1 0.8125 0.9599998 0.471576 0.3417798 0.4090576 0.4090576 0.4578188 0.3360814 0.75 0.54 0.8125 0.5 0.8125 0.54 0.9898321 0.25 0.9578188 0.3360813 0.971576 0.3417798 0.75 0.9599999 0.8125 1 0.75 1 0.471576 0.3417798 0.4749414 0.25 0.4898321 0.25 0.75 0.54 0.6875 0.5 0.7500001 0.5 0.971576 0.1582202 0.9749413 0.25 0.9898321 0.25 0.75 0.9599999 0.6875 1 0.6875 0.9599999 0.4898321 0.25 0.4578188 0.1639186 0.471576 0.1582202 0.625 0.5400001 0.6875 0.5 0.6875 0.54 0.971576 0.1582202 0.9090576 0.09094238 0.9578188 0.1639187 0.6875 0.9599999 0.625 1 0.625 0.96 0.471576 0.1582202 0.4090576 0.09094244 0.419587 0.08041304 0.5625 0.54 0.625 0.5 0.625 0.5400001 0.8417798 0.02842402 0.9090576 0.09094238 0.9195869 0.08041304 0.625 0.96 0.5625 1 0.5625 0.96 0.3417798 0.02842402 0.4090576 0.09094244 0.3360813 0.04218119 0.5 0.5400001 0.5625 0.5 0.5625 0.54 0.75 0.01016783 0.8360815 0.04218119 0.8417798 0.02842402 0.5 0.96 0.5625 1 0.5 1 0.3417798 0.02842402 0.25 0.02505856 0.25 0.01016783 0.5 0.5400001 0.4375 0.5 0.5 0.5 0.6582202 0.02842402 0.75 0.02505856 0.75 0.01016783 0.5 0.96 0.4375 1 0.4375 0.96 0.25 0.01016783 0.1639186 0.04218119 0.1582202 0.02842402 0.375 0.5400001 0.4375 0.5 0.4375 0.54 0.6582202 0.02842402 0.5909424 0.09094238 0.6639187 0.04218119 0.4375 0.96 0.375 1 0.375 0.96 0.1582202 0.02842402 0.09094244 0.09094244 0.08041304 0.08041304 0.3125 0.54 0.3750001 0.5 0.375 0.5400001 0.528424 0.1582202 0.5909424 0.09094238 0.5804131 0.08041304 0.375 0.96 0.3125 1 0.3125 0.96 0.02842402 0.1582202 0.09094244 0.09094244 0.04218119 0.1639186 0.25 0.54 0.3125 0.5 0.3125 0.54 0.5101678 0.25 0.5421812 0.1639186 0.528424 0.1582202 0.25 0.9599999 0.3125 1 0.25 1 0.02842402 0.1582202 0.02505856 0.25 0.01016783 0.25 0.25 0.54 0.1875 0.5 0.25 0.5 0.5284241 0.3417798 0.5250586 0.25 0.5101678 0.25 0.25 0.9599999 0.1875 1 0.1875 0.9599998 0.01016783 0.25 0.04218119 0.3360813 0.02842396 0.3417798 0.125 0.5400001 0.1875 0.5 0.1875 0.54 0.5284241 0.3417798 0.5909424 0.4090576 0.5421813 0.3360814 0.1875 0.9599998 0.125 1 0.125 0.96 0.02842396 0.3417798 0.09094238 0.4090575 0.08041304 0.419587 0.0625 0.5400001 0.125 0.5 0.125 0.5400001 0.6582202 0.471576 0.5909424 0.4090576 0.5804131 0.4195869 0.125 0.96 0.0625 1 0.0625 0.9599999 0.1582202 0.471576 0.09094238 0.4090575 0.1639187 0.4578188 0 0.5400001 0.06249994 0.5 0.0625 0.5400001 0.7500001 0.4898321 0.6639186 0.4578188 0.6582202 0.471576 0 0.96 0.0625 1 5.74283e-4 1 0.1582202 0.471576 0.25 0.4749413 0.25 0.4898321 0.8360815 0.04218119 0.5421812 0.1639186 0.6639186 0.4578188 1 0.96 0.9375001 0.54 1 0.54 0.0625 0.9599999 0 0.5400001 0.0625 0.5400001 0.4749414 0.25 0.4090576 0.4090576 0.09094244 0.09094244 0.9375 0.96 0.8750001 0.5400001 0.9375001 0.54 0.8750001 0.96 0.8125 0.54 0.8750001 0.5400001 0.8125 0.9599998 0.75 0.54 0.8125 0.54 0.75 0.9599999 0.6875 0.54 0.75 0.54 0.6875 0.9599999 0.625 0.5400001 0.6875 0.54 0.625 0.96 0.5625 0.54 0.625 0.5400001 0.5625 0.96 0.5 0.5400001 0.5625 0.54 0.5 0.96 0.4375 0.54 0.5 0.5400001 0.4375 0.96 0.375 0.5400001 0.4375 0.54 0.375 0.96 0.3125 0.54 0.375 0.5400001 0.3125 0.96 0.25 0.54 0.3125 0.54 0.25 0.9599999 0.1875 0.54 0.25 0.54 0.1875 0.9599998 0.125 0.5400001 0.1875 0.54 0.125 0.96 0.0625 0.5400001 0.125 0.5400001 1 0.54 0.9375001 0.54 0.9375001 0.5 0.8417798 0.471576 0.8360817 0.4578188 0.7499998 0.4749413 1 0.96 0.9994257 1 0.9375 1 0.25 0.4898321 0.25 0.4749413 0.3360813 0.4578188 0.8750001 0.5400001 0.8750001 0.5 0.9375001 0.5 0.8417798 0.471576 0.919587 0.419587 0.9090576 0.4090575 0.9375 0.96 0.9375 1 0.875 1 0.3417798 0.471576 0.3360813 0.4578188 0.4090576 0.4090576 0.8125 0.54 0.8125 0.5 0.8750001 0.5 0.971576 0.3417798 0.9578188 0.3360813 0.9090576 0.4090575 0.8750001 0.96 0.875 1 0.8125 1 0.471576 0.3417798 0.4195869 0.4195869 0.4090576 0.4090576 0.75 0.54 0.7500001 0.5 0.8125 0.5 0.9898321 0.25 0.9749413 0.25 0.9578188 0.3360813 0.75 0.9599999 0.8125 0.9599998 0.8125 1 0.471576 0.3417798 0.4578188 0.3360814 0.4749414 0.25 0.75 0.54 0.6875 0.54 0.6875 0.5 0.971576 0.1582202 0.9578188 0.1639187 0.9749413 0.25 0.75 0.9599999 0.75 1 0.6875 1 0.4898321 0.25 0.4749414 0.25 0.4578188 0.1639186 0.625 0.5400001 0.625 0.5 0.6875 0.5 0.971576 0.1582202 0.9195869 0.08041304 0.9090576 0.09094238 0.6875 0.9599999 0.6875 1 0.625 1 0.471576 0.1582202 0.4578188 0.1639186 0.4090576 0.09094244 0.5625 0.54 0.5625 0.5 0.625 0.5 0.8417798 0.02842402 0.8360815 0.04218119 0.9090576 0.09094238 0.625 0.96 0.625 1 0.5625 1 0.3417798 0.02842402 0.419587 0.08041304 0.4090576 0.09094244 0.5 0.5400001 0.5 0.5 0.5625 0.5 0.75 0.01016783 0.75 0.02505856 0.8360815 0.04218119 0.5 0.96 0.5625 0.96 0.5625 1 0.3417798 0.02842402 0.3360813 0.04218119 0.25 0.02505856 0.5 0.5400001 0.4375 0.54 0.4375 0.5 0.6582202 0.02842402 0.6639187 0.04218119 0.75 0.02505856 0.5 0.96 0.5 1 0.4375 1 0.25 0.01016783 0.25 0.02505856 0.1639186 0.04218119 0.375 0.5400001 0.3750001 0.5 0.4375 0.5 0.6582202 0.02842402 0.5804131 0.08041304 0.5909424 0.09094238 0.4375 0.96 0.4375 1 0.375 1 0.1582202 0.02842402 0.1639186 0.04218119 0.09094244 0.09094244 0.3125 0.54 0.3125 0.5 0.3750001 0.5 0.528424 0.1582202 0.5421812 0.1639186 0.5909424 0.09094238 0.375 0.96 0.375 1 0.3125 1 0.02842402 0.1582202 0.08041304 0.08041304 0.09094244 0.09094244 0.25 0.54 0.25 0.5 0.3125 0.5 0.5101678 0.25 0.5250586 0.25 0.5421812 0.1639186 0.25 0.9599999 0.3125 0.96 0.3125 1 0.02842402 0.1582202 0.04218119 0.1639186 0.02505856 0.25 0.25 0.54 0.1875 0.54 0.1875 0.5 0.5284241 0.3417798 0.5421813 0.3360814 0.5250586 0.25 0.25 0.9599999 0.25 1 0.1875 1 0.01016783 0.25 0.02505856 0.25 0.04218119 0.3360813 0.125 0.5400001 0.125 0.5 0.1875 0.5 0.5284241 0.3417798 0.5804131 0.4195869 0.5909424 0.4090576 0.1875 0.9599998 0.1875 1 0.125 1 0.02842396 0.3417798 0.04218119 0.3360813 0.09094238 0.4090575 0.0625 0.5400001 0.06249994 0.5 0.125 0.5 0.6582202 0.471576 0.6639186 0.4578188 0.5909424 0.4090576 0.125 0.96 0.125 1 0.0625 1 0.1582202 0.471576 0.08041304 0.419587 0.09094238 0.4090575 0 0.5400001 5.74281e-4 0.5 0.06249994 0.5 0.7500001 0.4898321 0.7499998 0.4749413 0.6639186 0.4578188 0 0.96 0.0625 0.9599999 0.0625 1 0.1582202 0.471576 0.1639187 0.4578188 0.25 0.4749413 0.6639186 0.4578188 0.7499998 0.4749413 0.8360817 0.4578188 0.8360817 0.4578188 0.9090576 0.4090575 0.9578188 0.3360813 0.9578188 0.3360813 0.9749413 0.25 0.9578188 0.1639187 0.9578188 0.1639187 0.9090576 0.09094238 0.8360815 0.04218119 0.8360815 0.04218119 0.75 0.02505856 0.6639187 0.04218119 0.6639187 0.04218119 0.5909424 0.09094238 0.5421812 0.1639186 0.5421812 0.1639186 0.5250586 0.25 0.5421813 0.3360814 0.5421813 0.3360814 0.5909424 0.4090576 0.6639186 0.4578188 0.6639186 0.4578188 0.8360817 0.4578188 0.9578188 0.3360813 0.9578188 0.3360813 0.9578188 0.1639187 0.8360815 0.04218119 0.8360815 0.04218119 0.6639187 0.04218119 0.5421812 0.1639186 0.5421812 0.1639186 0.5421813 0.3360814 0.6639186 0.4578188 0.6639186 0.4578188 0.9578188 0.3360813 0.8360815 0.04218119 1 0.96 0.9375 0.96 0.9375001 0.54 0.0625 0.9599999 0 0.96 0 0.5400001 0.4090576 0.4090576 0.3360813 0.4578188 0.25 0.4749413 0.25 0.4749413 0.1639187 0.4578188 0.09094238 0.4090575 0.09094238 0.4090575 0.04218119 0.3360813 0.02505856 0.25 0.02505856 0.25 0.04218119 0.1639186 0.09094244 0.09094244 0.09094244 0.09094244 0.1639186 0.04218119 0.25 0.02505856 0.25 0.02505856 0.3360813 0.04218119 0.4090576 0.09094244 0.4090576 0.09094244 0.4578188 0.1639186 0.4749414 0.25 0.4749414 0.25 0.4578188 0.3360814 0.4090576 0.4090576 0.4090576 0.4090576 0.25 0.4749413 0.09094238 0.4090575 0.09094238 0.4090575 0.02505856 0.25 0.4090576 0.4090576 0.02505856 0.25 0.09094244 0.09094244 0.4090576 0.4090576 0.09094244 0.09094244 0.25 0.02505856 0.4090576 0.09094244 0.4090576 0.09094244 0.4749414 0.25 0.09094244 0.09094244 0.9375 0.96 0.8750001 0.96 0.8750001 0.5400001 0.8750001 0.96 0.8125 0.9599998 0.8125 0.54 0.8125 0.9599998 0.75 0.9599999 0.75 0.54 0.75 0.9599999 0.6875 0.9599999 0.6875 0.54 0.6875 0.9599999 0.625 0.96 0.625 0.5400001 0.625 0.96 0.5625 0.96 0.5625 0.54 0.5625 0.96 0.5 0.96 0.5 0.5400001 0.5 0.96 0.4375 0.96 0.4375 0.54 0.4375 0.96 0.375 0.96 0.375 0.5400001 0.375 0.96 0.3125 0.96 0.3125 0.54 0.3125 0.96 0.25 0.9599999 0.25 0.54 0.25 0.9599999 0.1875 0.9599998 0.1875 0.54 0.1875 0.9599998 0.125 0.96 0.125 0.5400001 0.125 0.96 0.0625 0.9599999 0.0625 0.5400001</float_array>
          <technique_common>
            <accessor source="#ericrolph_cannon_car_wash_carriage_Truck_Rear_R_mesh-mesh-map-0-array" count="564" stride="2">
              <param name="S" type="float"/>
              <param name="T" type="float"/>
            </accessor>
          </technique_common>
        </source>
        <vertices id="ericrolph_cannon_car_wash_carriage_Truck_Rear_R_mesh-mesh-vertices">
          <input semantic="POSITION" source="#ericrolph_cannon_car_wash_carriage_Truck_Rear_R_mesh-mesh-positions"/>
        </vertices>
        <triangles material="ericrolph_cannon_car_wash_carriage_oak-material" count="188">
          <input semantic="VERTEX" source="#ericrolph_cannon_car_wash_carriage_Truck_Rear_R_mesh-mesh-vertices" offset="0"/>
          <input semantic="NORMAL" source="#ericrolph_cannon_car_wash_carriage_Truck_Rear_R_mesh-mesh-normals" offset="1"/>
          <input semantic="TEXCOORD" source="#ericrolph_cannon_car_wash_carriage_Truck_Rear_R_mesh-mesh-map-0" offset="2" set="0"/>
          <p>1 0 0 8 0 1 2 0 2 8 1 3 0 1 4 2 1 5 4 2 6 11 2 7 10 2 8 5 3 9 9 3 10 11 3 11 13 4 12 8 4 13 7 4 14 8 5 15 12 5 16 6 5 17 10 6 18 17 6 19 16 6 20 11 7 21 15 7 22 17 7 23 19 8 24 14 8 25 13 8 26 20 9 27 12 9 28 14 9 29 16 10 30 23 10 31 22 10 32 23 11 33 15 11 34 21 11 35 25 12 36 20 12 37 19 12 38 26 13 39 18 13 40 20 13 41 28 14 42 23 14 43 29 14 44 23 15 45 27 15 46 29 15 47 25 16 48 32 16 49 26 16 50 32 17 51 24 17 52 26 17 53 28 18 54 35 18 55 34 18 56 29 19 57 33 19 58 35 19 59 37 20 60 32 20 61 31 20 62 32 21 63 36 21 64 30 21 65 34 22 66 41 22 67 40 22 68 35 23 69 39 23 70 41 23 71 43 24 72 38 24 73 37 24 74 44 25 75 36 25 76 38 25 77 40 26 78 47 26 79 46 26 80 47 27 81 39 27 82 45 27 83 49 28 84 44 28 85 43 28 86 50 29 87 42 29 88 44 29 89 52 30 90 47 30 91 53 30 92 47 31 93 51 31 94 53 31 95 49 32 96 56 32 97 50 32 98 56 33 99 48 33 100 50 33 101 52 34 102 59 34 103 58 34 104 53 35 105 57 35 106 59 35 107 61 36 108 56 36 109 55 36 110 56 37 111 60 37 112 54 37 113 58 38 114 65 38 115 64 38 116 59 39 117 63 39 118 65 39 119 67 40 120 62 40 121 61 40 122 68 41 123 60 41 124 62 41 125 64 42 126 71 42 127 70 42 128 71 43 129 63 43 130 69 43 131 73 44 132 68 44 133 67 44 134 74 45 135 66 45 136 68 45 137 76 46 138 71 46 139 77 46 140 71 47 141 75 47 142 77 47 143 73 48 144 80 48 145 74 48 146 80 49 147 72 49 148 74 49 149 76 50 150 83 50 151 82 50 152 77 51 153 81 51 154 83 51 155 85 52 156 80 52 157 79 52 158 80 53 159 84 53 160 78 53 161 82 54 162 89 54 163 88 54 164 83 55 165 87 55 166 89 55 167 91 56 168 86 56 169 85 56 170 92 57 171 84 57 172 86 57 173 88 58 174 95 58 175 94 58 176 95 59 177 87 59 178 93 59 179 1 60 180 92 60 181 91 60 182 2 61 183 90 61 184 92 61 185 4 62 186 95 62 187 5 62 188 95 63 189 3 63 190 5 63 191 42 64 192 66 64 193 90 64 194 4 65 195 7 65 196 1 65 197 94 66 198 1 66 199 91 66 200 27 67 201 15 67 202 63 67 203 10 68 204 13 68 205 7 68 206 16 69 207 19 69 208 13 69 209 22 70 210 25 70 211 19 70 212 28 71 213 31 71 214 25 71 215 34 72 216 37 72 217 31 72 218 40 73 219 43 73 220 37 73 221 46 74 222 49 74 223 43 74 224 52 75 225 55 75 226 49 75 227 58 76 228 61 76 229 55 76 230 64 77 231 67 77 232 61 77 233 70 78 234 73 78 235 67 78 236 76 79 237 79 79 238 73 79 239 82 80 240 85 80 241 79 80 242 88 81 243 91 81 244 85 81 245 1 82 246 7 82 247 8 82 248 8 83 249 6 83 250 0 83 251 4 84 252 5 84 253 11 84 254 5 85 255 3 85 256 9 85 257 13 86 258 14 86 259 8 86 260 8 87 261 14 87 262 12 87 263 10 88 264 11 88 265 17 88 266 11 89 267 9 89 268 15 89 269 19 90 270 20 90 271 14 90 272 20 91 273 18 91 274 12 91 275 16 92 276 17 92 277 23 92 278 23 93 279 17 93 280 15 93 281 25 94 282 26 94 283 20 94 284 26 95 285 24 95 286 18 95 287 28 96 288 22 96 289 23 96 290 23 97 291 21 97 292 27 97 293 25 98 294 31 98 295 32 98 296 32 99 297 30 99 298 24 99 299 28 100 300 29 100 301 35 100 302 29 101 303 27 101 304 33 101 305 37 102 306 38 102 307 32 102 308 32 103 309 38 103 310 36 103 311 34 104 312 35 104 313 41 104 314 35 105 315 33 105 316 39 105 317 43 106 318 44 106 319 38 106 320 44 107 321 42 107 322 36 107 323 40 108 324 41 108 325 47 108 326 47 109 327 41 109 328 39 109 329 49 110 330 50 110 331 44 110 332 50 111 333 48 111 334 42 111 335 52 112 336 46 112 337 47 112 338 47 113 339 45 113 340 51 113 341 49 114 342 55 114 343 56 114 344 56 115 345 54 115 346 48 115 347 52 116 348 53 116 349 59 116 350 53 117 351 51 117 352 57 117 353 61 118 354 62 118 355 56 118 356 56 119 357 62 119 358 60 119 359 58 120 360 59 120 361 65 120 362 59 121 363 57 121 364 63 121 365 67 122 366 68 122 367 62 122 368 68 123 369 66 123 370 60 123 371 64 124 372 65 124 373 71 124 374 71 125 375 65 125 376 63 125 377 73 126 378 74 126 379 68 126 380 74 127 381 72 127 382 66 127 383 76 128 384 70 128 385 71 128 386 71 129 387 69 129 388 75 129 389 73 130 390 79 130 391 80 130 392 80 131 393 78 131 394 72 131 395 76 132 396 77 132 397 83 132 398 77 133 399 75 133 400 81 133 401 85 134 402 86 134 403 80 134 404 80 135 405 86 135 406 84 135 407 82 136 408 83 136 409 89 136 410 83 137 411 81 137 412 87 137 413 91 138 414 92 138 415 86 138 416 92 139 417 90 139 418 84 139 419 88 140 420 89 140 421 95 140 422 95 141 423 89 141 424 87 141 425 1 142 426 2 142 427 92 142 428 2 143 429 0 143 430 90 143 431 4 144 432 94 144 433 95 144 434 95 145 435 93 145 436 3 145 437 90 146 438 0 146 439 6 146 440 6 147 441 12 147 442 18 147 443 18 148 444 24 148 445 30 148 446 30 149 447 36 149 448 42 149 449 42 150 450 48 150 451 54 150 452 54 151 453 60 151 454 66 151 455 66 152 456 72 152 457 78 152 458 78 153 459 84 153 460 90 153 461 90 154 462 6 154 463 18 154 464 18 155 465 30 155 466 42 155 467 42 156 468 54 156 469 66 156 470 66 157 471 78 157 472 90 157 473 90 158 474 18 158 475 42 158 476 4 159 477 10 159 478 7 159 479 94 160 480 4 160 481 1 160 482 15 161 483 9 161 484 3 161 485 3 162 486 93 162 487 87 162 488 87 163 489 81 163 490 75 163 491 75 164 492 69 164 493 63 164 494 63 165 495 57 165 496 51 165 497 51 166 498 45 166 499 39 166 500 39 167 501 33 167 502 27 167 503 27 168 504 21 168 505 15 168 506 15 169 507 3 169 508 87 169 509 87 170 510 75 170 511 15 170 512 75 171 513 63 171 514 15 171 515 63 172 516 51 172 517 39 172 518 39 173 519 27 173 520 63 173 521 10 174 522 16 174 523 13 174 524 16 175 525 22 175 526 19 175 527 22 176 528 28 176 529 25 176 530 28 177 531 34 177 532 31 177 533 34 178 534 40 178 535 37 178 536 40 179 537 46 179 538 43 179 539 46 180 540 52 180 541 49 180 542 52 181 543 58 181 544 55 181 545 58 182 546 64 182 547 61 182 548 64 183 549 70 183 550 67 183 551 70 184 552 76 184 553 73 184 554 76 185 555 82 185 556 79 185 557 82 186 558 88 186 559 85 186 560 88 187 561 94 187 562 91 187 563</p>
        </triangles>
      </mesh>
    </geometry>
  </library_geometries>
  <library_visual_scenes>
    <visual_scene id="ericrolph_cannon_car_wash_scene" name="ericrolph_cannon_car_wash_scene">
      <node id="ericrolph_cannon_car_wash_carriage_Axletree_Front" name="ericrolph_cannon_car_wash_carriage_Axletree_Front" type="NODE">
        <matrix sid="transform">1 0 0 0 0 1 0 0.16 0 0 1 -0.2 0 0 0 1</matrix>
        <instance_geometry url="#ericrolph_cannon_car_wash_carriage_Axletree_Front_mesh-mesh" name="ericrolph_cannon_car_wash_carriage_Axletree_Front">
          <bind_material>
            <technique_common>
              <instance_material symbol="ericrolph_cannon_car_wash_carriage_oak-material" target="#ericrolph_cannon_car_wash_carriage_oak-material">
                <bind_vertex_input semantic="UVMap" input_semantic="TEXCOORD" input_set="0"/>
              </instance_material>
            </technique_common>
          </bind_material>
        </instance_geometry>
      </node>
      <node id="ericrolph_cannon_car_wash_carriage_Axletree_Rear" name="ericrolph_cannon_car_wash_carriage_Axletree_Rear" type="NODE">
        <matrix sid="transform">1 0 0 0 0 1 0 -0.13 0 0 1 -0.2 0 0 0 1</matrix>
        <instance_geometry url="#ericrolph_cannon_car_wash_carriage_Axletree_Rear_mesh-mesh" name="ericrolph_cannon_car_wash_carriage_Axletree_Rear">
          <bind_material>
            <technique_common>
              <instance_material symbol="ericrolph_cannon_car_wash_carriage_oak-material" target="#ericrolph_cannon_car_wash_carriage_oak-material">
                <bind_vertex_input semantic="UVMap" input_semantic="TEXCOORD" input_set="0"/>
              </instance_material>
            </technique_common>
          </bind_material>
        </instance_geometry>
      </node>
      <node id="ericrolph_cannon_car_wash_carriage_Bed" name="ericrolph_cannon_car_wash_carriage_Bed" type="NODE">
        <matrix sid="transform">1 0 0 0 0 1 0 0.055 0 0 1 -0.155 0 0 0 1</matrix>
        <instance_geometry url="#ericrolph_cannon_car_wash_carriage_Bed_mesh-mesh" name="ericrolph_cannon_car_wash_carriage_Bed">
          <bind_material>
            <technique_common>
              <instance_material symbol="ericrolph_cannon_car_wash_carriage_oak-material" target="#ericrolph_cannon_car_wash_carriage_oak-material">
                <bind_vertex_input semantic="UVMap" input_semantic="TEXCOORD" input_set="0"/>
              </instance_material>
            </technique_common>
          </bind_material>
        </instance_geometry>
      </node>
      <node id="ericrolph_cannon_car_wash_carriage_CapSquare_L" name="ericrolph_cannon_car_wash_carriage_CapSquare_L" type="NODE">
        <matrix sid="transform">1 0 0 -0.105 0 1 0 -0.1 0 0 1 0.012 0 0 0 1</matrix>
        <instance_geometry url="#ericrolph_cannon_car_wash_carriage_CapSquare_L_mesh-mesh" name="ericrolph_cannon_car_wash_carriage_CapSquare_L">
          <bind_material>
            <technique_common>
              <instance_material symbol="ericrolph_cannon_car_wash_attract_iron-material" target="#ericrolph_cannon_car_wash_attract_iron-material">
                <bind_vertex_input semantic="UVMap" input_semantic="TEXCOORD" input_set="0"/>
              </instance_material>
            </technique_common>
          </bind_material>
        </instance_geometry>
      </node>
      <node id="ericrolph_cannon_car_wash_carriage_CapSquare_R" name="ericrolph_cannon_car_wash_carriage_CapSquare_R" type="NODE">
        <matrix sid="transform">1 0 0 0.105 0 1 0 -0.1 0 0 1 0.012 0 0 0 1</matrix>
        <instance_geometry url="#ericrolph_cannon_car_wash_carriage_CapSquare_R_mesh-mesh" name="ericrolph_cannon_car_wash_carriage_CapSquare_R">
          <bind_material>
            <technique_common>
              <instance_material symbol="ericrolph_cannon_car_wash_attract_iron-material" target="#ericrolph_cannon_car_wash_attract_iron-material">
                <bind_vertex_input semantic="UVMap" input_semantic="TEXCOORD" input_set="0"/>
              </instance_material>
            </technique_common>
          </bind_material>
        </instance_geometry>
      </node>
      <node id="ericrolph_cannon_car_wash_carriage_Cheek_L_Step1" name="ericrolph_cannon_car_wash_carriage_Cheek_L_Step1" type="NODE">
        <matrix sid="transform">1 0 0 -0.105 0 1 0 0.02 0 0 1 -0.035 0 0 0 1</matrix>
        <instance_geometry url="#ericrolph_cannon_car_wash_carriage_Cheek_L_Step1_mesh-mesh" name="ericrolph_cannon_car_wash_carriage_Cheek_L_Step1">
          <bind_material>
            <technique_common>
              <instance_material symbol="ericrolph_cannon_car_wash_carriage_oak-material" target="#ericrolph_cannon_car_wash_carriage_oak-material">
                <bind_vertex_input semantic="UVMap" input_semantic="TEXCOORD" input_set="0"/>
              </instance_material>
            </technique_common>
          </bind_material>
        </instance_geometry>
      </node>
      <node id="ericrolph_cannon_car_wash_carriage_Cheek_L_Step2" name="ericrolph_cannon_car_wash_carriage_Cheek_L_Step2" type="NODE">
        <matrix sid="transform">1 0 0 -0.105 0 1 0 0.075 0 0 1 -0.105 0 0 0 1</matrix>
        <instance_geometry url="#ericrolph_cannon_car_wash_carriage_Cheek_L_Step2_mesh-mesh" name="ericrolph_cannon_car_wash_carriage_Cheek_L_Step2">
          <bind_material>
            <technique_common>
              <instance_material symbol="ericrolph_cannon_car_wash_carriage_oak-material" target="#ericrolph_cannon_car_wash_carriage_oak-material">
                <bind_vertex_input semantic="UVMap" input_semantic="TEXCOORD" input_set="0"/>
              </instance_material>
            </technique_common>
          </bind_material>
        </instance_geometry>
      </node>
      <node id="ericrolph_cannon_car_wash_carriage_Cheek_R_Step1" name="ericrolph_cannon_car_wash_carriage_Cheek_R_Step1" type="NODE">
        <matrix sid="transform">1 0 0 0.105 0 1 0 0.02 0 0 1 -0.035 0 0 0 1</matrix>
        <instance_geometry url="#ericrolph_cannon_car_wash_carriage_Cheek_R_Step1_mesh-mesh" name="ericrolph_cannon_car_wash_carriage_Cheek_R_Step1">
          <bind_material>
            <technique_common>
              <instance_material symbol="ericrolph_cannon_car_wash_carriage_oak-material" target="#ericrolph_cannon_car_wash_carriage_oak-material">
                <bind_vertex_input semantic="UVMap" input_semantic="TEXCOORD" input_set="0"/>
              </instance_material>
            </technique_common>
          </bind_material>
        </instance_geometry>
      </node>
      <node id="ericrolph_cannon_car_wash_carriage_Cheek_R_Step2" name="ericrolph_cannon_car_wash_carriage_Cheek_R_Step2" type="NODE">
        <matrix sid="transform">1 0 0 0.105 0 1 0 0.075 0 0 1 -0.105 0 0 0 1</matrix>
        <instance_geometry url="#ericrolph_cannon_car_wash_carriage_Cheek_R_Step2_mesh-mesh" name="ericrolph_cannon_car_wash_carriage_Cheek_R_Step2">
          <bind_material>
            <technique_common>
              <instance_material symbol="ericrolph_cannon_car_wash_carriage_oak-material" target="#ericrolph_cannon_car_wash_carriage_oak-material">
                <bind_vertex_input semantic="UVMap" input_semantic="TEXCOORD" input_set="0"/>
              </instance_material>
            </technique_common>
          </bind_material>
        </instance_geometry>
      </node>
      <node id="ericrolph_cannon_car_wash_carriage_Quoin" name="ericrolph_cannon_car_wash_carriage_Quoin" type="NODE">
        <matrix sid="transform">1 0 0 0 0 1 0 0.135 0 0 1 -0.118 0 0 0 1</matrix>
        <instance_geometry url="#ericrolph_cannon_car_wash_carriage_Quoin_mesh-mesh" name="ericrolph_cannon_car_wash_carriage_Quoin">
          <bind_material>
            <technique_common>
              <instance_material symbol="ericrolph_cannon_car_wash_carriage_oak-material" target="#ericrolph_cannon_car_wash_carriage_oak-material">
                <bind_vertex_input semantic="UVMap" input_semantic="TEXCOORD" input_set="0"/>
              </instance_material>
            </technique_common>
          </bind_material>
        </instance_geometry>
      </node>
      <node id="ericrolph_cannon_car_wash_carriage_QuoinHandle" name="ericrolph_cannon_car_wash_carriage_QuoinHandle" type="NODE">
        <matrix sid="transform">1 0 0 0 0 1 0 0.225 0 0 1 -0.118 0 0 0 1</matrix>
        <instance_geometry url="#ericrolph_cannon_car_wash_carriage_QuoinHandle_mesh-mesh" name="ericrolph_cannon_car_wash_carriage_QuoinHandle">
          <bind_material>
            <technique_common>
              <instance_material symbol="ericrolph_cannon_car_wash_attract_iron-material" target="#ericrolph_cannon_car_wash_attract_iron-material">
                <bind_vertex_input semantic="UVMap" input_semantic="TEXCOORD" input_set="0"/>
              </instance_material>
            </technique_common>
          </bind_material>
        </instance_geometry>
      </node>
      <node id="ericrolph_cannon_car_wash_carriage_Transom" name="ericrolph_cannon_car_wash_carriage_Transom" type="NODE">
        <matrix sid="transform">1 0 0 0 0 1 0 -0.185 0 0 1 -0.1 0 0 0 1</matrix>
        <instance_geometry url="#ericrolph_cannon_car_wash_carriage_Transom_mesh-mesh" name="ericrolph_cannon_car_wash_carriage_Transom">
          <bind_material>
            <technique_common>
              <instance_material symbol="ericrolph_cannon_car_wash_carriage_oak-material" target="#ericrolph_cannon_car_wash_carriage_oak-material">
                <bind_vertex_input semantic="UVMap" input_semantic="TEXCOORD" input_set="0"/>
              </instance_material>
            </technique_common>
          </bind_material>
        </instance_geometry>
      </node>
      <node id="ericrolph_cannon_car_wash_carriage_TruckPin_Front_L" name="ericrolph_cannon_car_wash_carriage_TruckPin_Front_L" type="NODE">
        <matrix sid="transform">-4.37114e-8 0 1 -0.185 0 1 0 0.16 -1 0 -4.37114e-8 -0.235 0 0 0 1</matrix>
        <instance_geometry url="#ericrolph_cannon_car_wash_carriage_TruckPin_Front_L_mesh-mesh" name="ericrolph_cannon_car_wash_carriage_TruckPin_Front_L">
          <bind_material>
            <technique_common>
              <instance_material symbol="ericrolph_cannon_car_wash_attract_iron-material" target="#ericrolph_cannon_car_wash_attract_iron-material">
                <bind_vertex_input semantic="UVMap" input_semantic="TEXCOORD" input_set="0"/>
              </instance_material>
            </technique_common>
          </bind_material>
        </instance_geometry>
      </node>
      <node id="ericrolph_cannon_car_wash_carriage_TruckPin_Front_R" name="ericrolph_cannon_car_wash_carriage_TruckPin_Front_R" type="NODE">
        <matrix sid="transform">-4.37114e-8 0 1 0.185 0 1 0 0.16 -1 0 -4.37114e-8 -0.235 0 0 0 1</matrix>
        <instance_geometry url="#ericrolph_cannon_car_wash_carriage_TruckPin_Front_R_mesh-mesh" name="ericrolph_cannon_car_wash_carriage_TruckPin_Front_R">
          <bind_material>
            <technique_common>
              <instance_material symbol="ericrolph_cannon_car_wash_attract_iron-material" target="#ericrolph_cannon_car_wash_attract_iron-material">
                <bind_vertex_input semantic="UVMap" input_semantic="TEXCOORD" input_set="0"/>
              </instance_material>
            </technique_common>
          </bind_material>
        </instance_geometry>
      </node>
      <node id="ericrolph_cannon_car_wash_carriage_TruckPin_Rear_L" name="ericrolph_cannon_car_wash_carriage_TruckPin_Rear_L" type="NODE">
        <matrix sid="transform">-4.37114e-8 0 1 -0.185 0 1 0 -0.13 -1 0 -4.37114e-8 -0.235 0 0 0 1</matrix>
        <instance_geometry url="#ericrolph_cannon_car_wash_carriage_TruckPin_Rear_L_mesh-mesh" name="ericrolph_cannon_car_wash_carriage_TruckPin_Rear_L">
          <bind_material>
            <technique_common>
              <instance_material symbol="ericrolph_cannon_car_wash_attract_iron-material" target="#ericrolph_cannon_car_wash_attract_iron-material">
                <bind_vertex_input semantic="UVMap" input_semantic="TEXCOORD" input_set="0"/>
              </instance_material>
            </technique_common>
          </bind_material>
        </instance_geometry>
      </node>
      <node id="ericrolph_cannon_car_wash_carriage_TruckPin_Rear_R" name="ericrolph_cannon_car_wash_carriage_TruckPin_Rear_R" type="NODE">
        <matrix sid="transform">-4.37114e-8 0 1 0.185 0 1 0 -0.13 -1 0 -4.37114e-8 -0.235 0 0 0 1</matrix>
        <instance_geometry url="#ericrolph_cannon_car_wash_carriage_TruckPin_Rear_R_mesh-mesh" name="ericrolph_cannon_car_wash_carriage_TruckPin_Rear_R">
          <bind_material>
            <technique_common>
              <instance_material symbol="ericrolph_cannon_car_wash_attract_iron-material" target="#ericrolph_cannon_car_wash_attract_iron-material">
                <bind_vertex_input semantic="UVMap" input_semantic="TEXCOORD" input_set="0"/>
              </instance_material>
            </technique_common>
          </bind_material>
        </instance_geometry>
      </node>
      <node id="ericrolph_cannon_car_wash_carriage_Truck_Front_L" name="ericrolph_cannon_car_wash_carriage_Truck_Front_L" type="NODE">
        <matrix sid="transform">-4.37114e-8 0 1 -0.155 0 1 0 0.16 -1 0 -4.37114e-8 -0.235 0 0 0 1</matrix>
        <instance_geometry url="#ericrolph_cannon_car_wash_carriage_Truck_Front_L_mesh-mesh" name="ericrolph_cannon_car_wash_carriage_Truck_Front_L">
          <bind_material>
            <technique_common>
              <instance_material symbol="ericrolph_cannon_car_wash_carriage_oak-material" target="#ericrolph_cannon_car_wash_carriage_oak-material">
                <bind_vertex_input semantic="UVMap" input_semantic="TEXCOORD" input_set="0"/>
              </instance_material>
            </technique_common>
          </bind_material>
        </instance_geometry>
      </node>
      <node id="ericrolph_cannon_car_wash_carriage_Truck_Front_R" name="ericrolph_cannon_car_wash_carriage_Truck_Front_R" type="NODE">
        <matrix sid="transform">-4.37114e-8 0 1 0.155 0 1 0 0.16 -1 0 -4.37114e-8 -0.235 0 0 0 1</matrix>
        <instance_geometry url="#ericrolph_cannon_car_wash_carriage_Truck_Front_R_mesh-mesh" name="ericrolph_cannon_car_wash_carriage_Truck_Front_R">
          <bind_material>
            <technique_common>
              <instance_material symbol="ericrolph_cannon_car_wash_carriage_oak-material" target="#ericrolph_cannon_car_wash_carriage_oak-material">
                <bind_vertex_input semantic="UVMap" input_semantic="TEXCOORD" input_set="0"/>
              </instance_material>
            </technique_common>
          </bind_material>
        </instance_geometry>
      </node>
      <node id="ericrolph_cannon_car_wash_carriage_Truck_Rear_L" name="ericrolph_cannon_car_wash_carriage_Truck_Rear_L" type="NODE">
        <matrix sid="transform">-4.37114e-8 0 1 -0.155 0 1 0 -0.13 -1 0 -4.37114e-8 -0.235 0 0 0 1</matrix>
        <instance_geometry url="#ericrolph_cannon_car_wash_carriage_Truck_Rear_L_mesh-mesh" name="ericrolph_cannon_car_wash_carriage_Truck_Rear_L">
          <bind_material>
            <technique_common>
              <instance_material symbol="ericrolph_cannon_car_wash_carriage_oak-material" target="#ericrolph_cannon_car_wash_carriage_oak-material">
                <bind_vertex_input semantic="UVMap" input_semantic="TEXCOORD" input_set="0"/>
              </instance_material>
            </technique_common>
          </bind_material>
        </instance_geometry>
      </node>
      <node id="ericrolph_cannon_car_wash_carriage_Truck_Rear_R" name="ericrolph_cannon_car_wash_carriage_Truck_Rear_R" type="NODE">
        <matrix sid="transform">-4.37114e-8 0 1 0.155 0 1 0 -0.13 -1 0 -4.37114e-8 -0.235 0 0 0 1</matrix>
        <instance_geometry url="#ericrolph_cannon_car_wash_carriage_Truck_Rear_R_mesh-mesh" name="ericrolph_cannon_car_wash_carriage_Truck_Rear_R">
          <bind_material>
            <technique_common>
              <instance_material symbol="ericrolph_cannon_car_wash_carriage_oak-material" target="#ericrolph_cannon_car_wash_carriage_oak-material">
                <bind_vertex_input semantic="UVMap" input_semantic="TEXCOORD" input_set="0"/>
              </instance_material>
            </technique_common>
          </bind_material>
        </instance_geometry>
      </node>
    </visual_scene>
  </library_visual_scenes>
  <scene>
    <instance_visual_scene url="#ericrolph_cannon_car_wash_scene"/>
  </scene>
</COLLADA>