<?xml version="1.0" encoding="utf-8"?>
<COLLADA xmlns="http://www.collada.org/2005/11/COLLADASchema" version="1.4.1" xmlns:xsi="http://www.w3.org/2001/XMLSchema-instance">
  <asset>
    <contributor>
      <author>Blender User</author>
      <authoring_tool>Blender 4.5.4 LTS commit date:2025-10-27, commit time:12:46, hash:b3efe983cc58</authoring_tool>
    </contributor>
    <created>2026-08-04T15:45:43</created>
    <modified>2026-08-04T15:45:43</modified>
    <unit name="meter" meter="1"/>
    <up_axis>Z_UP</up_axis>
  </asset>
  <library_effects>
    <effect id="ericrolph_cannon_car_wash_mini_car_paint-effect">
      <profile_COMMON>
        <technique sid="common">
          <lambert>
            <emission>
              <color sid="emission">0 0 0 1</color>
            </emission>
            <diffuse>
              <color sid="diffuse">1 0.22 0.03 1</color>
            </diffuse>
            <reflectivity>
              <float sid="specular">0.35</float>
            </reflectivity>
            <index_of_refraction>
              <float sid="ior">1.5</float>
            </index_of_refraction>
          </lambert>
        </technique>
      </profile_COMMON>
    </effect>
    <effect id="ericrolph_cannon_car_wash_stainless-effect">
      <profile_COMMON>
        <technique sid="common">
          <lambert>
            <emission>
              <color sid="emission">0 0 0 1</color>
            </emission>
            <diffuse>
              <color sid="diffuse">0.42 0.46 0.5 1</color>
            </diffuse>
            <reflectivity>
              <float sid="specular">0.9</float>
            </reflectivity>
            <index_of_refraction>
              <float sid="ior">1.5</float>
            </index_of_refraction>
          </lambert>
        </technique>
      </profile_COMMON>
    </effect>
    <effect id="ericrolph_cannon_car_wash_glass-effect">
      <profile_COMMON>
        <technique sid="common">
          <lambert>
            <emission>
              <color sid="emission">0 0 0 1</color>
            </emission>
            <diffuse>
              <color sid="diffuse">0.03 0.32 0.48 1</color>
            </diffuse>
            <reflectivity>
              <float sid="specular">0.1</float>
            </reflectivity>
            <transparent opaque="A_ONE">
              <color sid="alpha">0 0 0 0.38</color>
            </transparent>
            <index_of_refraction>
              <float sid="ior">1.5</float>
            </index_of_refraction>
          </lambert>
        </technique>
      </profile_COMMON>
    </effect>
    <effect id="ericrolph_cannon_car_wash_mini_wheel-effect">
      <profile_COMMON>
        <technique sid="common">
          <lambert>
            <emission>
              <color sid="emission">0 0 0 1</color>
            </emission>
            <diffuse>
              <color sid="diffuse">0.14 0.14 0.16 1</color>
            </diffuse>
            <index_of_refraction>
              <float sid="ior">1.5</float>
            </index_of_refraction>
          </lambert>
        </technique>
      </profile_COMMON>
    </effect>
  </library_effects>
  <library_images/>
  <library_materials>
    <material id="ericrolph_cannon_car_wash_mini_car_paint-material" name="ericrolph_cannon_car_wash_mini_car_paint">
      <instance_effect url="#ericrolph_cannon_car_wash_mini_car_paint-effect"/>
    </material>
    <material id="ericrolph_cannon_car_wash_stainless-material" name="ericrolph_cannon_car_wash_stainless">
      <instance_effect url="#ericrolph_cannon_car_wash_stainless-effect"/>
    </material>
    <material id="ericrolph_cannon_car_wash_glass-material" name="ericrolph_cannon_car_wash_glass">
      <instance_effect url="#ericrolph_cannon_car_wash_glass-effect"/>
    </material>
    <material id="ericrolph_cannon_car_wash_mini_wheel-material" name="ericrolph_cannon_car_wash_mini_wheel">
      <instance_effect url="#ericrolph_cannon_car_wash_mini_wheel-effect"/>
    </material>
  </library_materials>
  <library_geometries>
    <geometry id="ericrolph_cannon_car_wash_minicar_Body_mesh-mesh" name="ericrolph_cannon_car_wash_minicar_Body_mesh">
      <mesh>
        <source id="ericrolph_cannon_car_wash_minicar_Body_mesh-mesh-positions">
          <float_array id="ericrolph_cannon_car_wash_minicar_Body_mesh-mesh-positions-array" count="168">-0.08799999 -0.03549998 -0.02399998 -0.08799999 -0.04749995 -0.01199996 -0.1 -0.03549998 -0.01199996 -0.08799999 -0.04398524 -0.02048528 -0.0949282 -0.04242819 -0.01892817 -0.09648525 -0.04398524 -0.01199996 -0.09648525 -0.03549998 -0.02048528 -0.08799999 -0.04749995 0.01199996 -0.08799999 -0.03549998 0.02399998 -0.1 -0.03549998 0.01199996 -0.08799999 -0.04398524 0.02048528 -0.0949282 -0.04242819 0.01892817 -0.09648525 -0.03549998 0.02048528 -0.09648525 -0.04398524 0.01199996 -0.08799999 0.03549998 -0.02399998 -0.1 0.03549998 -0.01199996 -0.08799999 0.04749995 -0.01199996 -0.09648525 0.03549998 -0.02048528 -0.0949282 0.04242819 -0.01892817 -0.09648525 0.04398524 -0.01199996 -0.08799999 0.04398524 -0.02048528 -0.08799999 0.03549998 0.02399998 -0.08799999 0.04749995 0.01199996 -0.1 0.03549998 0.01199996 -0.08799999 0.04398524 0.02048528 -0.0949282 0.04242819 0.01892817 -0.09648525 0.04398524 0.01199996 -0.09648525 0.03549998 0.02048528 0.08799999 -0.03549998 -0.02399998 0.1 -0.03549998 -0.01199996 0.08799999 -0.04749995 -0.01199996 0.09648525 -0.03549998 -0.02048528 0.0949282 -0.04242819 -0.01892817 0.09648525 -0.04398524 -0.01199996 0.08799999 -0.04398524 -0.02048528 0.08799999 -0.03549998 0.02399998 0.08799999 -0.04749995 0.01199996 0.1 -0.03549998 0.01199996 0.08799999 -0.04398524 0.02048528 0.0949282 -0.04242819 0.01892817 0.09648525 -0.04398524 0.01199996 0.09648525 -0.03549998 0.02048528 0.08799999 0.03549998 -0.02399998 0.08799999 0.04749995 -0.01199996 0.1 0.03549998 -0.01199996 0.08799999 0.04398524 -0.02048528 0.0949282 0.04242819 -0.01892817 0.09648525 0.04398524 -0.01199996 0.09648525 0.03549998 -0.02048528 0.08799999 0.03549998 0.02399998 0.1 0.03549998 0.01199996 0.08799999 0.04749995 0.01199996 0.09648525 0.03549998 0.02048528 0.0949282 0.04242819 0.01892817 0.09648525 0.04398524 0.01199996 0.08799999 0.04398524 0.02048528</float_array>
          <technique_common>
            <accessor source="#ericrolph_cannon_car_wash_minicar_Body_mesh-mesh-positions-array" count="56" stride="3">
              <param name="X" type="float"/>
              <param name="Y" type="float"/>
              <param name="Z" type="float"/>
            </accessor>
          </technique_common>
        </source>
        <source id="ericrolph_cannon_car_wash_minicar_Body_mesh-mesh-normals">
          <float_array id="ericrolph_cannon_car_wash_minicar_Body_mesh-mesh-normals-array" count="324">-0.3671801 -0.2817475 -0.8864519 -0.2817469 -0.8864519 -0.3671807 -0.8864519 -0.3671801 -0.2817478 -0.3671801 -0.886452 0.2817476 -0.2817474 -0.3671803 0.886452 -0.886452 -0.2817478 0.3671799 -0.2817474 0.3671805 -0.8864519 -0.886452 0.2817478 -0.3671801 -0.3671801 0.8864519 -0.2817476 -0.3671801 0.2817475 0.8864519 -0.2817469 0.8864519 0.3671807 -0.8864519 0.3671801 0.2817478 0.2817474 -0.3671805 -0.8864519 0.886452 -0.2817478 -0.3671801 0.3671801 -0.8864519 -0.2817476 0.3671801 -0.2817475 0.8864519 0.2817469 -0.8864519 0.3671807 0.8864519 -0.3671801 0.2817478 0.3671801 0.2817475 -0.8864519 0.2817469 0.8864519 -0.3671807 0.8864519 0.3671801 -0.2817478 0.2817474 0.3671805 0.8864519 0.886452 0.2817478 0.3671801 0.3671801 0.8864519 0.2817476 -0.3826833 0 -0.9238795 -0.9238796 0 -0.3826831 -0.3826832 -0.9238797 0 -0.9238797 -0.3826832 0 -0.3826832 0 0.9238796 -0.9238798 0 0.382683 -0.3826832 0.9238796 0 -0.9238797 0.3826832 0 0 0.3826834 -0.9238795 0 0.9238794 -0.3826837 0 0.3826834 0.9238795 0 0.9238794 0.3826837 0.9238797 0.382683 0 0.3826832 0.9238797 0 0.3826833 0 -0.9238795 0.9238796 0 -0.3826831 0.3826833 0 0.9238795 0.9238796 0 0.3826831 0.3826832 -0.9238796 0 0.9238797 -0.3826832 0 0 -0.3826834 -0.9238795 0 -0.9238794 -0.3826837 0 -0.3826834 0.9238795 0 -0.9238794 0.3826837 0 0 -1 -1 0 0 0 -1 0 0 0 1 0 1 0 1 0 0 -0.2817472 -0.3671805 -0.886452 -0.3671801 -0.8864519 -0.2817476 -0.886452 -0.2817478 -0.3671801 -0.2817473 -0.8864519 0.3671803 -0.3671801 -0.2817475 0.8864519 -0.886452 -0.3671799 0.2817478 -0.3671803 0.2817475 -0.8864519 -0.886452 0.36718 -0.2817478 -0.2817474 0.8864519 -0.3671804 -0.2817472 0.3671805 0.886452 -0.3671801 0.8864519 0.2817476 -0.886452 0.2817478 0.3671801 0.3671803 -0.2817475 -0.8864519 0.886452 -0.36718 -0.2817478 0.2817474 -0.8864519 -0.3671804 0.2817472 -0.3671805 0.886452 0.3671801 -0.8864519 0.2817476 0.886452 -0.2817478 0.3671801 0.2817472 0.3671805 -0.886452 0.3671801 0.8864519 -0.2817476 0.886452 0.2817478 -0.3671801 0.3671803 0.2817475 0.8864519 0.886452 0.36718 0.2817478 0.2817474 0.8864519 0.3671804 -0.3826832 0 -0.9238796 -0.9238797 0 -0.3826831 -0.3826832 -0.9238797 0 -0.9238798 -0.382683 0 -0.3826832 0 0.9238796 -0.9238797 0 0.3826831 -0.3826832 0.9238797 0 -0.9238798 0.382683 0 0 0.3826835 -0.9238796 0 0.9238796 -0.3826834 0 0.3826835 0.9238796 0 0.9238796 0.3826834 0.9238797 0.3826831 0 0.3826832 0.9238796 0 0.3826832 0 -0.9238796 0.9238797 0 -0.3826831 0.3826832 0 0.9238796 0.9238797 0 0.3826831 0.3826832 -0.9238797 0 0.9238798 -0.382683 0 0 -0.3826835 -0.9238796 0 -0.9238796 -0.3826834 0 -0.3826833 0.9238796 0 -0.9238796 0.3826833 0 0 -1 -1 0 0 0 -1 0 0 0 1 0 1 0 1 0 0</float_array>
          <technique_common>
            <accessor source="#ericrolph_cannon_car_wash_minicar_Body_mesh-mesh-normals-array" count="108" stride="3">
              <param name="X" type="float"/>
              <param name="Y" type="float"/>
              <param name="Z" type="float"/>
            </accessor>
          </technique_common>
        </source>
        <source id="ericrolph_cannon_car_wash_minicar_Body_mesh-mesh-map-0">
          <float_array id="ericrolph_cannon_car_wash_minicar_Body_mesh-mesh-map-0-array" count="648">0.1399999 0.7184211 0.1313397 0.75 0.125 0.7184211 0.4375 0.985 0.4014156 1 0.375 0.9850001 0.4374999 0.03157889 0.375 0.01334679 0.4375 0 0.5625 0.9850001 0.625 0.9936602 0.5625 1 0.86 0.7184211 0.875 0.7366532 0.86 0.75 0.5625001 0.03157895 0.5985844 0 0.625 0.03157889 0.14 0.531579 0.125 0.5133469 0.14 0.5 0.4375 0.2184211 0.3882078 0.2531699 0.375 0.218421 0.4375 0.2650001 0.3882078 0.2531699 0.4375 0.25 0.8599999 0.531579 0.8686602 0.5 0.875 0.5315789 0.5625 0.265 0.6117922 0.2433266 0.625 0.265 0.5625 0.2184211 0.6117922 0.2433266 0.5625 0.25 0.3600001 0.7184211 0.3838052 0.7476643 0.3675 0.7574999 0.4375 0.7184211 0.3838052 0.7476643 0.375 0.718421 0.4375 0.765 0.3838052 0.7476643 0.4375 0.75 0.64 0.7184211 0.6183081 0.7455511 0.625 0.7184211 0.5625 0.7650001 0.6183081 0.7455511 0.6325001 0.7575001 0.5625001 0.7184212 0.6183081 0.7455511 0.5625 0.75 0.3600001 0.531579 0.3816919 0.504449 0.375 0.5315789 0.4375 0.485 0.3816919 0.504449 0.3675 0.4925 0.4375 0.5315789 0.3816919 0.504449 0.4375 0.5 0.6399999 0.531579 0.6161949 0.5023357 0.6325001 0.4925 0.5625001 0.531579 0.6161949 0.5023357 0.6249999 0.5315789 0.5625 0.485 0.6161949 0.5023357 0.5625 0.5 0.1399999 0.7184211 0.125 0.531579 0.14 0.531579 0.375 0.03157895 0.4375 0.2184211 0.375 0.218421 0.5625 0.9850001 0.4375 1 0.4375 0.985 0.5625 0 0.4374999 0.03157889 0.4375 0 0.8599999 0.531579 0.875 0.7184211 0.86 0.7184211 0.625 0.218421 0.5625001 0.03157895 0.625 0.03157889 0.5625 0.265 0.4375 0.25 0.5625 0.25 0.4375 0.25 0.5625 0.2184211 0.5625 0.25 0.14 0.531579 0.3675 0.4925 0.3600001 0.531579 0.375 0.265 0.4375 0.485 0.3675 0.4925 0.6399999 0.531579 0.86 0.5 0.8599999 0.531579 0.6325001 0.4925 0.5625 0.265 0.625 0.265 0.4375 0.5315789 0.5625 0.5 0.5625001 0.531579 0.5625 0.5 0.4375 0.485 0.5625 0.485 0.3600001 0.531579 0.375 0.718421 0.3600001 0.7184211 0.375 0.5315789 0.4375 0.7184211 0.375 0.718421 0.64 0.7184211 0.6249999 0.5315789 0.6399999 0.531579 0.625 0.7184211 0.5625001 0.531579 0.6249999 0.5315789 0.5625 0.7650001 0.4375 0.75 0.5625 0.75 0.4375 0.75 0.5625001 0.7184212 0.5625 0.75 0.3600001 0.7184211 0.14 0.75 0.1399999 0.7184211 0.3675 0.7574999 0.4375 0.985 0.375 0.9850001 0.86 0.7184211 0.6325001 0.7575001 0.64 0.7184211 0.6250001 0.9850001 0.5625 0.7650001 0.6325001 0.7575001 0.3600001 0.531579 0.1399999 0.7184211 0.14 0.531579 0.5625001 0.03157895 0.4375 0.2184211 0.4374999 0.03157889 0.5625 0.7650001 0.4375 0.985 0.4375 0.765 0.8599999 0.531579 0.64 0.7184211 0.6399999 0.531579 0.5625 0.265 0.4375 0.485 0.4375 0.2650001 0.5625001 0.531579 0.4375 0.7184211 0.4375 0.5315789 0.1399999 0.7184211 0.14 0.75 0.1313397 0.75 0.4375 0.985 0.4375 1 0.4014156 1 0.4374999 0.03157889 0.375 0.03157895 0.375 0.01334679 0.5625 0.9850001 0.6250001 0.9850001 0.625 0.9936602 0.86 0.7184211 0.875 0.7184211 0.875 0.7366532 0.5625001 0.03157895 0.5625 0 0.5985844 0 0.14 0.531579 0.125 0.531579 0.125 0.5133469 0.4375 0.2184211 0.4375 0.25 0.3882078 0.2531699 0.4375 0.2650001 0.375 0.265 0.3882078 0.2531699 0.8599999 0.531579 0.86 0.5 0.8686602 0.5 0.5625 0.265 0.5625 0.25 0.6117922 0.2433266 0.5625 0.2184211 0.625 0.218421 0.6117922 0.2433266 0.3600001 0.7184211 0.375 0.718421 0.3838052 0.7476643 0.4375 0.7184211 0.4375 0.75 0.3838052 0.7476643 0.4375 0.765 0.3675 0.7574999 0.3838052 0.7476643 0.64 0.7184211 0.6325001 0.7575001 0.6183081 0.7455511 0.5625 0.7650001 0.5625 0.75 0.6183081 0.7455511 0.5625001 0.7184212 0.625 0.7184211 0.6183081 0.7455511 0.3600001 0.531579 0.3675 0.4925 0.3816919 0.504449 0.4375 0.485 0.4375 0.5 0.3816919 0.504449 0.4375 0.5315789 0.375 0.5315789 0.3816919 0.504449 0.6399999 0.531579 0.6249999 0.5315789 0.6161949 0.5023357 0.5625001 0.531579 0.5625 0.5 0.6161949 0.5023357 0.5625 0.485 0.6325001 0.4925 0.6161949 0.5023357 0.1399999 0.7184211 0.125 0.7184211 0.125 0.531579 0.375 0.03157895 0.4374999 0.03157889 0.4375 0.2184211 0.5625 0.9850001 0.5625 1 0.4375 1 0.5625 0 0.5625001 0.03157895 0.4374999 0.03157889 0.8599999 0.531579 0.875 0.5315789 0.875 0.7184211 0.625 0.218421 0.5625 0.2184211 0.5625001 0.03157895 0.5625 0.265 0.4375 0.2650001 0.4375 0.25 0.4375 0.25 0.4375 0.2184211 0.5625 0.2184211 0.14 0.531579 0.14 0.5 0.3675 0.4925 0.375 0.265 0.4375 0.2650001 0.4375 0.485 0.6399999 0.531579 0.6325001 0.4925 0.86 0.5 0.6325001 0.4925 0.5625 0.485 0.5625 0.265 0.4375 0.5315789 0.4375 0.5 0.5625 0.5 0.5625 0.5 0.4375 0.5 0.4375 0.485 0.3600001 0.531579 0.375 0.5315789 0.375 0.718421 0.375 0.5315789 0.4375 0.5315789 0.4375 0.7184211 0.64 0.7184211 0.625 0.7184211 0.6249999 0.5315789 0.625 0.7184211 0.5625001 0.7184212 0.5625001 0.531579 0.5625 0.7650001 0.4375 0.765 0.4375 0.75 0.4375 0.75 0.4375 0.7184211 0.5625001 0.7184212 0.3600001 0.7184211 0.3675 0.7574999 0.14 0.75 0.3675 0.7574999 0.4375 0.765 0.4375 0.985 0.86 0.7184211 0.86 0.75 0.6325001 0.7575001 0.6250001 0.9850001 0.5625 0.9850001 0.5625 0.7650001 0.3600001 0.531579 0.3600001 0.7184211 0.1399999 0.7184211 0.5625001 0.03157895 0.5625 0.2184211 0.4375 0.2184211 0.5625 0.7650001 0.5625 0.9850001 0.4375 0.985 0.8599999 0.531579 0.86 0.7184211 0.64 0.7184211 0.5625 0.265 0.5625 0.485 0.4375 0.485 0.5625001 0.531579 0.5625001 0.7184212 0.4375 0.7184211</float_array>
          <technique_common>
            <accessor source="#ericrolph_cannon_car_wash_minicar_Body_mesh-mesh-map-0-array" count="324" stride="2">
              <param name="S" type="float"/>
              <param name="T" type="float"/>
            </accessor>
          </technique_common>
        </source>
        <vertices id="ericrolph_cannon_car_wash_minicar_Body_mesh-mesh-vertices">
          <input semantic="POSITION" source="#ericrolph_cannon_car_wash_minicar_Body_mesh-mesh-positions"/>
        </vertices>
        <triangles material="ericrolph_cannon_car_wash_mini_car_paint-material" count="108">
          <input semantic="VERTEX" source="#ericrolph_cannon_car_wash_minicar_Body_mesh-mesh-vertices" offset="0"/>
          <input semantic="NORMAL" source="#ericrolph_cannon_car_wash_minicar_Body_mesh-mesh-normals" offset="1"/>
          <input semantic="TEXCOORD" source="#ericrolph_cannon_car_wash_minicar_Body_mesh-mesh-map-0" offset="2" set="0"/>
          <p>0 0 0 4 0 1 6 0 2 1 1 3 4 1 4 3 1 5 2 2 6 4 2 7 5 2 8 7 3 9 11 3 10 13 3 11 8 4 12 11 4 13 10 4 14 9 5 15 11 5 16 12 5 17 14 6 18 18 6 19 20 6 20 15 7 21 18 7 22 17 7 23 16 8 24 18 8 25 19 8 26 21 9 27 25 9 28 27 9 29 22 10 30 25 10 31 24 10 32 23 11 33 25 11 34 26 11 35 28 12 36 32 12 37 34 12 38 29 13 39 32 13 40 31 13 41 30 14 42 32 14 43 33 14 44 35 15 45 39 15 46 41 15 47 36 16 48 39 16 49 38 16 50 37 17 51 39 17 52 40 17 53 42 18 54 46 18 55 48 18 56 43 19 57 46 19 58 45 19 59 44 20 60 46 20 61 47 20 62 49 21 63 53 21 64 55 21 65 50 22 66 53 22 67 52 22 68 51 23 69 53 23 70 54 23 71 0 24 72 17 24 73 14 24 74 6 25 75 15 25 76 17 25 77 7 26 78 5 26 79 1 26 80 13 27 81 2 27 82 5 27 83 21 28 84 12 28 85 8 28 86 27 29 87 9 29 88 12 29 89 22 30 90 19 30 91 26 30 92 19 31 93 23 31 94 26 31 95 14 32 96 45 32 97 42 32 98 20 33 99 43 33 100 45 33 101 49 34 102 24 34 103 21 34 104 55 35 105 22 35 106 24 35 107 44 36 108 54 36 109 50 36 110 54 37 111 43 37 112 51 37 113 42 38 114 31 38 115 28 38 116 48 39 117 29 39 118 31 39 119 35 40 120 52 40 121 49 40 122 41 41 123 50 41 124 52 41 125 36 42 126 33 42 127 40 42 128 33 43 129 37 43 130 40 43 131 28 44 132 3 44 133 0 44 134 34 45 135 1 45 136 3 45 137 8 46 138 38 46 139 35 46 140 10 47 141 36 47 142 38 47 143 42 48 144 0 48 145 14 48 146 9 49 147 15 49 148 2 49 149 36 50 150 1 50 151 30 50 152 21 51 153 35 51 154 49 51 155 22 52 156 43 52 157 16 52 158 50 53 159 29 53 160 44 53 161 0 54 162 3 54 163 4 54 164 1 55 165 5 55 166 4 55 167 2 56 168 6 56 169 4 56 170 7 57 171 10 57 172 11 57 173 8 58 174 12 58 175 11 58 176 9 59 177 13 59 178 11 59 179 14 60 180 17 60 181 18 60 182 15 61 183 19 61 184 18 61 185 16 62 186 20 62 187 18 62 188 21 63 189 24 63 190 25 63 191 22 64 192 26 64 193 25 64 194 23 65 195 27 65 196 25 65 197 28 66 198 31 66 199 32 66 200 29 67 201 33 67 202 32 67 203 30 68 204 34 68 205 32 68 206 35 69 207 38 69 208 39 69 209 36 70 210 40 70 211 39 70 212 37 71 213 41 71 214 39 71 215 42 72 216 45 72 217 46 72 218 43 73 219 47 73 220 46 73 221 44 74 222 48 74 223 46 74 224 49 75 225 52 75 226 53 75 227 50 76 228 54 76 229 53 76 230 51 77 231 55 77 232 53 77 233 0 78 234 6 78 235 17 78 236 6 79 237 2 79 238 15 79 239 7 80 240 13 80 241 5 80 242 13 81 243 9 81 244 2 81 245 21 82 246 27 82 247 12 82 248 27 83 249 23 83 250 9 83 251 22 84 252 16 84 253 19 84 254 19 85 255 15 85 256 23 85 257 14 86 258 20 86 259 45 86 260 20 87 261 16 87 262 43 87 263 49 88 264 55 88 265 24 88 266 55 89 267 51 89 268 22 89 269 44 90 270 47 90 271 54 90 272 54 91 273 47 91 274 43 91 275 42 92 276 48 92 277 31 92 278 48 93 279 44 93 280 29 93 281 35 94 282 41 94 283 52 94 284 41 95 285 37 95 286 50 95 287 36 96 288 30 96 289 33 96 290 33 97 291 29 97 292 37 97 293 28 98 294 34 98 295 3 98 296 34 99 297 30 99 298 1 99 299 8 100 300 10 100 301 38 100 302 10 101 303 7 101 304 36 101 305 42 102 306 28 102 307 0 102 308 9 103 309 23 103 310 15 103 311 36 104 312 7 104 313 1 104 314 21 105 315 8 105 316 35 105 317 22 106 318 51 106 319 43 106 320 50 107 321 37 107 322 29 107 323</p>
        </triangles>
      </mesh>
    </geometry>
    <geometry id="ericrolph_cannon_car_wash_minicar_Cabin_mesh-mesh" name="ericrolph_cannon_car_wash_minicar_Cabin_mesh">
      <mesh>
        <source id="ericrolph_cannon_car_wash_minicar_Cabin_mesh-mesh-positions">
          <float_array id="ericrolph_cannon_car_wash_minicar_Cabin_mesh-mesh-positions-array" count="168">-0.04049998 -0.02799999 -0.01899999 -0.04049998 -0.03999996 -0.006999969 -0.05249994 -0.02799999 -0.006999969 -0.04049998 -0.03648525 -0.01548528 -0.04742819 -0.0349282 -0.01392817 -0.04898524 -0.03648525 -0.006999969 -0.04898524 -0.02799999 -0.01548522 -0.04049998 -0.03999996 0.006999969 -0.04049998 -0.02799999 0.01899999 -0.05249994 -0.02799999 0.006999969 -0.04049998 -0.03648525 0.01548528 -0.04742819 -0.0349282 0.01392817 -0.04898524 -0.02799999 0.01548528 -0.04898524 -0.03648525 0.006999969 -0.04049998 0.02799999 -0.01899999 -0.05249994 0.02799999 -0.006999969 -0.04049998 0.03999996 -0.006999969 -0.04898524 0.02799999 -0.01548528 -0.04742819 0.0349282 -0.01392817 -0.04898524 0.03648525 -0.006999969 -0.04049998 0.03648525 -0.01548528 -0.04049998 0.02799999 0.01899999 -0.04049998 0.03999996 0.006999969 -0.05249994 0.02799999 0.006999969 -0.04049998 0.03648525 0.01548528 -0.04742819 0.0349282 0.01392817 -0.04898524 0.03648525 0.006999969 -0.04898524 0.02799999 0.01548522 0.04049998 -0.02799999 -0.01899999 0.05249994 -0.02799999 -0.006999969 0.04049998 -0.03999996 -0.006999969 0.04898524 -0.02799999 -0.01548528 0.04742819 -0.0349282 -0.01392817 0.04898524 -0.03648525 -0.006999969 0.04049998 -0.03648525 -0.01548528 0.04049998 -0.02799999 0.01899999 0.04049998 -0.03999996 0.006999969 0.05249994 -0.02799999 0.006999969 0.04049998 -0.03648525 0.01548528 0.04742819 -0.0349282 0.01392817 0.04898524 -0.03648525 0.006999969 0.04898524 -0.02799999 0.01548522 0.04049998 0.02799999 -0.01899999 0.04049998 0.03999996 -0.006999969 0.05249994 0.02799999 -0.006999969 0.04049998 0.03648525 -0.01548528 0.04742819 0.0349282 -0.01392817 0.04898524 0.03648525 -0.006999969 0.04898524 0.02799999 -0.01548522 0.04049998 0.02799999 0.01899999 0.05249994 0.02799999 0.006999969 0.04049998 0.03999996 0.006999969 0.04898524 0.02799999 0.01548528 0.04742819 0.0349282 0.01392817 0.04898524 0.03648525 0.006999969 0.04049998 0.03648525 0.01548528</float_array>
          <technique_common>
            <accessor source="#ericrolph_cannon_car_wash_minicar_Cabin_mesh-mesh-positions-array" count="56" stride="3">
              <param name="X" type="float"/>
              <param name="Y" type="float"/>
              <param name="Z" type="float"/>
            </accessor>
          </technique_common>
        </source>
        <source id="ericrolph_cannon_car_wash_minicar_Cabin_mesh-mesh-normals">
          <float_array id="ericrolph_cannon_car_wash_minicar_Cabin_mesh-mesh-normals-array" count="324">-0.3671804 -0.2817473 -0.8864519 -0.2817475 -0.8864519 -0.3671803 -0.8864519 -0.3671803 -0.2817474 -0.3671804 -0.8864519 0.2817474 -0.2817474 -0.3671803 0.8864519 -0.886452 -0.2817474 0.3671803 -0.2817474 0.3671803 -0.8864519 -0.886452 0.2817474 -0.3671803 -0.3671804 0.8864519 -0.2817474 -0.3671804 0.2817473 0.8864519 -0.2817475 0.8864519 0.3671803 -0.8864519 0.3671803 0.2817474 0.2817474 -0.3671803 -0.8864519 0.886452 -0.2817474 -0.3671803 0.3671804 -0.8864519 -0.2817474 0.3671804 -0.2817473 0.8864519 0.2817475 -0.8864519 0.3671803 0.8864519 -0.3671803 0.2817474 0.3671804 0.2817473 -0.8864519 0.2817475 0.8864519 -0.3671803 0.8864519 0.3671803 -0.2817474 0.2817474 0.3671803 0.8864519 0.886452 0.2817474 0.3671803 0.3671804 0.8864519 0.2817474 -0.3826833 0 -0.9238796 -0.9238796 0 -0.3826833 -0.3826835 -0.9238796 0 -0.9238796 -0.3826833 0 -0.3826833 0 0.9238796 -0.9238796 0 0.3826833 -0.3826835 0.9238796 0 -0.9238796 0.3826833 0 0 0.3826833 -0.9238796 0 0.9238796 -0.3826833 0 0.3826833 0.9238796 0 0.9238796 0.3826833 0.9238795 0.3826834 0 0.3826835 0.9238796 0 0.3826833 0 -0.9238796 0.9238796 0 -0.3826833 0.3826833 0 0.9238796 0.9238796 0 0.3826833 0.3826835 -0.9238796 0 0.9238796 -0.3826833 0 0 -0.3826833 -0.9238796 0 -0.9238796 -0.3826833 0 -0.3826833 0.9238796 0 -0.9238796 0.3826833 0 0 -1 -1 0 0 0 -1 0 0 0 1 0 1 0 1 0 0 -0.2817475 -0.3671802 -0.8864519 -0.3671804 -0.8864519 -0.2817474 -0.8864519 -0.2817474 -0.3671802 -0.2817474 -0.886452 0.3671803 -0.3671803 -0.2817474 0.8864519 -0.886452 -0.3671804 0.2817474 -0.3671803 0.2817474 -0.8864519 -0.886452 0.3671804 -0.2817474 -0.2817474 0.886452 -0.3671803 -0.2817475 0.3671802 0.8864519 -0.3671804 0.8864519 0.2817474 -0.8864519 0.2817474 0.3671802 0.3671803 -0.2817474 -0.8864519 0.886452 -0.3671804 -0.2817474 0.2817474 -0.886452 -0.3671803 0.2817475 -0.3671802 0.8864519 0.3671804 -0.8864519 0.2817474 0.8864519 -0.2817474 0.3671802 0.2817475 0.3671802 -0.8864519 0.3671804 0.8864519 -0.2817474 0.8864519 0.2817474 -0.3671802 0.3671803 0.2817474 0.8864519 0.886452 0.3671804 0.2817474 0.2817474 0.886452 0.3671803 -0.3826834 0 -0.9238795 -0.9238796 0 -0.3826834 -0.3826834 -0.9238795 0 -0.9238795 -0.3826834 0 -0.3826834 0 0.9238795 -0.9238796 0 0.3826834 -0.3826834 0.9238795 0 -0.9238795 0.3826834 0 0 0.3826834 -0.9238796 0 0.9238796 -0.3826833 0 0.3826834 0.9238796 0 0.9238796 0.3826833 0.9238796 0.3826833 0 0.3826835 0.9238796 0 0.3826834 0 -0.9238795 0.9238796 0 -0.3826834 0.3826834 0 0.9238795 0.9238796 0 0.3826834 0.3826834 -0.9238795 0 0.9238795 -0.3826834 0 0 -0.3826834 -0.9238796 0 -0.9238796 -0.3826833 0 -0.3826834 0.9238796 0 -0.9238796 0.3826833 0 0 -1 -1 0 0 0 -1 0 0 0 1 0 1 0 1 0 0</float_array>
          <technique_common>
            <accessor source="#ericrolph_cannon_car_wash_minicar_Cabin_mesh-mesh-normals-array" count="108" stride="3">
              <param name="X" type="float"/>
              <param name="Y" type="float"/>
              <param name="Z" type="float"/>
            </accessor>
          </technique_common>
        </source>
        <source id="ericrolph_cannon_car_wash_minicar_Cabin_mesh-mesh-map-0">
          <float_array id="ericrolph_cannon_car_wash_minicar_Cabin_mesh-mesh-map-0-array" count="648">0.1535714 0.7124999 0.1370757 0.75 0.125 0.7125 0.4539474 0.9714286 0.408367 1 0.375 0.9714286 0.4539473 0.03749996 0.375 0.01584935 0.4539474 0 0.5460526 0.9714287 0.625 0.9879243 0.5460526 1 0.8464286 0.7124999 0.875 0.7341507 0.8464285 0.75 0.5460526 0.03749996 0.5916329 0 0.625 0.03749996 0.1535714 0.5375 0.125 0.5158494 0.1535714 0.5 0.4539473 0.2125 0.3916835 0.2560378 0.375 0.2125 0.4539473 0.2785714 0.3916835 0.2560378 0.4539474 0.25 0.8464286 0.5375 0.8629243 0.5 0.8750001 0.5375 0.5460526 0.2785714 0.6083165 0.2420753 0.625 0.2785714 0.5460527 0.2125 0.6083165 0.2420753 0.5460526 0.25 0.3464286 0.7125 0.3861224 0.7487422 0.3607143 0.7642858 0.4539474 0.7125 0.3861224 0.7487422 0.375 0.7125 0.4539473 0.7785714 0.3861224 0.7487422 0.4539474 0.75 0.6535714 0.7125 0.6179029 0.7447169 0.6250001 0.7125 0.5460526 0.7785714 0.6179029 0.7447169 0.6392857 0.7642858 0.5460526 0.7125 0.6179029 0.7447169 0.5460526 0.75 0.3464285 0.5375 0.3820971 0.5052831 0.375 0.5375001 0.4539474 0.4714285 0.3820971 0.5052831 0.3607143 0.4857143 0.4539474 0.5375 0.3820971 0.5052831 0.4539474 0.5 0.6535714 0.5375 0.6138777 0.5012579 0.6392858 0.4857143 0.5460526 0.5375 0.6138777 0.5012579 0.625 0.5375 0.5460525 0.4714285 0.6138777 0.5012579 0.5460526 0.5 0.1535714 0.7124999 0.125 0.5375 0.1535714 0.5375 0.375 0.03749996 0.4539473 0.2125 0.375 0.2125 0.5460526 0.9714287 0.4539474 1 0.4539474 0.9714286 0.4539474 0 0.5460526 0.03749996 0.4539473 0.03749996 0.8464286 0.5375 0.8750001 0.7125 0.8464286 0.7124999 0.625 0.2125 0.5460526 0.03749996 0.625 0.03749996 0.4539473 0.2785714 0.5460526 0.25 0.5460526 0.2785714 0.5460526 0.25 0.4539473 0.2125 0.5460527 0.2125 0.1535714 0.5375 0.3607143 0.4857143 0.3464285 0.5375 0.375 0.2785714 0.4539474 0.4714285 0.3607143 0.4857143 0.6535714 0.5375 0.8464285 0.5 0.8464286 0.5375 0.6392858 0.4857143 0.5460526 0.2785714 0.625 0.2785714 0.5460526 0.5375 0.4539474 0.5 0.5460526 0.5 0.4539474 0.5 0.5460525 0.4714285 0.5460526 0.5 0.3464285 0.5375 0.375 0.7125 0.3464286 0.7125 0.375 0.5375001 0.4539474 0.7125 0.375 0.7125 0.6535714 0.7125 0.625 0.5375 0.6535714 0.5375 0.6250001 0.7125 0.5460526 0.5375 0.625 0.5375 0.4539473 0.7785714 0.5460526 0.75 0.5460526 0.7785714 0.5460526 0.75 0.4539474 0.7125 0.5460526 0.7125 0.3464286 0.7125 0.1535714 0.75 0.1535714 0.7124999 0.3607143 0.7642858 0.4539474 0.9714286 0.375 0.9714286 0.8464286 0.7124999 0.6392857 0.7642858 0.6535714 0.7125 0.625 0.9714286 0.5460526 0.7785714 0.6392857 0.7642858 0.3464285 0.5375 0.1535714 0.7124999 0.1535714 0.5375 0.4539473 0.03749996 0.5460527 0.2125 0.4539473 0.2125 0.5460526 0.7785714 0.4539474 0.9714286 0.4539473 0.7785714 0.8464286 0.5375 0.6535714 0.7125 0.6535714 0.5375 0.5460526 0.2785714 0.4539474 0.4714285 0.4539473 0.2785714 0.4539474 0.5375 0.5460526 0.7125 0.4539474 0.7125 0.1535714 0.7124999 0.1535714 0.75 0.1370757 0.75 0.4539474 0.9714286 0.4539474 1 0.408367 1 0.4539473 0.03749996 0.375 0.03749996 0.375 0.01584935 0.5460526 0.9714287 0.625 0.9714286 0.625 0.9879243 0.8464286 0.7124999 0.8750001 0.7125 0.875 0.7341507 0.5460526 0.03749996 0.5460527 0 0.5916329 0 0.1535714 0.5375 0.125 0.5375 0.125 0.5158494 0.4539473 0.2125 0.4539474 0.25 0.3916835 0.2560378 0.4539473 0.2785714 0.375 0.2785714 0.3916835 0.2560378 0.8464286 0.5375 0.8464285 0.5 0.8629243 0.5 0.5460526 0.2785714 0.5460526 0.25 0.6083165 0.2420753 0.5460527 0.2125 0.625 0.2125 0.6083165 0.2420753 0.3464286 0.7125 0.375 0.7125 0.3861224 0.7487422 0.4539474 0.7125 0.4539474 0.75 0.3861224 0.7487422 0.4539473 0.7785714 0.3607143 0.7642858 0.3861224 0.7487422 0.6535714 0.7125 0.6392857 0.7642858 0.6179029 0.7447169 0.5460526 0.7785714 0.5460526 0.75 0.6179029 0.7447169 0.5460526 0.7125 0.6250001 0.7125 0.6179029 0.7447169 0.3464285 0.5375 0.3607143 0.4857143 0.3820971 0.5052831 0.4539474 0.4714285 0.4539474 0.5 0.3820971 0.5052831 0.4539474 0.5375 0.375 0.5375001 0.3820971 0.5052831 0.6535714 0.5375 0.625 0.5375 0.6138777 0.5012579 0.5460526 0.5375 0.5460526 0.5 0.6138777 0.5012579 0.5460525 0.4714285 0.6392858 0.4857143 0.6138777 0.5012579 0.1535714 0.7124999 0.125 0.7125 0.125 0.5375 0.375 0.03749996 0.4539473 0.03749996 0.4539473 0.2125 0.5460526 0.9714287 0.5460526 1 0.4539474 1 0.4539474 0 0.5460527 0 0.5460526 0.03749996 0.8464286 0.5375 0.8750001 0.5375 0.8750001 0.7125 0.625 0.2125 0.5460527 0.2125 0.5460526 0.03749996 0.4539473 0.2785714 0.4539474 0.25 0.5460526 0.25 0.5460526 0.25 0.4539474 0.25 0.4539473 0.2125 0.1535714 0.5375 0.1535714 0.5 0.3607143 0.4857143 0.375 0.2785714 0.4539473 0.2785714 0.4539474 0.4714285 0.6535714 0.5375 0.6392858 0.4857143 0.8464285 0.5 0.6392858 0.4857143 0.5460525 0.4714285 0.5460526 0.2785714 0.5460526 0.5375 0.4539474 0.5375 0.4539474 0.5 0.4539474 0.5 0.4539474 0.4714285 0.5460525 0.4714285 0.3464285 0.5375 0.375 0.5375001 0.375 0.7125 0.375 0.5375001 0.4539474 0.5375 0.4539474 0.7125 0.6535714 0.7125 0.6250001 0.7125 0.625 0.5375 0.6250001 0.7125 0.5460526 0.7125 0.5460526 0.5375 0.4539473 0.7785714 0.4539474 0.75 0.5460526 0.75 0.5460526 0.75 0.4539474 0.75 0.4539474 0.7125 0.3464286 0.7125 0.3607143 0.7642858 0.1535714 0.75 0.3607143 0.7642858 0.4539473 0.7785714 0.4539474 0.9714286 0.8464286 0.7124999 0.8464285 0.75 0.6392857 0.7642858 0.625 0.9714286 0.5460526 0.9714287 0.5460526 0.7785714 0.3464285 0.5375 0.3464286 0.7125 0.1535714 0.7124999 0.4539473 0.03749996 0.5460526 0.03749996 0.5460527 0.2125 0.5460526 0.7785714 0.5460526 0.9714287 0.4539474 0.9714286 0.8464286 0.5375 0.8464286 0.7124999 0.6535714 0.7125 0.5460526 0.2785714 0.5460525 0.4714285 0.4539474 0.4714285 0.4539474 0.5375 0.5460526 0.5375 0.5460526 0.7125</float_array>
          <technique_common>
            <accessor source="#ericrolph_cannon_car_wash_minicar_Cabin_mesh-mesh-map-0-array" count="324" stride="2">
              <param name="S" type="float"/>
              <param name="T" type="float"/>
            </accessor>
          </technique_common>
        </source>
        <vertices id="ericrolph_cannon_car_wash_minicar_Cabin_mesh-mesh-vertices">
          <input semantic="POSITION" source="#ericrolph_cannon_car_wash_minicar_Cabin_mesh-mesh-positions"/>
        </vertices>
        <triangles material="ericrolph_cannon_car_wash_mini_car_paint-material" count="108">
          <input semantic="VERTEX" source="#ericrolph_cannon_car_wash_minicar_Cabin_mesh-mesh-vertices" offset="0"/>
          <input semantic="NORMAL" source="#ericrolph_cannon_car_wash_minicar_Cabin_mesh-mesh-normals" offset="1"/>
          <input semantic="TEXCOORD" source="#ericrolph_cannon_car_wash_minicar_Cabin_mesh-mesh-map-0" offset="2" set="0"/>
          <p>0 0 0 4 0 1 6 0 2 1 1 3 4 1 4 3 1 5 2 2 6 4 2 7 5 2 8 7 3 9 11 3 10 13 3 11 8 4 12 11 4 13 10 4 14 9 5 15 11 5 16 12 5 17 14 6 18 18 6 19 20 6 20 15 7 21 18 7 22 17 7 23 16 8 24 18 8 25 19 8 26 21 9 27 25 9 28 27 9 29 22 10 30 25 10 31 24 10 32 23 11 33 25 11 34 26 11 35 28 12 36 32 12 37 34 12 38 29 13 39 32 13 40 31 13 41 30 14 42 32 14 43 33 14 44 35 15 45 39 15 46 41 15 47 36 16 48 39 16 49 38 16 50 37 17 51 39 17 52 40 17 53 42 18 54 46 18 55 48 18 56 43 19 57 46 19 58 45 19 59 44 20 60 46 20 61 47 20 62 49 21 63 53 21 64 55 21 65 50 22 66 53 22 67 52 22 68 51 23 69 53 23 70 54 23 71 0 24 72 17 24 73 14 24 74 6 25 75 15 25 76 17 25 77 7 26 78 5 26 79 1 26 80 5 27 81 9 27 82 2 27 83 21 28 84 12 28 85 8 28 86 27 29 87 9 29 88 12 29 89 16 30 90 26 30 91 22 30 92 26 31 93 15 31 94 23 31 95 14 32 96 45 32 97 42 32 98 20 33 99 43 33 100 45 33 101 49 34 102 24 34 103 21 34 104 55 35 105 22 35 106 24 35 107 50 36 108 47 36 109 54 36 110 47 37 111 51 37 112 54 37 113 42 38 114 31 38 115 28 38 116 48 39 117 29 39 118 31 39 119 35 40 120 52 40 121 49 40 122 41 41 123 50 41 124 52 41 125 30 42 126 40 42 127 36 42 128 40 43 129 29 43 130 37 43 131 28 44 132 3 44 133 0 44 134 34 45 135 1 45 136 3 45 137 8 46 138 38 46 139 35 46 140 10 47 141 36 47 142 38 47 143 42 48 144 0 48 145 14 48 146 2 49 147 23 49 148 15 49 149 36 50 150 1 50 151 30 50 152 21 51 153 35 51 154 49 51 155 22 52 156 43 52 157 16 52 158 44 53 159 37 53 160 29 53 161 0 54 162 3 54 163 4 54 164 1 55 165 5 55 166 4 55 167 2 56 168 6 56 169 4 56 170 7 57 171 10 57 172 11 57 173 8 58 174 12 58 175 11 58 176 9 59 177 13 59 178 11 59 179 14 60 180 17 60 181 18 60 182 15 61 183 19 61 184 18 61 185 16 62 186 20 62 187 18 62 188 21 63 189 24 63 190 25 63 191 22 64 192 26 64 193 25 64 194 23 65 195 27 65 196 25 65 197 28 66 198 31 66 199 32 66 200 29 67 201 33 67 202 32 67 203 30 68 204 34 68 205 32 68 206 35 69 207 38 69 208 39 69 209 36 70 210 40 70 211 39 70 212 37 71 213 41 71 214 39 71 215 42 72 216 45 72 217 46 72 218 43 73 219 47 73 220 46 73 221 44 74 222 48 74 223 46 74 224 49 75 225 52 75 226 53 75 227 50 76 228 54 76 229 53 76 230 51 77 231 55 77 232 53 77 233 0 78 234 6 78 235 17 78 236 6 79 237 2 79 238 15 79 239 7 80 240 13 80 241 5 80 242 5 81 243 13 81 244 9 81 245 21 82 246 27 82 247 12 82 248 27 83 249 23 83 250 9 83 251 16 84 252 19 84 253 26 84 254 26 85 255 19 85 256 15 85 257 14 86 258 20 86 259 45 86 260 20 87 261 16 87 262 43 87 263 49 88 264 55 88 265 24 88 266 55 89 267 51 89 268 22 89 269 50 90 270 44 90 271 47 90 272 47 91 273 43 91 274 51 91 275 42 92 276 48 92 277 31 92 278 48 93 279 44 93 280 29 93 281 35 94 282 41 94 283 52 94 284 41 95 285 37 95 286 50 95 287 30 96 288 33 96 289 40 96 290 40 97 291 33 97 292 29 97 293 28 98 294 34 98 295 3 98 296 34 99 297 30 99 298 1 99 299 8 100 300 10 100 301 38 100 302 10 101 303 7 101 304 36 101 305 42 102 306 28 102 307 0 102 308 2 103 309 9 103 310 23 103 311 36 104 312 7 104 313 1 104 314 21 105 315 8 105 316 35 105 317 22 106 318 51 106 319 43 106 320 44 107 321 50 107 322 37 107 323</p>
        </triangles>
      </mesh>
    </geometry>
    <geometry id="ericrolph_cannon_car_wash_minicar_Hub_-0_063_-1_0_mesh-mesh" name="ericrolph_cannon_car_wash_minicar_Hub_-0.063_-1.0_mesh">
      <mesh>
        <source id="ericrolph_cannon_car_wash_minicar_Hub_-0_063_-1_0_mesh-mesh-positions">
          <float_array id="ericrolph_cannon_car_wash_minicar_Hub_-0_063_-1_0_mesh-mesh-positions-array" count="60">0 0.01299995 -0.002999961 0 0.01299995 0.002999961 0.007641196 0.01051717 -0.002999961 0.007641196 0.01051717 0.002999961 0.01236373 0.004017174 -0.002999961 0.01236373 0.004017174 0.002999961 0.01236373 -0.004017174 -0.002999961 0.01236373 -0.004017174 0.002999961 0.007641196 -0.01051717 -0.002999961 0.007641196 -0.01051717 0.002999961 0 -0.01299995 -0.002999961 0 -0.01299995 0.002999961 -0.007641196 -0.01051717 -0.002999961 -0.007641196 -0.01051717 0.002999961 -0.01236373 -0.004017174 -0.002999961 -0.01236373 -0.004017174 0.002999961 -0.01236373 0.004017174 -0.002999961 -0.01236373 0.004017174 0.002999961 -0.007641196 0.01051717 -0.002999961 -0.007641196 0.01051717 0.002999961</float_array>
          <technique_common>
            <accessor source="#ericrolph_cannon_car_wash_minicar_Hub_-0_063_-1_0_mesh-mesh-positions-array" count="20" stride="3">
              <param name="X" type="float"/>
              <param name="Y" type="float"/>
              <param name="Z" type="float"/>
            </accessor>
          </technique_common>
        </source>
        <source id="ericrolph_cannon_car_wash_minicar_Hub_-0_063_-1_0_mesh-mesh-normals">
          <float_array id="ericrolph_cannon_car_wash_minicar_Hub_-0_063_-1_0_mesh-mesh-normals-array" count="108">0.309017 0.9510565 0 0.809017 0.5877853 0 1 0 0 0.809017 -0.5877853 0 0.309017 -0.9510565 0 -0.309017 -0.9510565 0 -0.809017 -0.5877853 0 -1 0 0 0 0 1 -0.809017 0.5877853 0 -0.309017 0.9510565 0 0 0 -1 0.309017 0.9510565 0 0.809017 0.5877853 0 1 0 0 0.809017 -0.5877853 0 0.309017 -0.9510565 0 -0.309017 -0.9510565 0 -0.809017 -0.5877853 0 -1 0 0 0 0 1 0 0 1 0 0 1 0 0 1 0 0 1 0 0 1 0 0 1 -0.809017 0.5877853 0 -0.309017 0.9510565 0 0 0 -1 0 0 -1 0 0 -1 0 0 -1 0 0 -1 0 0 -1 0 0 -1</float_array>
          <technique_common>
            <accessor source="#ericrolph_cannon_car_wash_minicar_Hub_-0_063_-1_0_mesh-mesh-normals-array" count="36" stride="3">
              <param name="X" type="float"/>
              <param name="Y" type="float"/>
              <param name="Z" type="float"/>
            </accessor>
          </technique_common>
        </source>
        <source id="ericrolph_cannon_car_wash_minicar_Hub_-0_063_-1_0_mesh-mesh-map-0">
          <float_array id="ericrolph_cannon_car_wash_minicar_Hub_-0_063_-1_0_mesh-mesh-map-0-array" count="216">1 1 0.9 0.5 1 0.5 0.9 1 0.8 0.5 0.9 0.5 0.8 1 0.6999999 0.5 0.8 0.5 0.6999999 1 0.5999999 0.5 0.6999999 0.5 0.5999999 1 0.4999999 0.5 0.5999999 0.5 0.4999999 1 0.3999999 0.5 0.4999999 0.5 0.3999999 1 0.2999999 0.5 0.3999999 0.5 0.2999999 1 0.1999999 0.5 0.2999999 0.5 0.02174639 0.3241641 0.1089315 0.0558359 0.3910685 0.0558359 0.1999999 1 0.0999999 0.5 0.1999999 0.5 0.0999999 1 0 0.5 0.0999999 0.5 0.75 0.00999999 0.5217464 0.1758359 0.6089316 0.4441641 1 1 0.9 1 0.9 0.5 0.9 1 0.8 1 0.8 0.5 0.8 1 0.6999999 1 0.6999999 0.5 0.6999999 1 0.5999999 1 0.5999999 0.5 0.5999999 1 0.4999999 1 0.4999999 0.5 0.4999999 1 0.3999999 1 0.3999999 0.5 0.3999999 1 0.2999999 1 0.2999999 0.5 0.2999999 1 0.1999999 1 0.1999999 0.5 0.4782536 0.3241641 0.3910685 0.4441641 0.25 0.49 0.25 0.49 0.1089315 0.4441641 0.02174639 0.3241641 0.02174639 0.3241641 0.02174639 0.1758359 0.1089315 0.0558359 0.1089315 0.0558359 0.25 0.00999999 0.3910685 0.0558359 0.3910685 0.0558359 0.4782536 0.1758359 0.4782536 0.3241641 0.4782536 0.3241641 0.25 0.49 0.3910685 0.0558359 0.25 0.49 0.02174639 0.3241641 0.3910685 0.0558359 0.1999999 1 0.0999999 1 0.0999999 0.5 0.0999999 1 0 1 0 0.5 0.6089316 0.4441641 0.75 0.49 0.8910685 0.4441641 0.8910685 0.4441641 0.9782536 0.3241641 0.9782536 0.1758359 0.9782536 0.1758359 0.8910685 0.0558359 0.75 0.00999999 0.75 0.00999999 0.6089316 0.0558359 0.5217464 0.1758359 0.5217464 0.1758359 0.5217464 0.3241641 0.6089316 0.4441641 0.6089316 0.4441641 0.8910685 0.4441641 0.9782536 0.1758359 0.9782536 0.1758359 0.75 0.00999999 0.6089316 0.4441641</float_array>
          <technique_common>
            <accessor source="#ericrolph_cannon_car_wash_minicar_Hub_-0_063_-1_0_mesh-mesh-map-0-array" count="108" stride="2">
              <param name="S" type="float"/>
              <param name="T" type="float"/>
            </accessor>
          </technique_common>
        </source>
        <vertices id="ericrolph_cannon_car_wash_minicar_Hub_-0_063_-1_0_mesh-mesh-vertices">
          <input semantic="POSITION" source="#ericrolph_cannon_car_wash_minicar_Hub_-0_063_-1_0_mesh-mesh-positions"/>
        </vertices>
        <triangles material="ericrolph_cannon_car_wash_stainless-material" count="36">
          <input semantic="VERTEX" source="#ericrolph_cannon_car_wash_minicar_Hub_-0_063_-1_0_mesh-mesh-vertices" offset="0"/>
          <input semantic="NORMAL" source="#ericrolph_cannon_car_wash_minicar_Hub_-0_063_-1_0_mesh-mesh-normals" offset="1"/>
          <input semantic="TEXCOORD" source="#ericrolph_cannon_car_wash_minicar_Hub_-0_063_-1_0_mesh-mesh-map-0" offset="2" set="0"/>
          <p>1 0 0 2 0 1 0 0 2 3 1 3 4 1 4 2 1 5 5 2 6 6 2 7 4 2 8 7 3 9 8 3 10 6 3 11 9 4 12 10 4 13 8 4 14 11 5 15 12 5 16 10 5 17 13 6 18 14 6 19 12 6 20 15 7 21 16 7 22 14 7 23 17 8 24 13 8 25 9 8 26 17 9 27 18 9 28 16 9 29 19 10 30 0 10 31 18 10 32 10 11 33 14 11 34 18 11 35 1 12 36 3 12 37 2 12 38 3 13 39 5 13 40 4 13 41 5 14 42 7 14 43 6 14 44 7 15 45 9 15 46 8 15 47 9 16 48 11 16 49 10 16 50 11 17 51 13 17 52 12 17 53 13 18 54 15 18 55 14 18 56 15 19 57 17 19 58 16 19 59 5 20 60 3 20 61 1 20 62 1 21 63 19 21 64 17 21 65 17 22 66 15 22 67 13 22 68 13 23 69 11 23 70 9 23 71 9 24 72 7 24 73 5 24 74 5 25 75 1 25 76 9 25 77 1 26 78 17 26 79 9 26 80 17 27 81 19 27 82 18 27 83 19 28 84 1 28 85 0 28 86 18 29 87 0 29 88 2 29 89 2 30 90 4 30 91 6 30 92 6 31 93 8 31 94 10 31 95 10 32 96 12 32 97 14 32 98 14 33 99 16 33 100 18 33 101 18 34 102 2 34 103 6 34 104 6 35 105 10 35 106 18 35 107</p>
        </triangles>
      </mesh>
    </geometry>
    <geometry id="ericrolph_cannon_car_wash_minicar_Hub_-0_063_1_0_mesh-mesh" name="ericrolph_cannon_car_wash_minicar_Hub_-0.063_1.0_mesh">
      <mesh>
        <source id="ericrolph_cannon_car_wash_minicar_Hub_-0_063_1_0_mesh-mesh-positions">
          <float_array id="ericrolph_cannon_car_wash_minicar_Hub_-0_063_1_0_mesh-mesh-positions-array" count="60">0 0.01299995 -0.002999961 0 0.01299995 0.002999961 0.007641196 0.01051717 -0.002999961 0.007641196 0.01051717 0.002999961 0.01236373 0.004017174 -0.002999961 0.01236373 0.004017174 0.002999961 0.01236373 -0.004017174 -0.002999961 0.01236373 -0.004017174 0.002999961 0.007641196 -0.01051717 -0.002999961 0.007641196 -0.01051717 0.002999961 0 -0.01299995 -0.002999961 0 -0.01299995 0.002999961 -0.007641196 -0.01051717 -0.002999961 -0.007641196 -0.01051717 0.002999961 -0.01236373 -0.004017174 -0.002999961 -0.01236373 -0.004017174 0.002999961 -0.01236373 0.004017174 -0.002999961 -0.01236373 0.004017174 0.002999961 -0.007641196 0.01051717 -0.002999961 -0.007641196 0.01051717 0.002999961</float_array>
          <technique_common>
            <accessor source="#ericrolph_cannon_car_wash_minicar_Hub_-0_063_1_0_mesh-mesh-positions-array" count="20" stride="3">
              <param name="X" type="float"/>
              <param name="Y" type="float"/>
              <param name="Z" type="float"/>
            </accessor>
          </technique_common>
        </source>
        <source id="ericrolph_cannon_car_wash_minicar_Hub_-0_063_1_0_mesh-mesh-normals">
          <float_array id="ericrolph_cannon_car_wash_minicar_Hub_-0_063_1_0_mesh-mesh-normals-array" count="108">0.309017 0.9510565 0 0.809017 0.5877853 0 1 0 0 0.809017 -0.5877853 0 0.309017 -0.9510565 0 -0.309017 -0.9510565 0 -0.809017 -0.5877853 0 -1 0 0 0 0 1 -0.809017 0.5877853 0 -0.309017 0.9510565 0 0 0 -1 0.309017 0.9510565 0 0.809017 0.5877853 0 1 0 0 0.809017 -0.5877853 0 0.309017 -0.9510565 0 -0.309017 -0.9510565 0 -0.809017 -0.5877853 0 -1 0 0 0 0 1 0 0 1 0 0 1 0 0 1 0 0 1 0 0 1 0 0 1 -0.809017 0.5877853 0 -0.309017 0.9510565 0 0 0 -1 0 0 -1 0 0 -1 0 0 -1 0 0 -1 0 0 -1 0 0 -1</float_array>
          <technique_common>
            <accessor source="#ericrolph_cannon_car_wash_minicar_Hub_-0_063_1_0_mesh-mesh-normals-array" count="36" stride="3">
              <param name="X" type="float"/>
              <param name="Y" type="float"/>
              <param name="Z" type="float"/>
            </accessor>
          </technique_common>
        </source>
        <source id="ericrolph_cannon_car_wash_minicar_Hub_-0_063_1_0_mesh-mesh-map-0">
          <float_array id="ericrolph_cannon_car_wash_minicar_Hub_-0_063_1_0_mesh-mesh-map-0-array" count="216">1 1 0.9 0.5 1 0.5 0.9 1 0.8 0.5 0.9 0.5 0.8 1 0.6999999 0.5 0.8 0.5 0.6999999 1 0.5999999 0.5 0.6999999 0.5 0.5999999 1 0.4999999 0.5 0.5999999 0.5 0.4999999 1 0.3999999 0.5 0.4999999 0.5 0.3999999 1 0.2999999 0.5 0.3999999 0.5 0.2999999 1 0.1999999 0.5 0.2999999 0.5 0.02174639 0.3241641 0.1089315 0.0558359 0.3910685 0.0558359 0.1999999 1 0.0999999 0.5 0.1999999 0.5 0.0999999 1 0 0.5 0.0999999 0.5 0.75 0.00999999 0.5217464 0.1758359 0.6089316 0.4441641 1 1 0.9 1 0.9 0.5 0.9 1 0.8 1 0.8 0.5 0.8 1 0.6999999 1 0.6999999 0.5 0.6999999 1 0.5999999 1 0.5999999 0.5 0.5999999 1 0.4999999 1 0.4999999 0.5 0.4999999 1 0.3999999 1 0.3999999 0.5 0.3999999 1 0.2999999 1 0.2999999 0.5 0.2999999 1 0.1999999 1 0.1999999 0.5 0.4782536 0.3241641 0.3910685 0.4441641 0.25 0.49 0.25 0.49 0.1089315 0.4441641 0.02174639 0.3241641 0.02174639 0.3241641 0.02174639 0.1758359 0.1089315 0.0558359 0.1089315 0.0558359 0.25 0.00999999 0.3910685 0.0558359 0.3910685 0.0558359 0.4782536 0.1758359 0.4782536 0.3241641 0.4782536 0.3241641 0.25 0.49 0.3910685 0.0558359 0.25 0.49 0.02174639 0.3241641 0.3910685 0.0558359 0.1999999 1 0.0999999 1 0.0999999 0.5 0.0999999 1 0 1 0 0.5 0.6089316 0.4441641 0.75 0.49 0.8910685 0.4441641 0.8910685 0.4441641 0.9782536 0.3241641 0.9782536 0.1758359 0.9782536 0.1758359 0.8910685 0.0558359 0.75 0.00999999 0.75 0.00999999 0.6089316 0.0558359 0.5217464 0.1758359 0.5217464 0.1758359 0.5217464 0.3241641 0.6089316 0.4441641 0.6089316 0.4441641 0.8910685 0.4441641 0.9782536 0.1758359 0.9782536 0.1758359 0.75 0.00999999 0.6089316 0.4441641</float_array>
          <technique_common>
            <accessor source="#ericrolph_cannon_car_wash_minicar_Hub_-0_063_1_0_mesh-mesh-map-0-array" count="108" stride="2">
              <param name="S" type="float"/>
              <param name="T" type="float"/>
            </accessor>
          </technique_common>
        </source>
        <vertices id="ericrolph_cannon_car_wash_minicar_Hub_-0_063_1_0_mesh-mesh-vertices">
          <input semantic="POSITION" source="#ericrolph_cannon_car_wash_minicar_Hub_-0_063_1_0_mesh-mesh-positions"/>
        </vertices>
        <triangles material="ericrolph_cannon_car_wash_stainless-material" count="36">
          <input semantic="VERTEX" source="#ericrolph_cannon_car_wash_minicar_Hub_-0_063_1_0_mesh-mesh-vertices" offset="0"/>
          <input semantic="NORMAL" source="#ericrolph_cannon_car_wash_minicar_Hub_-0_063_1_0_mesh-mesh-normals" offset="1"/>
          <input semantic="TEXCOORD" source="#ericrolph_cannon_car_wash_minicar_Hub_-0_063_1_0_mesh-mesh-map-0" offset="2" set="0"/>
          <p>1 0 0 2 0 1 0 0 2 3 1 3 4 1 4 2 1 5 5 2 6 6 2 7 4 2 8 7 3 9 8 3 10 6 3 11 9 4 12 10 4 13 8 4 14 11 5 15 12 5 16 10 5 17 13 6 18 14 6 19 12 6 20 15 7 21 16 7 22 14 7 23 17 8 24 13 8 25 9 8 26 17 9 27 18 9 28 16 9 29 19 10 30 0 10 31 18 10 32 10 11 33 14 11 34 18 11 35 1 12 36 3 12 37 2 12 38 3 13 39 5 13 40 4 13 41 5 14 42 7 14 43 6 14 44 7 15 45 9 15 46 8 15 47 9 16 48 11 16 49 10 16 50 11 17 51 13 17 52 12 17 53 13 18 54 15 18 55 14 18 56 15 19 57 17 19 58 16 19 59 5 20 60 3 20 61 1 20 62 1 21 63 19 21 64 17 21 65 17 22 66 15 22 67 13 22 68 13 23 69 11 23 70 9 23 71 9 24 72 7 24 73 5 24 74 5 25 75 1 25 76 9 25 77 1 26 78 17 26 79 9 26 80 17 27 81 19 27 82 18 27 83 19 28 84 1 28 85 0 28 86 18 29 87 0 29 88 2 29 89 2 30 90 4 30 91 6 30 92 6 31 93 8 31 94 10 31 95 10 32 96 12 32 97 14 32 98 14 33 99 16 33 100 18 33 101 18 34 102 2 34 103 6 34 104 6 35 105 10 35 106 18 35 107</p>
        </triangles>
      </mesh>
    </geometry>
    <geometry id="ericrolph_cannon_car_wash_minicar_Hub_0_063_-1_0_mesh-mesh" name="ericrolph_cannon_car_wash_minicar_Hub_0.063_-1.0_mesh">
      <mesh>
        <source id="ericrolph_cannon_car_wash_minicar_Hub_0_063_-1_0_mesh-mesh-positions">
          <float_array id="ericrolph_cannon_car_wash_minicar_Hub_0_063_-1_0_mesh-mesh-positions-array" count="60">0 0.01299995 -0.002999961 0 0.01299995 0.002999961 0.007641196 0.01051717 -0.002999961 0.007641196 0.01051717 0.002999961 0.01236373 0.004017174 -0.002999961 0.01236373 0.004017174 0.002999961 0.01236373 -0.004017174 -0.002999961 0.01236373 -0.004017174 0.002999961 0.007641196 -0.01051717 -0.002999961 0.007641196 -0.01051717 0.002999961 0 -0.01299995 -0.002999961 0 -0.01299995 0.002999961 -0.007641196 -0.01051717 -0.002999961 -0.007641196 -0.01051717 0.002999961 -0.01236373 -0.004017174 -0.002999961 -0.01236373 -0.004017174 0.002999961 -0.01236373 0.004017174 -0.002999961 -0.01236373 0.004017174 0.002999961 -0.007641196 0.01051717 -0.002999961 -0.007641196 0.01051717 0.002999961</float_array>
          <technique_common>
            <accessor source="#ericrolph_cannon_car_wash_minicar_Hub_0_063_-1_0_mesh-mesh-positions-array" count="20" stride="3">
              <param name="X" type="float"/>
              <param name="Y" type="float"/>
              <param name="Z" type="float"/>
            </accessor>
          </technique_common>
        </source>
        <source id="ericrolph_cannon_car_wash_minicar_Hub_0_063_-1_0_mesh-mesh-normals">
          <float_array id="ericrolph_cannon_car_wash_minicar_Hub_0_063_-1_0_mesh-mesh-normals-array" count="108">0.309017 0.9510565 0 0.809017 0.5877853 0 1 0 0 0.809017 -0.5877853 0 0.309017 -0.9510565 0 -0.309017 -0.9510565 0 -0.809017 -0.5877853 0 -1 0 0 0 0 1 -0.809017 0.5877853 0 -0.309017 0.9510565 0 0 0 -1 0.309017 0.9510565 0 0.809017 0.5877853 0 1 0 0 0.809017 -0.5877853 0 0.309017 -0.9510565 0 -0.309017 -0.9510565 0 -0.809017 -0.5877853 0 -1 0 0 0 0 1 0 0 1 0 0 1 0 0 1 0 0 1 0 0 1 0 0 1 -0.809017 0.5877853 0 -0.309017 0.9510565 0 0 0 -1 0 0 -1 0 0 -1 0 0 -1 0 0 -1 0 0 -1 0 0 -1</float_array>
          <technique_common>
            <accessor source="#ericrolph_cannon_car_wash_minicar_Hub_0_063_-1_0_mesh-mesh-normals-array" count="36" stride="3">
              <param name="X" type="float"/>
              <param name="Y" type="float"/>
              <param name="Z" type="float"/>
            </accessor>
          </technique_common>
        </source>
        <source id="ericrolph_cannon_car_wash_minicar_Hub_0_063_-1_0_mesh-mesh-map-0">
          <float_array id="ericrolph_cannon_car_wash_minicar_Hub_0_063_-1_0_mesh-mesh-map-0-array" count="216">1 1 0.9 0.5 1 0.5 0.9 1 0.8 0.5 0.9 0.5 0.8 1 0.6999999 0.5 0.8 0.5 0.6999999 1 0.5999999 0.5 0.6999999 0.5 0.5999999 1 0.4999999 0.5 0.5999999 0.5 0.4999999 1 0.3999999 0.5 0.4999999 0.5 0.3999999 1 0.2999999 0.5 0.3999999 0.5 0.2999999 1 0.1999999 0.5 0.2999999 0.5 0.02174639 0.3241641 0.1089315 0.0558359 0.3910685 0.0558359 0.1999999 1 0.0999999 0.5 0.1999999 0.5 0.0999999 1 0 0.5 0.0999999 0.5 0.75 0.00999999 0.5217464 0.1758359 0.6089316 0.4441641 1 1 0.9 1 0.9 0.5 0.9 1 0.8 1 0.8 0.5 0.8 1 0.6999999 1 0.6999999 0.5 0.6999999 1 0.5999999 1 0.5999999 0.5 0.5999999 1 0.4999999 1 0.4999999 0.5 0.4999999 1 0.3999999 1 0.3999999 0.5 0.3999999 1 0.2999999 1 0.2999999 0.5 0.2999999 1 0.1999999 1 0.1999999 0.5 0.4782536 0.3241641 0.3910685 0.4441641 0.25 0.49 0.25 0.49 0.1089315 0.4441641 0.02174639 0.3241641 0.02174639 0.3241641 0.02174639 0.1758359 0.1089315 0.0558359 0.1089315 0.0558359 0.25 0.00999999 0.3910685 0.0558359 0.3910685 0.0558359 0.4782536 0.1758359 0.4782536 0.3241641 0.4782536 0.3241641 0.25 0.49 0.3910685 0.0558359 0.25 0.49 0.02174639 0.3241641 0.3910685 0.0558359 0.1999999 1 0.0999999 1 0.0999999 0.5 0.0999999 1 0 1 0 0.5 0.6089316 0.4441641 0.75 0.49 0.8910685 0.4441641 0.8910685 0.4441641 0.9782536 0.3241641 0.9782536 0.1758359 0.9782536 0.1758359 0.8910685 0.0558359 0.75 0.00999999 0.75 0.00999999 0.6089316 0.0558359 0.5217464 0.1758359 0.5217464 0.1758359 0.5217464 0.3241641 0.6089316 0.4441641 0.6089316 0.4441641 0.8910685 0.4441641 0.9782536 0.1758359 0.9782536 0.1758359 0.75 0.00999999 0.6089316 0.4441641</float_array>
          <technique_common>
            <accessor source="#ericrolph_cannon_car_wash_minicar_Hub_0_063_-1_0_mesh-mesh-map-0-array" count="108" stride="2">
              <param name="S" type="float"/>
              <param name="T" type="float"/>
            </accessor>
          </technique_common>
        </source>
        <vertices id="ericrolph_cannon_car_wash_minicar_Hub_0_063_-1_0_mesh-mesh-vertices">
          <input semantic="POSITION" source="#ericrolph_cannon_car_wash_minicar_Hub_0_063_-1_0_mesh-mesh-positions"/>
        </vertices>
        <triangles material="ericrolph_cannon_car_wash_stainless-material" count="36">
          <input semantic="VERTEX" source="#ericrolph_cannon_car_wash_minicar_Hub_0_063_-1_0_mesh-mesh-vertices" offset="0"/>
          <input semantic="NORMAL" source="#ericrolph_cannon_car_wash_minicar_Hub_0_063_-1_0_mesh-mesh-normals" offset="1"/>
          <input semantic="TEXCOORD" source="#ericrolph_cannon_car_wash_minicar_Hub_0_063_-1_0_mesh-mesh-map-0" offset="2" set="0"/>
          <p>1 0 0 2 0 1 0 0 2 3 1 3 4 1 4 2 1 5 5 2 6 6 2 7 4 2 8 7 3 9 8 3 10 6 3 11 9 4 12 10 4 13 8 4 14 11 5 15 12 5 16 10 5 17 13 6 18 14 6 19 12 6 20 15 7 21 16 7 22 14 7 23 17 8 24 13 8 25 9 8 26 17 9 27 18 9 28 16 9 29 19 10 30 0 10 31 18 10 32 10 11 33 14 11 34 18 11 35 1 12 36 3 12 37 2 12 38 3 13 39 5 13 40 4 13 41 5 14 42 7 14 43 6 14 44 7 15 45 9 15 46 8 15 47 9 16 48 11 16 49 10 16 50 11 17 51 13 17 52 12 17 53 13 18 54 15 18 55 14 18 56 15 19 57 17 19 58 16 19 59 5 20 60 3 20 61 1 20 62 1 21 63 19 21 64 17 21 65 17 22 66 15 22 67 13 22 68 13 23 69 11 23 70 9 23 71 9 24 72 7 24 73 5 24 74 5 25 75 1 25 76 9 25 77 1 26 78 17 26 79 9 26 80 17 27 81 19 27 82 18 27 83 19 28 84 1 28 85 0 28 86 18 29 87 0 29 88 2 29 89 2 30 90 4 30 91 6 30 92 6 31 93 8 31 94 10 31 95 10 32 96 12 32 97 14 32 98 14 33 99 16 33 100 18 33 101 18 34 102 2 34 103 6 34 104 6 35 105 10 35 106 18 35 107</p>
        </triangles>
      </mesh>
    </geometry>
    <geometry id="ericrolph_cannon_car_wash_minicar_Hub_0_063_1_0_mesh-mesh" name="ericrolph_cannon_car_wash_minicar_Hub_0.063_1.0_mesh">
      <mesh>
        <source id="ericrolph_cannon_car_wash_minicar_Hub_0_063_1_0_mesh-mesh-positions">
          <float_array id="ericrolph_cannon_car_wash_minicar_Hub_0_063_1_0_mesh-mesh-positions-array" count="60">0 0.01299995 -0.002999961 0 0.01299995 0.002999961 0.007641196 0.01051717 -0.002999961 0.007641196 0.01051717 0.002999961 0.01236373 0.004017174 -0.002999961 0.01236373 0.004017174 0.002999961 0.01236373 -0.004017174 -0.002999961 0.01236373 -0.004017174 0.002999961 0.007641196 -0.01051717 -0.002999961 0.007641196 -0.01051717 0.002999961 0 -0.01299995 -0.002999961 0 -0.01299995 0.002999961 -0.007641196 -0.01051717 -0.002999961 -0.007641196 -0.01051717 0.002999961 -0.01236373 -0.004017174 -0.002999961 -0.01236373 -0.004017174 0.002999961 -0.01236373 0.004017174 -0.002999961 -0.01236373 0.004017174 0.002999961 -0.007641196 0.01051717 -0.002999961 -0.007641196 0.01051717 0.002999961</float_array>
          <technique_common>
            <accessor source="#ericrolph_cannon_car_wash_minicar_Hub_0_063_1_0_mesh-mesh-positions-array" count="20" stride="3">
              <param name="X" type="float"/>
              <param name="Y" type="float"/>
              <param name="Z" type="float"/>
            </accessor>
          </technique_common>
        </source>
        <source id="ericrolph_cannon_car_wash_minicar_Hub_0_063_1_0_mesh-mesh-normals">
          <float_array id="ericrolph_cannon_car_wash_minicar_Hub_0_063_1_0_mesh-mesh-normals-array" count="108">0.309017 0.9510565 0 0.809017 0.5877853 0 1 0 0 0.809017 -0.5877853 0 0.309017 -0.9510565 0 -0.309017 -0.9510565 0 -0.809017 -0.5877853 0 -1 0 0 0 0 1 -0.809017 0.5877853 0 -0.309017 0.9510565 0 0 0 -1 0.309017 0.9510565 0 0.809017 0.5877853 0 1 0 0 0.809017 -0.5877853 0 0.309017 -0.9510565 0 -0.309017 -0.9510565 0 -0.809017 -0.5877853 0 -1 0 0 0 0 1 0 0 1 0 0 1 0 0 1 0 0 1 0 0 1 0 0 1 -0.809017 0.5877853 0 -0.309017 0.9510565 0 0 0 -1 0 0 -1 0 0 -1 0 0 -1 0 0 -1 0 0 -1 0 0 -1</float_array>
          <technique_common>
            <accessor source="#ericrolph_cannon_car_wash_minicar_Hub_0_063_1_0_mesh-mesh-normals-array" count="36" stride="3">
              <param name="X" type="float"/>
              <param name="Y" type="float"/>
              <param name="Z" type="float"/>
            </accessor>
          </technique_common>
        </source>
        <source id="ericrolph_cannon_car_wash_minicar_Hub_0_063_1_0_mesh-mesh-map-0">
          <float_array id="ericrolph_cannon_car_wash_minicar_Hub_0_063_1_0_mesh-mesh-map-0-array" count="216">1 1 0.9 0.5 1 0.5 0.9 1 0.8 0.5 0.9 0.5 0.8 1 0.6999999 0.5 0.8 0.5 0.6999999 1 0.5999999 0.5 0.6999999 0.5 0.5999999 1 0.4999999 0.5 0.5999999 0.5 0.4999999 1 0.3999999 0.5 0.4999999 0.5 0.3999999 1 0.2999999 0.5 0.3999999 0.5 0.2999999 1 0.1999999 0.5 0.2999999 0.5 0.02174639 0.3241641 0.1089315 0.0558359 0.3910685 0.0558359 0.1999999 1 0.0999999 0.5 0.1999999 0.5 0.0999999 1 0 0.5 0.0999999 0.5 0.75 0.00999999 0.5217464 0.1758359 0.6089316 0.4441641 1 1 0.9 1 0.9 0.5 0.9 1 0.8 1 0.8 0.5 0.8 1 0.6999999 1 0.6999999 0.5 0.6999999 1 0.5999999 1 0.5999999 0.5 0.5999999 1 0.4999999 1 0.4999999 0.5 0.4999999 1 0.3999999 1 0.3999999 0.5 0.3999999 1 0.2999999 1 0.2999999 0.5 0.2999999 1 0.1999999 1 0.1999999 0.5 0.4782536 0.3241641 0.3910685 0.4441641 0.25 0.49 0.25 0.49 0.1089315 0.4441641 0.02174639 0.3241641 0.02174639 0.3241641 0.02174639 0.1758359 0.1089315 0.0558359 0.1089315 0.0558359 0.25 0.00999999 0.3910685 0.0558359 0.3910685 0.0558359 0.4782536 0.1758359 0.4782536 0.3241641 0.4782536 0.3241641 0.25 0.49 0.3910685 0.0558359 0.25 0.49 0.02174639 0.3241641 0.3910685 0.0558359 0.1999999 1 0.0999999 1 0.0999999 0.5 0.0999999 1 0 1 0 0.5 0.6089316 0.4441641 0.75 0.49 0.8910685 0.4441641 0.8910685 0.4441641 0.9782536 0.3241641 0.9782536 0.1758359 0.9782536 0.1758359 0.8910685 0.0558359 0.75 0.00999999 0.75 0.00999999 0.6089316 0.0558359 0.5217464 0.1758359 0.5217464 0.1758359 0.5217464 0.3241641 0.6089316 0.4441641 0.6089316 0.4441641 0.8910685 0.4441641 0.9782536 0.1758359 0.9782536 0.1758359 0.75 0.00999999 0.6089316 0.4441641</float_array>
          <technique_common>
            <accessor source="#ericrolph_cannon_car_wash_minicar_Hub_0_063_1_0_mesh-mesh-map-0-array" count="108" stride="2">
              <param name="S" type="float"/>
              <param name="T" type="float"/>
            </accessor>
          </technique_common>
        </source>
        <vertices id="ericrolph_cannon_car_wash_minicar_Hub_0_063_1_0_mesh-mesh-vertices">
          <input semantic="POSITION" source="#ericrolph_cannon_car_wash_minicar_Hub_0_063_1_0_mesh-mesh-positions"/>
        </vertices>
        <triangles material="ericrolph_cannon_car_wash_stainless-material" count="36">
          <input semantic="VERTEX" source="#ericrolph_cannon_car_wash_minicar_Hub_0_063_1_0_mesh-mesh-vertices" offset="0"/>
          <input semantic="NORMAL" source="#ericrolph_cannon_car_wash_minicar_Hub_0_063_1_0_mesh-mesh-normals" offset="1"/>
          <input semantic="TEXCOORD" source="#ericrolph_cannon_car_wash_minicar_Hub_0_063_1_0_mesh-mesh-map-0" offset="2" set="0"/>
          <p>1 0 0 2 0 1 0 0 2 3 1 3 4 1 4 2 1 5 5 2 6 6 2 7 4 2 8 7 3 9 8 3 10 6 3 11 9 4 12 10 4 13 8 4 14 11 5 15 12 5 16 10 5 17 13 6 18 14 6 19 12 6 20 15 7 21 16 7 22 14 7 23 17 8 24 13 8 25 9 8 26 17 9 27 18 9 28 16 9 29 19 10 30 0 10 31 18 10 32 10 11 33 14 11 34 18 11 35 1 12 36 3 12 37 2 12 38 3 13 39 5 13 40 4 13 41 5 14 42 7 14 43 6 14 44 7 15 45 9 15 46 8 15 47 9 16 48 11 16 49 10 16 50 11 17 51 13 17 52 12 17 53 13 18 54 15 18 55 14 18 56 15 19 57 17 19 58 16 19 59 5 20 60 3 20 61 1 20 62 1 21 63 19 21 64 17 21 65 17 22 66 15 22 67 13 22 68 13 23 69 11 23 70 9 23 71 9 24 72 7 24 73 5 24 74 5 25 75 1 25 76 9 25 77 1 26 78 17 26 79 9 26 80 17 27 81 19 27 82 18 27 83 19 28 84 1 28 85 0 28 86 18 29 87 0 29 88 2 29 89 2 30 90 4 30 91 6 30 92 6 31 93 8 31 94 10 31 95 10 32 96 12 32 97 14 32 98 14 33 99 16 33 100 18 33 101 18 34 102 2 34 103 6 34 104 6 35 105 10 35 106 18 35 107</p>
        </triangles>
      </mesh>
    </geometry>
    <geometry id="ericrolph_cannon_car_wash_minicar_Screen_mesh-mesh" name="ericrolph_cannon_car_wash_minicar_Screen_mesh">
      <mesh>
        <source id="ericrolph_cannon_car_wash_minicar_Screen_mesh-mesh-positions">
          <float_array id="ericrolph_cannon_car_wash_minicar_Screen_mesh-mesh-positions-array" count="168">-5e-4 -0.02999997 -0.01499998 -5e-4 -0.03399997 -0.01099997 -0.004499971 -0.02999997 -0.01099997 -5e-4 -0.03282839 -0.01382839 -0.002809345 -0.03230935 -0.01330935 -0.003328382 -0.03282839 -0.01099997 -0.003328382 -0.02999997 -0.01382839 -5e-4 -0.03399997 0.01099997 -5e-4 -0.02999997 0.01499998 -0.004499971 -0.02999997 0.01099997 -5e-4 -0.03282839 0.01382839 -0.002809345 -0.03230935 0.01330935 -0.003328382 -0.02999997 0.01382839 -0.003328382 -0.03282839 0.01099997 -5e-4 0.02999997 -0.01499998 -0.004499971 0.02999997 -0.01099997 -5e-4 0.03399997 -0.01099997 -0.003328382 0.02999997 -0.01382839 -0.002809345 0.03230935 -0.01330935 -0.003328382 0.03282839 -0.01099997 -5e-4 0.03282839 -0.01382839 -5e-4 0.02999997 0.01499998 -5e-4 0.03399997 0.01099997 -0.004499971 0.02999997 0.01099997 -5e-4 0.03282839 0.01382839 -0.002809345 0.03230935 0.01330935 -0.003328382 0.03282839 0.01099997 -0.003328382 0.02999997 0.01382839 5e-4 -0.02999997 -0.01499998 0.004499971 -0.02999997 -0.01099997 5e-4 -0.03399997 -0.01099997 0.003328382 -0.02999997 -0.01382839 0.002809345 -0.03230935 -0.01330935 0.003328382 -0.03282839 -0.01099997 5e-4 -0.03282839 -0.01382839 5e-4 -0.02999997 0.01499998 5e-4 -0.03399997 0.01099997 0.004499971 -0.02999997 0.01099997 5e-4 -0.03282839 0.01382839 0.002809345 -0.03230935 0.01330935 0.003328382 -0.03282839 0.01099997 0.003328382 -0.02999997 0.01382839 5e-4 0.02999997 -0.01499998 5e-4 0.03399997 -0.01099997 0.004499971 0.02999997 -0.01099997 5e-4 0.03282839 -0.01382839 0.002809345 0.03230935 -0.01330935 0.003328382 0.03282839 -0.01099997 0.003328382 0.02999997 -0.01382839 5e-4 0.02999997 0.01499998 0.004499971 0.02999997 0.01099997 5e-4 0.03399997 0.01099997 0.003328382 0.02999997 0.01382839 0.002809345 0.03230935 0.01330935 0.003328382 0.03282839 0.01099997 5e-4 0.03282839 0.01382839</float_array>
          <technique_common>
            <accessor source="#ericrolph_cannon_car_wash_minicar_Screen_mesh-mesh-positions-array" count="56" stride="3">
              <param name="X" type="float"/>
              <param name="Y" type="float"/>
              <param name="Z" type="float"/>
            </accessor>
          </technique_common>
        </source>
        <source id="ericrolph_cannon_car_wash_minicar_Screen_mesh-mesh-normals">
          <float_array id="ericrolph_cannon_car_wash_minicar_Screen_mesh-mesh-normals-array" count="324">-0.3671804 -0.2817475 -0.8864519 -0.2817475 -0.8864517 -0.3671807 -0.8864519 -0.3671805 -0.2817475 -0.3671807 -0.8864517 0.2817475 -0.2817474 -0.3671805 0.8864519 -0.8864519 -0.2817475 0.3671805 -0.2817474 0.3671805 -0.8864519 -0.8864519 0.2817475 -0.3671805 -0.3671807 0.8864517 -0.2817475 -0.3671804 0.2817475 0.8864519 -0.2817475 0.8864517 0.3671807 -0.8864519 0.3671805 0.2817475 0.2817474 -0.3671805 -0.8864519 0.8864519 -0.2817475 -0.3671805 0.3671807 -0.8864517 -0.2817475 0.3671804 -0.2817475 0.8864519 0.2817475 -0.8864517 0.3671807 0.8864519 -0.3671805 0.2817475 0.3671804 0.2817475 -0.8864519 0.2817475 0.8864517 -0.3671807 0.8864519 0.3671805 -0.2817475 0.2817474 0.3671805 0.8864519 0.8864519 0.2817475 0.3671805 0.3671807 0.8864517 0.2817475 -0.3826835 0 -0.9238795 -0.9238796 0 -0.3826835 -0.3826837 -0.9238795 0 -0.9238795 -0.3826835 0 -0.3826835 0 0.9238795 -0.9238796 0 0.3826835 -0.3826837 0.9238795 0 -0.9238795 0.3826835 0 0 0.3826835 -0.9238795 0 0.9238794 -0.3826838 0 0.3826835 0.9238795 0 0.9238794 0.3826838 0.9238795 0.3826835 0 0.3826837 0.9238795 0 0.3826835 0 -0.9238795 0.9238796 0 -0.3826835 0.3826835 0 0.9238795 0.9238796 0 0.3826835 0.3826837 -0.9238795 0 0.9238795 -0.3826835 0 0 -0.3826835 -0.9238795 0 -0.9238794 -0.3826838 0 -0.3826835 0.9238795 0 -0.9238794 0.3826838 0 0 -1 -1 0 0 0 -1 0 0 0 1 0 1 0 1 0 0 -0.2817474 -0.3671805 -0.8864519 -0.3671807 -0.8864518 -0.2817475 -0.8864519 -0.2817475 -0.3671804 -0.2817475 -0.8864517 0.3671807 -0.3671804 -0.2817475 0.8864519 -0.8864519 -0.3671804 0.2817475 -0.3671804 0.2817475 -0.8864519 -0.8864519 0.3671804 -0.2817475 -0.2817475 0.8864517 -0.3671807 -0.2817474 0.3671805 0.8864519 -0.3671807 0.8864518 0.2817475 -0.8864519 0.2817475 0.3671804 0.3671804 -0.2817475 -0.8864519 0.8864519 -0.3671804 -0.2817475 0.2817475 -0.8864517 -0.3671807 0.2817474 -0.3671805 0.8864519 0.3671807 -0.8864518 0.2817475 0.8864519 -0.2817475 0.3671804 0.2817474 0.3671805 -0.8864519 0.3671807 0.8864518 -0.2817475 0.8864519 0.2817475 -0.3671804 0.3671804 0.2817475 0.8864519 0.8864519 0.3671804 0.2817475 0.2817475 0.8864517 0.3671807 -0.3826835 0 -0.9238795 -0.9238796 0 -0.3826835 -0.3826837 -0.9238795 0 -0.9238795 -0.3826835 0 -0.3826835 0 0.9238795 -0.9238796 0 0.3826835 -0.3826837 0.9238795 0 -0.9238795 0.3826835 0 0 0.3826835 -0.9238795 0 0.9238794 -0.3826838 0 0.3826835 0.9238795 0 0.9238794 0.3826838 0.9238795 0.3826835 0 0.3826837 0.9238795 0 0.3826835 0 -0.9238795 0.9238796 0 -0.3826835 0.3826835 0 0.9238795 0.9238796 0 0.3826835 0.3826837 -0.9238795 0 0.9238795 -0.3826835 0 0 -0.3826835 -0.9238795 0 -0.9238794 -0.3826838 0 -0.3826835 0.9238795 0 -0.9238794 0.3826838 0 0 -1 -1 0 0 0 -1 0 0 0 1 0 1 0 1 0 0</float_array>
          <technique_common>
            <accessor source="#ericrolph_cannon_car_wash_minicar_Screen_mesh-mesh-normals-array" count="108" stride="3">
              <param name="X" type="float"/>
              <param name="Y" type="float"/>
              <param name="Z" type="float"/>
            </accessor>
          </technique_common>
        </source>
        <source id="ericrolph_cannon_car_wash_minicar_Screen_mesh-mesh-map-0">
          <float_array id="ericrolph_cannon_car_wash_minicar_Screen_mesh-mesh-map-0-array" count="648">0.2361111 0.7352941 0.1719611 0.75 0.125 0.7352942 0.4083334 0.8888888 0.3890883 1 0.375 0.8888888 0.4083333 0.01470583 0.375 0.006215333 0.4083333 0 0.5916666 0.888889 0.625 0.9530389 0.5916667 1 0.763889 0.7352942 0.875 0.7437846 0.7638888 0.75 0.5916666 0.01470583 0.6109117 0 0.625 0.01470583 0.2361111 0.514706 0.125 0.5062154 0.2361111 0.5 0.4083333 0.2352941 0.3820441 0.2734805 0.375 0.2352941 0.4083333 0.3611111 0.3820441 0.2734805 0.4083333 0.25 0.763889 0.514706 0.8280389 0.5 0.8750001 0.514706 0.5916667 0.3611112 0.6179559 0.2468923 0.625 0.3611111 0.5916666 0.2352941 0.6179559 0.2468923 0.5916667 0.25 0.2638889 0.7352941 0.3796961 0.7635819 0.3194444 0.8055555 0.4083333 0.7352941 0.3796961 0.7635819 0.375 0.7352942 0.4083333 0.8611111 0.3796961 0.7635819 0.4083333 0.75 0.7361112 0.7352941 0.6359576 0.7479282 0.625 0.7352942 0.5916667 0.8611112 0.6359576 0.7479282 0.6805557 0.8055557 0.5916666 0.7352941 0.6359576 0.7479282 0.5916667 0.75 0.2638889 0.5147059 0.3640424 0.5020717 0.375 0.5147059 0.4083333 0.3888889 0.3640424 0.5020717 0.3194444 0.4444444 0.4083333 0.5147058 0.3640424 0.5020717 0.4083333 0.5 0.7361113 0.514706 0.6203039 0.4864181 0.6805555 0.4444444 0.5916666 0.5147058 0.6203039 0.4864181 0.625 0.5147059 0.5916667 0.3888889 0.6203039 0.4864181 0.5916667 0.5 0.2361111 0.7352941 0.125 0.514706 0.2361111 0.514706 0.375 0.01470583 0.4083333 0.2352941 0.375 0.2352941 0.5916666 0.888889 0.4083333 1 0.4083334 0.8888888 0.5916666 0 0.4083333 0.01470583 0.4083333 0 0.763889 0.514706 0.875 0.7352942 0.763889 0.7352942 0.625 0.2352941 0.5916666 0.01470583 0.625 0.01470583 0.4083333 0.3611111 0.5916667 0.25 0.5916667 0.3611112 0.4083333 0.25 0.5916666 0.2352941 0.5916667 0.25 0.2361111 0.514706 0.3194444 0.4444444 0.2638889 0.5147059 0.375 0.3611111 0.4083333 0.3888889 0.3194444 0.4444444 0.7361113 0.514706 0.7638888 0.5 0.763889 0.514706 0.6805555 0.4444444 0.5916667 0.3611112 0.625 0.3611111 0.4083333 0.5147058 0.5916667 0.5 0.5916666 0.5147058 0.4083333 0.5 0.5916667 0.3888889 0.5916667 0.5 0.2638889 0.5147059 0.375 0.7352942 0.2638889 0.7352941 0.375 0.5147059 0.4083333 0.7352941 0.375 0.7352942 0.7361112 0.7352941 0.625 0.5147059 0.7361113 0.514706 0.625 0.7352942 0.5916666 0.5147058 0.625 0.5147059 0.4083333 0.8611111 0.5916667 0.75 0.5916667 0.8611112 0.4083333 0.75 0.5916666 0.7352941 0.5916667 0.75 0.2638889 0.7352941 0.2361111 0.75 0.2361111 0.7352941 0.3194444 0.8055555 0.4083334 0.8888888 0.375 0.8888888 0.763889 0.7352942 0.6805557 0.8055557 0.7361112 0.7352941 0.625 0.8888889 0.5916667 0.8611112 0.6805557 0.8055557 0.2638889 0.5147059 0.2361111 0.7352941 0.2361111 0.514706 0.5916666 0.01470583 0.4083333 0.2352941 0.4083333 0.01470583 0.5916667 0.8611112 0.4083334 0.8888888 0.4083333 0.8611111 0.763889 0.514706 0.7361112 0.7352941 0.7361113 0.514706 0.5916667 0.3611112 0.4083333 0.3888889 0.4083333 0.3611111 0.5916666 0.5147058 0.4083333 0.7352941 0.4083333 0.5147058 0.2361111 0.7352941 0.2361111 0.75 0.1719611 0.75 0.4083334 0.8888888 0.4083333 1 0.3890883 1 0.4083333 0.01470583 0.375 0.01470583 0.375 0.006215333 0.5916666 0.888889 0.625 0.8888889 0.625 0.9530389 0.763889 0.7352942 0.875 0.7352942 0.875 0.7437846 0.5916666 0.01470583 0.5916666 0 0.6109117 0 0.2361111 0.514706 0.125 0.514706 0.125 0.5062154 0.4083333 0.2352941 0.4083333 0.25 0.3820441 0.2734805 0.4083333 0.3611111 0.375 0.3611111 0.3820441 0.2734805 0.763889 0.514706 0.7638888 0.5 0.8280389 0.5 0.5916667 0.3611112 0.5916667 0.25 0.6179559 0.2468923 0.5916666 0.2352941 0.625 0.2352941 0.6179559 0.2468923 0.2638889 0.7352941 0.375 0.7352942 0.3796961 0.7635819 0.4083333 0.7352941 0.4083333 0.75 0.3796961 0.7635819 0.4083333 0.8611111 0.3194444 0.8055555 0.3796961 0.7635819 0.7361112 0.7352941 0.6805557 0.8055557 0.6359576 0.7479282 0.5916667 0.8611112 0.5916667 0.75 0.6359576 0.7479282 0.5916666 0.7352941 0.625 0.7352942 0.6359576 0.7479282 0.2638889 0.5147059 0.3194444 0.4444444 0.3640424 0.5020717 0.4083333 0.3888889 0.4083333 0.5 0.3640424 0.5020717 0.4083333 0.5147058 0.375 0.5147059 0.3640424 0.5020717 0.7361113 0.514706 0.625 0.5147059 0.6203039 0.4864181 0.5916666 0.5147058 0.5916667 0.5 0.6203039 0.4864181 0.5916667 0.3888889 0.6805555 0.4444444 0.6203039 0.4864181 0.2361111 0.7352941 0.125 0.7352942 0.125 0.514706 0.375 0.01470583 0.4083333 0.01470583 0.4083333 0.2352941 0.5916666 0.888889 0.5916667 1 0.4083333 1 0.5916666 0 0.5916666 0.01470583 0.4083333 0.01470583 0.763889 0.514706 0.8750001 0.514706 0.875 0.7352942 0.625 0.2352941 0.5916666 0.2352941 0.5916666 0.01470583 0.4083333 0.3611111 0.4083333 0.25 0.5916667 0.25 0.4083333 0.25 0.4083333 0.2352941 0.5916666 0.2352941 0.2361111 0.514706 0.2361111 0.5 0.3194444 0.4444444 0.375 0.3611111 0.4083333 0.3611111 0.4083333 0.3888889 0.7361113 0.514706 0.6805555 0.4444444 0.7638888 0.5 0.6805555 0.4444444 0.5916667 0.3888889 0.5916667 0.3611112 0.4083333 0.5147058 0.4083333 0.5 0.5916667 0.5 0.4083333 0.5 0.4083333 0.3888889 0.5916667 0.3888889 0.2638889 0.5147059 0.375 0.5147059 0.375 0.7352942 0.375 0.5147059 0.4083333 0.5147058 0.4083333 0.7352941 0.7361112 0.7352941 0.625 0.7352942 0.625 0.5147059 0.625 0.7352942 0.5916666 0.7352941 0.5916666 0.5147058 0.4083333 0.8611111 0.4083333 0.75 0.5916667 0.75 0.4083333 0.75 0.4083333 0.7352941 0.5916666 0.7352941 0.2638889 0.7352941 0.3194444 0.8055555 0.2361111 0.75 0.3194444 0.8055555 0.4083333 0.8611111 0.4083334 0.8888888 0.763889 0.7352942 0.7638888 0.75 0.6805557 0.8055557 0.625 0.8888889 0.5916666 0.888889 0.5916667 0.8611112 0.2638889 0.5147059 0.2638889 0.7352941 0.2361111 0.7352941 0.5916666 0.01470583 0.5916666 0.2352941 0.4083333 0.2352941 0.5916667 0.8611112 0.5916666 0.888889 0.4083334 0.8888888 0.763889 0.514706 0.763889 0.7352942 0.7361112 0.7352941 0.5916667 0.3611112 0.5916667 0.3888889 0.4083333 0.3888889 0.5916666 0.5147058 0.5916666 0.7352941 0.4083333 0.7352941</float_array>
          <technique_common>
            <accessor source="#ericrolph_cannon_car_wash_minicar_Screen_mesh-mesh-map-0-array" count="324" stride="2">
              <param name="S" type="float"/>
              <param name="T" type="float"/>
            </accessor>
          </technique_common>
        </source>
        <vertices id="ericrolph_cannon_car_wash_minicar_Screen_mesh-mesh-vertices">
          <input semantic="POSITION" source="#ericrolph_cannon_car_wash_minicar_Screen_mesh-mesh-positions"/>
        </vertices>
        <triangles material="ericrolph_cannon_car_wash_glass-material" count="108">
          <input semantic="VERTEX" source="#ericrolph_cannon_car_wash_minicar_Screen_mesh-mesh-vertices" offset="0"/>
          <input semantic="NORMAL" source="#ericrolph_cannon_car_wash_minicar_Screen_mesh-mesh-normals" offset="1"/>
          <input semantic="TEXCOORD" source="#ericrolph_cannon_car_wash_minicar_Screen_mesh-mesh-map-0" offset="2" set="0"/>
          <p>0 0 0 4 0 1 6 0 2 1 1 3 4 1 4 3 1 5 2 2 6 4 2 7 5 2 8 7 3 9 11 3 10 13 3 11 8 4 12 11 4 13 10 4 14 9 5 15 11 5 16 12 5 17 14 6 18 18 6 19 20 6 20 15 7 21 18 7 22 17 7 23 16 8 24 18 8 25 19 8 26 21 9 27 25 9 28 27 9 29 22 10 30 25 10 31 24 10 32 23 11 33 25 11 34 26 11 35 28 12 36 32 12 37 34 12 38 29 13 39 32 13 40 31 13 41 30 14 42 32 14 43 33 14 44 35 15 45 39 15 46 41 15 47 36 16 48 39 16 49 38 16 50 37 17 51 39 17 52 40 17 53 42 18 54 46 18 55 48 18 56 43 19 57 46 19 58 45 19 59 44 20 60 46 20 61 47 20 62 49 21 63 53 21 64 55 21 65 50 22 66 53 22 67 52 22 68 51 23 69 53 23 70 54 23 71 0 24 72 17 24 73 14 24 74 6 25 75 15 25 76 17 25 77 7 26 78 5 26 79 1 26 80 13 27 81 2 27 82 5 27 83 21 28 84 12 28 85 8 28 86 27 29 87 9 29 88 12 29 89 16 30 90 26 30 91 22 30 92 19 31 93 23 31 94 26 31 95 14 32 96 45 32 97 42 32 98 20 33 99 43 33 100 45 33 101 49 34 102 24 34 103 21 34 104 55 35 105 22 35 106 24 35 107 44 36 108 54 36 109 50 36 110 47 37 111 51 37 112 54 37 113 42 38 114 31 38 115 28 38 116 48 39 117 29 39 118 31 39 119 35 40 120 52 40 121 49 40 122 41 41 123 50 41 124 52 41 125 30 42 126 40 42 127 36 42 128 33 43 129 37 43 130 40 43 131 28 44 132 3 44 133 0 44 134 34 45 135 1 45 136 3 45 137 8 46 138 38 46 139 35 46 140 10 47 141 36 47 142 38 47 143 42 48 144 0 48 145 14 48 146 9 49 147 15 49 148 2 49 149 36 50 150 1 50 151 30 50 152 21 51 153 35 51 154 49 51 155 22 52 156 43 52 157 16 52 158 50 53 159 29 53 160 44 53 161 0 54 162 3 54 163 4 54 164 1 55 165 5 55 166 4 55 167 2 56 168 6 56 169 4 56 170 7 57 171 10 57 172 11 57 173 8 58 174 12 58 175 11 58 176 9 59 177 13 59 178 11 59 179 14 60 180 17 60 181 18 60 182 15 61 183 19 61 184 18 61 185 16 62 186 20 62 187 18 62 188 21 63 189 24 63 190 25 63 191 22 64 192 26 64 193 25 64 194 23 65 195 27 65 196 25 65 197 28 66 198 31 66 199 32 66 200 29 67 201 33 67 202 32 67 203 30 68 204 34 68 205 32 68 206 35 69 207 38 69 208 39 69 209 36 70 210 40 70 211 39 70 212 37 71 213 41 71 214 39 71 215 42 72 216 45 72 217 46 72 218 43 73 219 47 73 220 46 73 221 44 74 222 48 74 223 46 74 224 49 75 225 52 75 226 53 75 227 50 76 228 54 76 229 53 76 230 51 77 231 55 77 232 53 77 233 0 78 234 6 78 235 17 78 236 6 79 237 2 79 238 15 79 239 7 80 240 13 80 241 5 80 242 13 81 243 9 81 244 2 81 245 21 82 246 27 82 247 12 82 248 27 83 249 23 83 250 9 83 251 16 84 252 19 84 253 26 84 254 19 85 255 15 85 256 23 85 257 14 86 258 20 86 259 45 86 260 20 87 261 16 87 262 43 87 263 49 88 264 55 88 265 24 88 266 55 89 267 51 89 268 22 89 269 44 90 270 47 90 271 54 90 272 47 91 273 43 91 274 51 91 275 42 92 276 48 92 277 31 92 278 48 93 279 44 93 280 29 93 281 35 94 282 41 94 283 52 94 284 41 95 285 37 95 286 50 95 287 30 96 288 33 96 289 40 96 290 33 97 291 29 97 292 37 97 293 28 98 294 34 98 295 3 98 296 34 99 297 30 99 298 1 99 299 8 100 300 10 100 301 38 100 302 10 101 303 7 101 304 36 101 305 42 102 306 28 102 307 0 102 308 9 103 309 23 103 310 15 103 311 36 104 312 7 104 313 1 104 314 21 105 315 8 105 316 35 105 317 22 106 318 51 106 319 43 106 320 50 107 321 37 107 322 29 107 323</p>
        </triangles>
      </mesh>
    </geometry>
    <geometry id="ericrolph_cannon_car_wash_minicar_Wheel_-0_063_-1_0_mesh-mesh" name="ericrolph_cannon_car_wash_minicar_Wheel_-0.063_-1.0_mesh">
      <mesh>
        <source id="ericrolph_cannon_car_wash_minicar_Wheel_-0_063_-1_0_mesh-mesh-positions">
          <float_array id="ericrolph_cannon_car_wash_minicar_Wheel_-0_063_-1_0_mesh-mesh-positions-array" count="72">0 0.02799999 -0.00999999 0 0.02799999 0.00999999 0.01399999 0.02424865 -0.00999999 0.01399999 0.02424865 0.00999999 0.02424865 0.01399999 -0.00999999 0.02424865 0.01399999 0.00999999 0.02799999 0 -0.00999999 0.02799999 0 0.00999999 0.02424865 -0.01399999 -0.00999999 0.02424865 -0.01399999 0.00999999 0.01399999 -0.02424865 -0.00999999 0.01399999 -0.02424865 0.00999999 0 -0.02799999 -0.00999999 0 -0.02799999 0.00999999 -0.01399999 -0.02424865 -0.00999999 -0.01399999 -0.02424865 0.00999999 -0.02424865 -0.01399999 -0.00999999 -0.02424865 -0.01399999 0.00999999 -0.02799999 0 -0.00999999 -0.02799999 0 0.00999999 -0.02424865 0.01399999 -0.00999999 -0.02424865 0.01399999 0.00999999 -0.01399999 0.02424865 -0.00999999 -0.01399999 0.02424865 0.00999999</float_array>
          <technique_common>
            <accessor source="#ericrolph_cannon_car_wash_minicar_Wheel_-0_063_-1_0_mesh-mesh-positions-array" count="24" stride="3">
              <param name="X" type="float"/>
              <param name="Y" type="float"/>
              <param name="Z" type="float"/>
            </accessor>
          </technique_common>
        </source>
        <source id="ericrolph_cannon_car_wash_minicar_Wheel_-0_063_-1_0_mesh-mesh-normals">
          <float_array id="ericrolph_cannon_car_wash_minicar_Wheel_-0_063_-1_0_mesh-mesh-normals-array" count="132">0.2588191 0.9659258 0 0.7071068 0.7071068 0 0.9659258 0.2588191 0 0.9659258 -0.2588191 0 0.7071068 -0.7071068 0 0.2588191 -0.9659258 0 -0.2588191 -0.9659258 0 -0.7071068 -0.7071068 0 -0.9659258 -0.2588191 0 -0.9659258 0.2588191 0 0 0 1 -0.7071068 0.7071068 0 -0.2588191 0.9659258 0 0 0 -1 0.2588191 0.9659258 0 0.7071068 0.7071068 0 0.9659258 0.2588191 0 0.9659258 -0.2588191 0 0.7071068 -0.7071068 0 0.2588191 -0.9659258 0 -0.2588191 -0.9659258 0 -0.7071068 -0.7071068 0 -0.9659258 -0.2588191 0 -0.9659258 0.2588191 0 0 0 1 0 0 1 0 0 1 0 0 1 0 0 1 0 0 1 0 0 1 0 0 1 0 0 1 -0.7071068 0.7071068 0 -0.2588191 0.9659258 0 0 0 -1 0 0 -1 0 0 -1 0 0 -1 0 0 -1 0 0 -1 0 0 -1 0 0 -1 0 0 -1</float_array>
          <technique_common>
            <accessor source="#ericrolph_cannon_car_wash_minicar_Wheel_-0_063_-1_0_mesh-mesh-normals-array" count="44" stride="3">
              <param name="X" type="float"/>
              <param name="Y" type="float"/>
              <param name="Z" type="float"/>
            </accessor>
          </technique_common>
        </source>
        <source id="ericrolph_cannon_car_wash_minicar_Wheel_-0_063_-1_0_mesh-mesh-map-0">
          <float_array id="ericrolph_cannon_car_wash_minicar_Wheel_-0_063_-1_0_mesh-mesh-map-0-array" count="264">1 1 0.9166667 0.5 1 0.5 0.9166667 1 0.8333334 0.5 0.9166667 0.5 0.8333334 1 0.7500001 0.5 0.8333334 0.5 0.7500001 1 0.6666668 0.5 0.7500001 0.5 0.6666668 1 0.5833334 0.5 0.6666668 0.5 0.5833334 1 0.5000001 0.5 0.5833334 0.5 0.5000001 1 0.4166668 0.5 0.5000001 0.5 0.4166668 1 0.3333334 0.5 0.4166668 0.5 0.3333334 1 0.2500001 0.5 0.3333334 0.5 0.2500001 1 0.1666667 0.5 0.2500001 0.5 0.04215389 0.37 0.25 0.00999999 0.4578461 0.37 0.1666667 1 0.08333337 0.5 0.1666667 0.5 0.08333337 1 0 0.5 0.08333337 0.5 0.99 0.25 0.63 0.04215389 0.63 0.4578461 1 1 0.9166667 1 0.9166667 0.5 0.9166667 1 0.8333334 1 0.8333334 0.5 0.8333334 1 0.7500001 1 0.7500001 0.5 0.7500001 1 0.6666668 1 0.6666668 0.5 0.6666668 1 0.5833334 1 0.5833334 0.5 0.5833334 1 0.5000001 1 0.5000001 0.5 0.5000001 1 0.4166668 1 0.4166668 0.5 0.4166668 1 0.3333334 1 0.3333334 0.5 0.3333334 1 0.2500001 1 0.2500001 0.5 0.2500001 1 0.1666667 1 0.1666667 0.5 0.4578461 0.37 0.37 0.4578461 0.25 0.49 0.25 0.49 0.1299999 0.4578461 0.04215389 0.37 0.04215389 0.37 0.00999999 0.25 0.04215389 0.1299999 0.04215389 0.1299999 0.1299999 0.04215389 0.25 0.00999999 0.25 0.00999999 0.37 0.04215389 0.4578461 0.1299999 0.4578461 0.1299999 0.49 0.25 0.4578461 0.37 0.4578461 0.37 0.25 0.49 0.04215389 0.37 0.04215389 0.37 0.04215389 0.1299999 0.25 0.00999999 0.25 0.00999999 0.4578461 0.1299999 0.4578461 0.37 0.1666667 1 0.08333337 1 0.08333337 0.5 0.08333337 1 0 1 0 0.5 0.63 0.4578461 0.75 0.49 0.87 0.4578461 0.87 0.4578461 0.9578461 0.37 0.99 0.25 0.99 0.25 0.9578461 0.1299999 0.87 0.04215389 0.87 0.04215389 0.75 0.00999999 0.63 0.04215389 0.63 0.04215389 0.5421539 0.1299999 0.51 0.25 0.51 0.25 0.5421539 0.37 0.63 0.4578461 0.63 0.4578461 0.87 0.4578461 0.99 0.25 0.99 0.25 0.87 0.04215389 0.63 0.04215389 0.63 0.04215389 0.51 0.25 0.63 0.4578461</float_array>
          <technique_common>
            <accessor source="#ericrolph_cannon_car_wash_minicar_Wheel_-0_063_-1_0_mesh-mesh-map-0-array" count="132" stride="2">
              <param name="S" type="float"/>
              <param name="T" type="float"/>
            </accessor>
          </technique_common>
        </source>
        <vertices id="ericrolph_cannon_car_wash_minicar_Wheel_-0_063_-1_0_mesh-mesh-vertices">
          <input semantic="POSITION" source="#ericrolph_cannon_car_wash_minicar_Wheel_-0_063_-1_0_mesh-mesh-positions"/>
        </vertices>
        <triangles material="ericrolph_cannon_car_wash_mini_wheel-material" count="44">
          <input semantic="VERTEX" source="#ericrolph_cannon_car_wash_minicar_Wheel_-0_063_-1_0_mesh-mesh-vertices" offset="0"/>
          <input semantic="NORMAL" source="#ericrolph_cannon_car_wash_minicar_Wheel_-0_063_-1_0_mesh-mesh-normals" offset="1"/>
          <input semantic="TEXCOORD" source="#ericrolph_cannon_car_wash_minicar_Wheel_-0_063_-1_0_mesh-mesh-map-0" offset="2" set="0"/>
          <p>1 0 0 2 0 1 0 0 2 3 1 3 4 1 4 2 1 5 5 2 6 6 2 7 4 2 8 7 3 9 8 3 10 6 3 11 9 4 12 10 4 13 8 4 14 11 5 15 12 5 16 10 5 17 13 6 18 14 6 19 12 6 20 15 7 21 16 7 22 14 7 23 17 8 24 18 8 25 16 8 26 19 9 27 20 9 28 18 9 29 21 10 30 13 10 31 5 10 32 21 11 33 22 11 34 20 11 35 23 12 36 0 12 37 22 12 38 6 13 39 14 13 40 22 13 41 1 14 42 3 14 43 2 14 44 3 15 45 5 15 46 4 15 47 5 16 48 7 16 49 6 16 50 7 17 51 9 17 52 8 17 53 9 18 54 11 18 55 10 18 56 11 19 57 13 19 58 12 19 59 13 20 60 15 20 61 14 20 62 15 21 63 17 21 64 16 21 65 17 22 66 19 22 67 18 22 68 19 23 69 21 23 70 20 23 71 5 24 72 3 24 73 1 24 74 1 25 75 23 25 76 21 25 77 21 26 78 19 26 79 17 26 80 17 27 81 15 27 82 13 27 83 13 28 84 11 28 85 9 28 86 9 29 87 7 29 88 5 29 89 5 30 90 1 30 91 21 30 92 21 31 93 17 31 94 13 31 95 13 32 96 9 32 97 5 32 98 21 33 99 23 33 100 22 33 101 23 34 102 1 34 103 0 34 104 22 35 105 0 35 106 2 35 107 2 36 108 4 36 109 6 36 110 6 37 111 8 37 112 10 37 113 10 38 114 12 38 115 14 38 116 14 39 117 16 39 118 18 39 119 18 40 120 20 40 121 22 40 122 22 41 123 2 41 124 6 41 125 6 42 126 10 42 127 14 42 128 14 43 129 18 43 130 22 43 131</p>
        </triangles>
      </mesh>
    </geometry>
    <geometry id="ericrolph_cannon_car_wash_minicar_Wheel_-0_063_1_0_mesh-mesh" name="ericrolph_cannon_car_wash_minicar_Wheel_-0.063_1.0_mesh">
      <mesh>
        <source id="ericrolph_cannon_car_wash_minicar_Wheel_-0_063_1_0_mesh-mesh-positions">
          <float_array id="ericrolph_cannon_car_wash_minicar_Wheel_-0_063_1_0_mesh-mesh-positions-array" count="72">0 0.02799999 -0.00999999 0 0.02799999 0.00999999 0.01399999 0.02424865 -0.00999999 0.01399999 0.02424865 0.00999999 0.02424865 0.01399999 -0.00999999 0.02424865 0.01399999 0.00999999 0.02799999 0 -0.00999999 0.02799999 0 0.00999999 0.02424865 -0.01399999 -0.00999999 0.02424865 -0.01399999 0.00999999 0.01399999 -0.02424865 -0.00999999 0.01399999 -0.02424865 0.00999999 0 -0.02799999 -0.00999999 0 -0.02799999 0.00999999 -0.01399999 -0.02424865 -0.00999999 -0.01399999 -0.02424865 0.00999999 -0.02424865 -0.01399999 -0.00999999 -0.02424865 -0.01399999 0.00999999 -0.02799999 0 -0.00999999 -0.02799999 0 0.00999999 -0.02424865 0.01399999 -0.00999999 -0.02424865 0.01399999 0.00999999 -0.01399999 0.02424865 -0.00999999 -0.01399999 0.02424865 0.00999999</float_array>
          <technique_common>
            <accessor source="#ericrolph_cannon_car_wash_minicar_Wheel_-0_063_1_0_mesh-mesh-positions-array" count="24" stride="3">
              <param name="X" type="float"/>
              <param name="Y" type="float"/>
              <param name="Z" type="float"/>
            </accessor>
          </technique_common>
        </source>
        <source id="ericrolph_cannon_car_wash_minicar_Wheel_-0_063_1_0_mesh-mesh-normals">
          <float_array id="ericrolph_cannon_car_wash_minicar_Wheel_-0_063_1_0_mesh-mesh-normals-array" count="132">0.2588191 0.9659258 0 0.7071068 0.7071068 0 0.9659258 0.2588191 0 0.9659258 -0.2588191 0 0.7071068 -0.7071068 0 0.2588191 -0.9659258 0 -0.2588191 -0.9659258 0 -0.7071068 -0.7071068 0 -0.9659258 -0.2588191 0 -0.9659258 0.2588191 0 0 0 1 -0.7071068 0.7071068 0 -0.2588191 0.9659258 0 0 0 -1 0.2588191 0.9659258 0 0.7071068 0.7071068 0 0.9659258 0.2588191 0 0.9659258 -0.2588191 0 0.7071068 -0.7071068 0 0.2588191 -0.9659258 0 -0.2588191 -0.9659258 0 -0.7071068 -0.7071068 0 -0.9659258 -0.2588191 0 -0.9659258 0.2588191 0 0 0 1 0 0 1 0 0 1 0 0 1 0 0 1 0 0 1 0 0 1 0 0 1 0 0 1 -0.7071068 0.7071068 0 -0.2588191 0.9659258 0 0 0 -1 0 0 -1 0 0 -1 0 0 -1 0 0 -1 0 0 -1 0 0 -1 0 0 -1 0 0 -1</float_array>
          <technique_common>
            <accessor source="#ericrolph_cannon_car_wash_minicar_Wheel_-0_063_1_0_mesh-mesh-normals-array" count="44" stride="3">
              <param name="X" type="float"/>
              <param name="Y" type="float"/>
              <param name="Z" type="float"/>
            </accessor>
          </technique_common>
        </source>
        <source id="ericrolph_cannon_car_wash_minicar_Wheel_-0_063_1_0_mesh-mesh-map-0">
          <float_array id="ericrolph_cannon_car_wash_minicar_Wheel_-0_063_1_0_mesh-mesh-map-0-array" count="264">1 1 0.9166667 0.5 1 0.5 0.9166667 1 0.8333334 0.5 0.9166667 0.5 0.8333334 1 0.7500001 0.5 0.8333334 0.5 0.7500001 1 0.6666668 0.5 0.7500001 0.5 0.6666668 1 0.5833334 0.5 0.6666668 0.5 0.5833334 1 0.5000001 0.5 0.5833334 0.5 0.5000001 1 0.4166668 0.5 0.5000001 0.5 0.4166668 1 0.3333334 0.5 0.4166668 0.5 0.3333334 1 0.2500001 0.5 0.3333334 0.5 0.2500001 1 0.1666667 0.5 0.2500001 0.5 0.04215389 0.37 0.25 0.00999999 0.4578461 0.37 0.1666667 1 0.08333337 0.5 0.1666667 0.5 0.08333337 1 0 0.5 0.08333337 0.5 0.99 0.25 0.63 0.04215389 0.63 0.4578461 1 1 0.9166667 1 0.9166667 0.5 0.9166667 1 0.8333334 1 0.8333334 0.5 0.8333334 1 0.7500001 1 0.7500001 0.5 0.7500001 1 0.6666668 1 0.6666668 0.5 0.6666668 1 0.5833334 1 0.5833334 0.5 0.5833334 1 0.5000001 1 0.5000001 0.5 0.5000001 1 0.4166668 1 0.4166668 0.5 0.4166668 1 0.3333334 1 0.3333334 0.5 0.3333334 1 0.2500001 1 0.2500001 0.5 0.2500001 1 0.1666667 1 0.1666667 0.5 0.4578461 0.37 0.37 0.4578461 0.25 0.49 0.25 0.49 0.1299999 0.4578461 0.04215389 0.37 0.04215389 0.37 0.00999999 0.25 0.04215389 0.1299999 0.04215389 0.1299999 0.1299999 0.04215389 0.25 0.00999999 0.25 0.00999999 0.37 0.04215389 0.4578461 0.1299999 0.4578461 0.1299999 0.49 0.25 0.4578461 0.37 0.4578461 0.37 0.25 0.49 0.04215389 0.37 0.04215389 0.37 0.04215389 0.1299999 0.25 0.00999999 0.25 0.00999999 0.4578461 0.1299999 0.4578461 0.37 0.1666667 1 0.08333337 1 0.08333337 0.5 0.08333337 1 0 1 0 0.5 0.63 0.4578461 0.75 0.49 0.87 0.4578461 0.87 0.4578461 0.9578461 0.37 0.99 0.25 0.99 0.25 0.9578461 0.1299999 0.87 0.04215389 0.87 0.04215389 0.75 0.00999999 0.63 0.04215389 0.63 0.04215389 0.5421539 0.1299999 0.51 0.25 0.51 0.25 0.5421539 0.37 0.63 0.4578461 0.63 0.4578461 0.87 0.4578461 0.99 0.25 0.99 0.25 0.87 0.04215389 0.63 0.04215389 0.63 0.04215389 0.51 0.25 0.63 0.4578461</float_array>
          <technique_common>
            <accessor source="#ericrolph_cannon_car_wash_minicar_Wheel_-0_063_1_0_mesh-mesh-map-0-array" count="132" stride="2">
              <param name="S" type="float"/>
              <param name="T" type="float"/>
            </accessor>
          </technique_common>
        </source>
        <vertices id="ericrolph_cannon_car_wash_minicar_Wheel_-0_063_1_0_mesh-mesh-vertices">
          <input semantic="POSITION" source="#ericrolph_cannon_car_wash_minicar_Wheel_-0_063_1_0_mesh-mesh-positions"/>
        </vertices>
        <triangles material="ericrolph_cannon_car_wash_mini_wheel-material" count="44">
          <input semantic="VERTEX" source="#ericrolph_cannon_car_wash_minicar_Wheel_-0_063_1_0_mesh-mesh-vertices" offset="0"/>
          <input semantic="NORMAL" source="#ericrolph_cannon_car_wash_minicar_Wheel_-0_063_1_0_mesh-mesh-normals" offset="1"/>
          <input semantic="TEXCOORD" source="#ericrolph_cannon_car_wash_minicar_Wheel_-0_063_1_0_mesh-mesh-map-0" offset="2" set="0"/>
          <p>1 0 0 2 0 1 0 0 2 3 1 3 4 1 4 2 1 5 5 2 6 6 2 7 4 2 8 7 3 9 8 3 10 6 3 11 9 4 12 10 4 13 8 4 14 11 5 15 12 5 16 10 5 17 13 6 18 14 6 19 12 6 20 15 7 21 16 7 22 14 7 23 17 8 24 18 8 25 16 8 26 19 9 27 20 9 28 18 9 29 21 10 30 13 10 31 5 10 32 21 11 33 22 11 34 20 11 35 23 12 36 0 12 37 22 12 38 6 13 39 14 13 40 22 13 41 1 14 42 3 14 43 2 14 44 3 15 45 5 15 46 4 15 47 5 16 48 7 16 49 6 16 50 7 17 51 9 17 52 8 17 53 9 18 54 11 18 55 10 18 56 11 19 57 13 19 58 12 19 59 13 20 60 15 20 61 14 20 62 15 21 63 17 21 64 16 21 65 17 22 66 19 22 67 18 22 68 19 23 69 21 23 70 20 23 71 5 24 72 3 24 73 1 24 74 1 25 75 23 25 76 21 25 77 21 26 78 19 26 79 17 26 80 17 27 81 15 27 82 13 27 83 13 28 84 11 28 85 9 28 86 9 29 87 7 29 88 5 29 89 5 30 90 1 30 91 21 30 92 21 31 93 17 31 94 13 31 95 13 32 96 9 32 97 5 32 98 21 33 99 23 33 100 22 33 101 23 34 102 1 34 103 0 34 104 22 35 105 0 35 106 2 35 107 2 36 108 4 36 109 6 36 110 6 37 111 8 37 112 10 37 113 10 38 114 12 38 115 14 38 116 14 39 117 16 39 118 18 39 119 18 40 120 20 40 121 22 40 122 22 41 123 2 41 124 6 41 125 6 42 126 10 42 127 14 42 128 14 43 129 18 43 130 22 43 131</p>
        </triangles>
      </mesh>
    </geometry>
    <geometry id="ericrolph_cannon_car_wash_minicar_Wheel_0_063_-1_0_mesh-mesh" name="ericrolph_cannon_car_wash_minicar_Wheel_0.063_-1.0_mesh">
      <mesh>
        <source id="ericrolph_cannon_car_wash_minicar_Wheel_0_063_-1_0_mesh-mesh-positions">
          <float_array id="ericrolph_cannon_car_wash_minicar_Wheel_0_063_-1_0_mesh-mesh-positions-array" count="72">0 0.02799999 -0.00999999 0 0.02799999 0.00999999 0.01399999 0.02424865 -0.00999999 0.01399999 0.02424865 0.00999999 0.02424865 0.01399999 -0.00999999 0.02424865 0.01399999 0.00999999 0.02799999 0 -0.00999999 0.02799999 0 0.00999999 0.02424865 -0.01399999 -0.00999999 0.02424865 -0.01399999 0.00999999 0.01399999 -0.02424865 -0.00999999 0.01399999 -0.02424865 0.00999999 0 -0.02799999 -0.00999999 0 -0.02799999 0.00999999 -0.01399999 -0.02424865 -0.00999999 -0.01399999 -0.02424865 0.00999999 -0.02424865 -0.01399999 -0.00999999 -0.02424865 -0.01399999 0.00999999 -0.02799999 0 -0.00999999 -0.02799999 0 0.00999999 -0.02424865 0.01399999 -0.00999999 -0.02424865 0.01399999 0.00999999 -0.01399999 0.02424865 -0.00999999 -0.01399999 0.02424865 0.00999999</float_array>
          <technique_common>
            <accessor source="#ericrolph_cannon_car_wash_minicar_Wheel_0_063_-1_0_mesh-mesh-positions-array" count="24" stride="3">
              <param name="X" type="float"/>
              <param name="Y" type="float"/>
              <param name="Z" type="float"/>
            </accessor>
          </technique_common>
        </source>
        <source id="ericrolph_cannon_car_wash_minicar_Wheel_0_063_-1_0_mesh-mesh-normals">
          <float_array id="ericrolph_cannon_car_wash_minicar_Wheel_0_063_-1_0_mesh-mesh-normals-array" count="132">0.2588191 0.9659258 0 0.7071068 0.7071068 0 0.9659258 0.2588191 0 0.9659258 -0.2588191 0 0.7071068 -0.7071068 0 0.2588191 -0.9659258 0 -0.2588191 -0.9659258 0 -0.7071068 -0.7071068 0 -0.9659258 -0.2588191 0 -0.9659258 0.2588191 0 0 0 1 -0.7071068 0.7071068 0 -0.2588191 0.9659258 0 0 0 -1 0.2588191 0.9659258 0 0.7071068 0.7071068 0 0.9659258 0.2588191 0 0.9659258 -0.2588191 0 0.7071068 -0.7071068 0 0.2588191 -0.9659258 0 -0.2588191 -0.9659258 0 -0.7071068 -0.7071068 0 -0.9659258 -0.2588191 0 -0.9659258 0.2588191 0 0 0 1 0 0 1 0 0 1 0 0 1 0 0 1 0 0 1 0 0 1 0 0 1 0 0 1 -0.7071068 0.7071068 0 -0.2588191 0.9659258 0 0 0 -1 0 0 -1 0 0 -1 0 0 -1 0 0 -1 0 0 -1 0 0 -1 0 0 -1 0 0 -1</float_array>
          <technique_common>
            <accessor source="#ericrolph_cannon_car_wash_minicar_Wheel_0_063_-1_0_mesh-mesh-normals-array" count="44" stride="3">
              <param name="X" type="float"/>
              <param name="Y" type="float"/>
              <param name="Z" type="float"/>
            </accessor>
          </technique_common>
        </source>
        <source id="ericrolph_cannon_car_wash_minicar_Wheel_0_063_-1_0_mesh-mesh-map-0">
          <float_array id="ericrolph_cannon_car_wash_minicar_Wheel_0_063_-1_0_mesh-mesh-map-0-array" count="264">1 1 0.9166667 0.5 1 0.5 0.9166667 1 0.8333334 0.5 0.9166667 0.5 0.8333334 1 0.7500001 0.5 0.8333334 0.5 0.7500001 1 0.6666668 0.5 0.7500001 0.5 0.6666668 1 0.5833334 0.5 0.6666668 0.5 0.5833334 1 0.5000001 0.5 0.5833334 0.5 0.5000001 1 0.4166668 0.5 0.5000001 0.5 0.4166668 1 0.3333334 0.5 0.4166668 0.5 0.3333334 1 0.2500001 0.5 0.3333334 0.5 0.2500001 1 0.1666667 0.5 0.2500001 0.5 0.04215389 0.37 0.25 0.00999999 0.4578461 0.37 0.1666667 1 0.08333337 0.5 0.1666667 0.5 0.08333337 1 0 0.5 0.08333337 0.5 0.99 0.25 0.63 0.04215389 0.63 0.4578461 1 1 0.9166667 1 0.9166667 0.5 0.9166667 1 0.8333334 1 0.8333334 0.5 0.8333334 1 0.7500001 1 0.7500001 0.5 0.7500001 1 0.6666668 1 0.6666668 0.5 0.6666668 1 0.5833334 1 0.5833334 0.5 0.5833334 1 0.5000001 1 0.5000001 0.5 0.5000001 1 0.4166668 1 0.4166668 0.5 0.4166668 1 0.3333334 1 0.3333334 0.5 0.3333334 1 0.2500001 1 0.2500001 0.5 0.2500001 1 0.1666667 1 0.1666667 0.5 0.4578461 0.37 0.37 0.4578461 0.25 0.49 0.25 0.49 0.1299999 0.4578461 0.04215389 0.37 0.04215389 0.37 0.00999999 0.25 0.04215389 0.1299999 0.04215389 0.1299999 0.1299999 0.04215389 0.25 0.00999999 0.25 0.00999999 0.37 0.04215389 0.4578461 0.1299999 0.4578461 0.1299999 0.49 0.25 0.4578461 0.37 0.4578461 0.37 0.25 0.49 0.04215389 0.37 0.04215389 0.37 0.04215389 0.1299999 0.25 0.00999999 0.25 0.00999999 0.4578461 0.1299999 0.4578461 0.37 0.1666667 1 0.08333337 1 0.08333337 0.5 0.08333337 1 0 1 0 0.5 0.63 0.4578461 0.75 0.49 0.87 0.4578461 0.87 0.4578461 0.9578461 0.37 0.99 0.25 0.99 0.25 0.9578461 0.1299999 0.87 0.04215389 0.87 0.04215389 0.75 0.00999999 0.63 0.04215389 0.63 0.04215389 0.5421539 0.1299999 0.51 0.25 0.51 0.25 0.5421539 0.37 0.63 0.4578461 0.63 0.4578461 0.87 0.4578461 0.99 0.25 0.99 0.25 0.87 0.04215389 0.63 0.04215389 0.63 0.04215389 0.51 0.25 0.63 0.4578461</float_array>
          <technique_common>
            <accessor source="#ericrolph_cannon_car_wash_minicar_Wheel_0_063_-1_0_mesh-mesh-map-0-array" count="132" stride="2">
              <param name="S" type="float"/>
              <param name="T" type="float"/>
            </accessor>
          </technique_common>
        </source>
        <vertices id="ericrolph_cannon_car_wash_minicar_Wheel_0_063_-1_0_mesh-mesh-vertices">
          <input semantic="POSITION" source="#ericrolph_cannon_car_wash_minicar_Wheel_0_063_-1_0_mesh-mesh-positions"/>
        </vertices>
        <triangles material="ericrolph_cannon_car_wash_mini_wheel-material" count="44">
          <input semantic="VERTEX" source="#ericrolph_cannon_car_wash_minicar_Wheel_0_063_-1_0_mesh-mesh-vertices" offset="0"/>
          <input semantic="NORMAL" source="#ericrolph_cannon_car_wash_minicar_Wheel_0_063_-1_0_mesh-mesh-normals" offset="1"/>
          <input semantic="TEXCOORD" source="#ericrolph_cannon_car_wash_minicar_Wheel_0_063_-1_0_mesh-mesh-map-0" offset="2" set="0"/>
          <p>1 0 0 2 0 1 0 0 2 3 1 3 4 1 4 2 1 5 5 2 6 6 2 7 4 2 8 7 3 9 8 3 10 6 3 11 9 4 12 10 4 13 8 4 14 11 5 15 12 5 16 10 5 17 13 6 18 14 6 19 12 6 20 15 7 21 16 7 22 14 7 23 17 8 24 18 8 25 16 8 26 19 9 27 20 9 28 18 9 29 21 10 30 13 10 31 5 10 32 21 11 33 22 11 34 20 11 35 23 12 36 0 12 37 22 12 38 6 13 39 14 13 40 22 13 41 1 14 42 3 14 43 2 14 44 3 15 45 5 15 46 4 15 47 5 16 48 7 16 49 6 16 50 7 17 51 9 17 52 8 17 53 9 18 54 11 18 55 10 18 56 11 19 57 13 19 58 12 19 59 13 20 60 15 20 61 14 20 62 15 21 63 17 21 64 16 21 65 17 22 66 19 22 67 18 22 68 19 23 69 21 23 70 20 23 71 5 24 72 3 24 73 1 24 74 1 25 75 23 25 76 21 25 77 21 26 78 19 26 79 17 26 80 17 27 81 15 27 82 13 27 83 13 28 84 11 28 85 9 28 86 9 29 87 7 29 88 5 29 89 5 30 90 1 30 91 21 30 92 21 31 93 17 31 94 13 31 95 13 32 96 9 32 97 5 32 98 21 33 99 23 33 100 22 33 101 23 34 102 1 34 103 0 34 104 22 35 105 0 35 106 2 35 107 2 36 108 4 36 109 6 36 110 6 37 111 8 37 112 10 37 113 10 38 114 12 38 115 14 38 116 14 39 117 16 39 118 18 39 119 18 40 120 20 40 121 22 40 122 22 41 123 2 41 124 6 41 125 6 42 126 10 42 127 14 42 128 14 43 129 18 43 130 22 43 131</p>
        </triangles>
      </mesh>
    </geometry>
    <geometry id="ericrolph_cannon_car_wash_minicar_Wheel_0_063_1_0_mesh-mesh" name="ericrolph_cannon_car_wash_minicar_Wheel_0.063_1.0_mesh">
      <mesh>
        <source id="ericrolph_cannon_car_wash_minicar_Wheel_0_063_1_0_mesh-mesh-positions">
          <float_array id="ericrolph_cannon_car_wash_minicar_Wheel_0_063_1_0_mesh-mesh-positions-array" count="72">0 0.02799999 -0.00999999 0 0.02799999 0.00999999 0.01399999 0.02424865 -0.00999999 0.01399999 0.02424865 0.00999999 0.02424865 0.01399999 -0.00999999 0.02424865 0.01399999 0.00999999 0.02799999 0 -0.00999999 0.02799999 0 0.00999999 0.02424865 -0.01399999 -0.00999999 0.02424865 -0.01399999 0.00999999 0.01399999 -0.02424865 -0.00999999 0.01399999 -0.02424865 0.00999999 0 -0.02799999 -0.00999999 0 -0.02799999 0.00999999 -0.01399999 -0.02424865 -0.00999999 -0.01399999 -0.02424865 0.00999999 -0.02424865 -0.01399999 -0.00999999 -0.02424865 -0.01399999 0.00999999 -0.02799999 0 -0.00999999 -0.02799999 0 0.00999999 -0.02424865 0.01399999 -0.00999999 -0.02424865 0.01399999 0.00999999 -0.01399999 0.02424865 -0.00999999 -0.01399999 0.02424865 0.00999999</float_array>
          <technique_common>
            <accessor source="#ericrolph_cannon_car_wash_minicar_Wheel_0_063_1_0_mesh-mesh-positions-array" count="24" stride="3">
              <param name="X" type="float"/>
              <param name="Y" type="float"/>
              <param name="Z" type="float"/>
            </accessor>
          </technique_common>
        </source>
        <source id="ericrolph_cannon_car_wash_minicar_Wheel_0_063_1_0_mesh-mesh-normals">
          <float_array id="ericrolph_cannon_car_wash_minicar_Wheel_0_063_1_0_mesh-mesh-normals-array" count="132">0.2588191 0.9659258 0 0.7071068 0.7071068 0 0.9659258 0.2588191 0 0.9659258 -0.2588191 0 0.7071068 -0.7071068 0 0.2588191 -0.9659258 0 -0.2588191 -0.9659258 0 -0.7071068 -0.7071068 0 -0.9659258 -0.2588191 0 -0.9659258 0.2588191 0 0 0 1 -0.7071068 0.7071068 0 -0.2588191 0.9659258 0 0 0 -1 0.2588191 0.9659258 0 0.7071068 0.7071068 0 0.9659258 0.2588191 0 0.9659258 -0.2588191 0 0.7071068 -0.7071068 0 0.2588191 -0.9659258 0 -0.2588191 -0.9659258 0 -0.7071068 -0.7071068 0 -0.9659258 -0.2588191 0 -0.9659258 0.2588191 0 0 0 1 0 0 1 0 0 1 0 0 1 0 0 1 0 0 1 0 0 1 0 0 1 0 0 1 -0.7071068 0.7071068 0 -0.2588191 0.9659258 0 0 0 -1 0 0 -1 0 0 -1 0 0 -1 0 0 -1 0 0 -1 0 0 -1 0 0 -1 0 0 -1</float_array>
          <technique_common>
            <accessor source="#ericrolph_cannon_car_wash_minicar_Wheel_0_063_1_0_mesh-mesh-normals-array" count="44" stride="3">
              <param name="X" type="float"/>
              <param name="Y" type="float"/>
              <param name="Z" type="float"/>
            </accessor>
          </technique_common>
        </source>
        <source id="ericrolph_cannon_car_wash_minicar_Wheel_0_063_1_0_mesh-mesh-map-0">
          <float_array id="ericrolph_cannon_car_wash_minicar_Wheel_0_063_1_0_mesh-mesh-map-0-array" count="264">1 1 0.9166667 0.5 1 0.5 0.9166667 1 0.8333334 0.5 0.9166667 0.5 0.8333334 1 0.7500001 0.5 0.8333334 0.5 0.7500001 1 0.6666668 0.5 0.7500001 0.5 0.6666668 1 0.5833334 0.5 0.6666668 0.5 0.5833334 1 0.5000001 0.5 0.5833334 0.5 0.5000001 1 0.4166668 0.5 0.5000001 0.5 0.4166668 1 0.3333334 0.5 0.4166668 0.5 0.3333334 1 0.2500001 0.5 0.3333334 0.5 0.2500001 1 0.1666667 0.5 0.2500001 0.5 0.04215389 0.37 0.25 0.00999999 0.4578461 0.37 0.1666667 1 0.08333337 0.5 0.1666667 0.5 0.08333337 1 0 0.5 0.08333337 0.5 0.99 0.25 0.63 0.04215389 0.63 0.4578461 1 1 0.9166667 1 0.9166667 0.5 0.9166667 1 0.8333334 1 0.8333334 0.5 0.8333334 1 0.7500001 1 0.7500001 0.5 0.7500001 1 0.6666668 1 0.6666668 0.5 0.6666668 1 0.5833334 1 0.5833334 0.5 0.5833334 1 0.5000001 1 0.5000001 0.5 0.5000001 1 0.4166668 1 0.4166668 0.5 0.4166668 1 0.3333334 1 0.3333334 0.5 0.3333334 1 0.2500001 1 0.2500001 0.5 0.2500001 1 0.1666667 1 0.1666667 0.5 0.4578461 0.37 0.37 0.4578461 0.25 0.49 0.25 0.49 0.1299999 0.4578461 0.04215389 0.37 0.04215389 0.37 0.00999999 0.25 0.04215389 0.1299999 0.04215389 0.1299999 0.1299999 0.04215389 0.25 0.00999999 0.25 0.00999999 0.37 0.04215389 0.4578461 0.1299999 0.4578461 0.1299999 0.49 0.25 0.4578461 0.37 0.4578461 0.37 0.25 0.49 0.04215389 0.37 0.04215389 0.37 0.04215389 0.1299999 0.25 0.00999999 0.25 0.00999999 0.4578461 0.1299999 0.4578461 0.37 0.1666667 1 0.08333337 1 0.08333337 0.5 0.08333337 1 0 1 0 0.5 0.63 0.4578461 0.75 0.49 0.87 0.4578461 0.87 0.4578461 0.9578461 0.37 0.99 0.25 0.99 0.25 0.9578461 0.1299999 0.87 0.04215389 0.87 0.04215389 0.75 0.00999999 0.63 0.04215389 0.63 0.04215389 0.5421539 0.1299999 0.51 0.25 0.51 0.25 0.5421539 0.37 0.63 0.4578461 0.63 0.4578461 0.87 0.4578461 0.99 0.25 0.99 0.25 0.87 0.04215389 0.63 0.04215389 0.63 0.04215389 0.51 0.25 0.63 0.4578461</float_array>
          <technique_common>
            <accessor source="#ericrolph_cannon_car_wash_minicar_Wheel_0_063_1_0_mesh-mesh-map-0-array" count="132" stride="2">
              <param name="S" type="float"/>
              <param name="T" type="float"/>
            </accessor>
          </technique_common>
        </source>
        <vertices id="ericrolph_cannon_car_wash_minicar_Wheel_0_063_1_0_mesh-mesh-vertices">
          <input semantic="POSITION" source="#ericrolph_cannon_car_wash_minicar_Wheel_0_063_1_0_mesh-mesh-positions"/>
        </vertices>
        <triangles material="ericrolph_cannon_car_wash_mini_wheel-material" count="44">
          <input semantic="VERTEX" source="#ericrolph_cannon_car_wash_minicar_Wheel_0_063_1_0_mesh-mesh-vertices" offset="0"/>
          <input semantic="NORMAL" source="#ericrolph_cannon_car_wash_minicar_Wheel_0_063_1_0_mesh-mesh-normals" offset="1"/>
          <input semantic="TEXCOORD" source="#ericrolph_cannon_car_wash_minicar_Wheel_0_063_1_0_mesh-mesh-map-0" offset="2" set="0"/>
          <p>1 0 0 2 0 1 0 0 2 3 1 3 4 1 4 2 1 5 5 2 6 6 2 7 4 2 8 7 3 9 8 3 10 6 3 11 9 4 12 10 4 13 8 4 14 11 5 15 12 5 16 10 5 17 13 6 18 14 6 19 12 6 20 15 7 21 16 7 22 14 7 23 17 8 24 18 8 25 16 8 26 19 9 27 20 9 28 18 9 29 21 10 30 13 10 31 5 10 32 21 11 33 22 11 34 20 11 35 23 12 36 0 12 37 22 12 38 6 13 39 14 13 40 22 13 41 1 14 42 3 14 43 2 14 44 3 15 45 5 15 46 4 15 47 5 16 48 7 16 49 6 16 50 7 17 51 9 17 52 8 17 53 9 18 54 11 18 55 10 18 56 11 19 57 13 19 58 12 19 59 13 20 60 15 20 61 14 20 62 15 21 63 17 21 64 16 21 65 17 22 66 19 22 67 18 22 68 19 23 69 21 23 70 20 23 71 5 24 72 3 24 73 1 24 74 1 25 75 23 25 76 21 25 77 21 26 78 19 26 79 17 26 80 17 27 81 15 27 82 13 27 83 13 28 84 11 28 85 9 28 86 9 29 87 7 29 88 5 29 89 5 30 90 1 30 91 21 30 92 21 31 93 17 31 94 13 31 95 13 32 96 9 32 97 5 32 98 21 33 99 23 33 100 22 33 101 23 34 102 1 34 103 0 34 104 22 35 105 0 35 106 2 35 107 2 36 108 4 36 109 6 36 110 6 37 111 8 37 112 10 37 113 10 38 114 12 38 115 14 38 116 14 39 117 16 39 118 18 39 119 18 40 120 20 40 121 22 40 122 22 41 123 2 41 124 6 41 125 6 42 126 10 42 127 14 42 128 14 43 129 18 43 130 22 43 131</p>
        </triangles>
      </mesh>
    </geometry>
  </library_geometries>
  <library_visual_scenes>
    <visual_scene id="ericrolph_cannon_car_wash_scene" name="ericrolph_cannon_car_wash_scene">
      <node id="ericrolph_cannon_car_wash_minicar_Body" name="ericrolph_cannon_car_wash_minicar_Body" type="NODE">
        <matrix sid="transform">1 0 0 0 0 1 0 0 0 0 1 0.05 0 0 0 1</matrix>
        <instance_geometry url="#ericrolph_cannon_car_wash_minicar_Body_mesh-mesh" name="ericrolph_cannon_car_wash_minicar_Body">
          <bind_material>
            <technique_common>
              <instance_material symbol="ericrolph_cannon_car_wash_mini_car_paint-material" target="#ericrolph_cannon_car_wash_mini_car_paint-material">
                <bind_vertex_input semantic="UVMap" input_semantic="TEXCOORD" input_set="0"/>
              </instance_material>
            </technique_common>
          </bind_material>
        </instance_geometry>
      </node>
      <node id="ericrolph_cannon_car_wash_minicar_Cabin" name="ericrolph_cannon_car_wash_minicar_Cabin" type="NODE">
        <matrix sid="transform">1 0 0 -0.013 0 1 0 0 0 0 1 0.09 0 0 0 1</matrix>
        <instance_geometry url="#ericrolph_cannon_car_wash_minicar_Cabin_mesh-mesh" name="ericrolph_cannon_car_wash_minicar_Cabin">
          <bind_material>
            <technique_common>
              <instance_material symbol="ericrolph_cannon_car_wash_mini_car_paint-material" target="#ericrolph_cannon_car_wash_mini_car_paint-material">
                <bind_vertex_input semantic="UVMap" input_semantic="TEXCOORD" input_set="0"/>
              </instance_material>
            </technique_common>
          </bind_material>
        </instance_geometry>
      </node>
      <node id="ericrolph_cannon_car_wash_minicar_Hub_-0_063_-1_0" name="ericrolph_cannon_car_wash_minicar_Hub_-0.063_-1.0" type="NODE">
        <matrix sid="transform">1 0 0 -0.063 0 -4.37114e-8 -1 -0.0615 0 1 -4.37114e-8 0.03 0 0 0 1</matrix>
        <instance_geometry url="#ericrolph_cannon_car_wash_minicar_Hub_-0_063_-1_0_mesh-mesh" name="ericrolph_cannon_car_wash_minicar_Hub_-0.063_-1.0">
          <bind_material>
            <technique_common>
              <instance_material symbol="ericrolph_cannon_car_wash_stainless-material" target="#ericrolph_cannon_car_wash_stainless-material">
                <bind_vertex_input semantic="UVMap" input_semantic="TEXCOORD" input_set="0"/>
              </instance_material>
            </technique_common>
          </bind_material>
        </instance_geometry>
      </node>
      <node id="ericrolph_cannon_car_wash_minicar_Hub_-0_063_1_0" name="ericrolph_cannon_car_wash_minicar_Hub_-0.063_1.0" type="NODE">
        <matrix sid="transform">1 0 0 -0.063 0 -4.37114e-8 -1 0.0615 0 1 -4.37114e-8 0.03 0 0 0 1</matrix>
        <instance_geometry url="#ericrolph_cannon_car_wash_minicar_Hub_-0_063_1_0_mesh-mesh" name="ericrolph_cannon_car_wash_minicar_Hub_-0.063_1.0">
          <bind_material>
            <technique_common>
              <instance_material symbol="ericrolph_cannon_car_wash_stainless-material" target="#ericrolph_cannon_car_wash_stainless-material">
                <bind_vertex_input semantic="UVMap" input_semantic="TEXCOORD" input_set="0"/>
              </instance_material>
            </technique_common>
          </bind_material>
        </instance_geometry>
      </node>
      <node id="ericrolph_cannon_car_wash_minicar_Hub_0_063_-1_0" name="ericrolph_cannon_car_wash_minicar_Hub_0.063_-1.0" type="NODE">
        <matrix sid="transform">1 0 0 0.063 0 -4.37114e-8 -1 -0.0615 0 1 -4.37114e-8 0.03 0 0 0 1</matrix>
        <instance_geometry url="#ericrolph_cannon_car_wash_minicar_Hub_0_063_-1_0_mesh-mesh" name="ericrolph_cannon_car_wash_minicar_Hub_0.063_-1.0">
          <bind_material>
            <technique_common>
              <instance_material symbol="ericrolph_cannon_car_wash_stainless-material" target="#ericrolph_cannon_car_wash_stainless-material">
                <bind_vertex_input semantic="UVMap" input_semantic="TEXCOORD" input_set="0"/>
              </instance_material>
            </technique_common>
          </bind_material>
        </instance_geometry>
      </node>
      <node id="ericrolph_cannon_car_wash_minicar_Hub_0_063_1_0" name="ericrolph_cannon_car_wash_minicar_Hub_0.063_1.0" type="NODE">
        <matrix sid="transform">1 0 0 0.063 0 -4.37114e-8 -1 0.0615 0 1 -4.37114e-8 0.03 0 0 0 1</matrix>
        <instance_geometry url="#ericrolph_cannon_car_wash_minicar_Hub_0_063_1_0_mesh-mesh" name="ericrolph_cannon_car_wash_minicar_Hub_0.063_1.0">
          <bind_material>
            <technique_common>
              <instance_material symbol="ericrolph_cannon_car_wash_stainless-material" target="#ericrolph_cannon_car_wash_stainless-material">
                <bind_vertex_input semantic="UVMap" input_semantic="TEXCOORD" input_set="0"/>
              </instance_material>
            </technique_common>
          </bind_material>
        </instance_geometry>
      </node>
      <node id="ericrolph_cannon_car_wash_minicar_Screen" name="ericrolph_cannon_car_wash_minicar_Screen" type="NODE">
        <matrix sid="transform">1 0 0 0.035 0 1 0 0 0 0 1 0.088 0 0 0 1</matrix>
        <instance_geometry url="#ericrolph_cannon_car_wash_minicar_Screen_mesh-mesh" name="ericrolph_cannon_car_wash_minicar_Screen">
          <bind_material>
            <technique_common>
              <instance_material symbol="ericrolph_cannon_car_wash_glass-material" target="#ericrolph_cannon_car_wash_glass-material">
                <bind_vertex_input semantic="UVMap" input_semantic="TEXCOORD" input_set="0"/>
              </instance_material>
            </technique_common>
          </bind_material>
        </instance_geometry>
      </node>
      <node id="ericrolph_cannon_car_wash_minicar_Wheel_-0_063_-1_0" name="ericrolph_cannon_car_wash_minicar_Wheel_-0.063_-1.0" type="NODE">
        <matrix sid="transform">1 0 0 -0.063 0 -4.37114e-8 -1 -0.05 0 1 -4.37114e-8 0.03 0 0 0 1</matrix>
        <instance_geometry url="#ericrolph_cannon_car_wash_minicar_Wheel_-0_063_-1_0_mesh-mesh" name="ericrolph_cannon_car_wash_minicar_Wheel_-0.063_-1.0">
          <bind_material>
            <technique_common>
              <instance_material symbol="ericrolph_cannon_car_wash_mini_wheel-material" target="#ericrolph_cannon_car_wash_mini_wheel-material">
                <bind_vertex_input semantic="UVMap" input_semantic="TEXCOORD" input_set="0"/>
              </instance_material>
            </technique_common>
          </bind_material>
        </instance_geometry>
      </node>
      <node id="ericrolph_cannon_car_wash_minicar_Wheel_-0_063_1_0" name="ericrolph_cannon_car_wash_minicar_Wheel_-0.063_1.0" type="NODE">
        <matrix sid="transform">1 0 0 -0.063 0 -4.37114e-8 -1 0.05 0 1 -4.37114e-8 0.03 0 0 0 1</matrix>
        <instance_geometry url="#ericrolph_cannon_car_wash_minicar_Wheel_-0_063_1_0_mesh-mesh" name="ericrolph_cannon_car_wash_minicar_Wheel_-0.063_1.0">
          <bind_material>
            <technique_common>
              <instance_material symbol="ericrolph_cannon_car_wash_mini_wheel-material" target="#ericrolph_cannon_car_wash_mini_wheel-material">
                <bind_vertex_input semantic="UVMap" input_semantic="TEXCOORD" input_set="0"/>
              </instance_material>
            </technique_common>
          </bind_material>
        </instance_geometry>
      </node>
      <node id="ericrolph_cannon_car_wash_minicar_Wheel_0_063_-1_0" name="ericrolph_cannon_car_wash_minicar_Wheel_0.063_-1.0" type="NODE">
        <matrix sid="transform">1 0 0 0.063 0 -4.37114e-8 -1 -0.05 0 1 -4.37114e-8 0.03 0 0 0 1</matrix>
        <instance_geometry url="#ericrolph_cannon_car_wash_minicar_Wheel_0_063_-1_0_mesh-mesh" name="ericrolph_cannon_car_wash_minicar_Wheel_0.063_-1.0">
          <bind_material>
            <technique_common>
              <instance_material symbol="ericrolph_cannon_car_wash_mini_wheel-material" target="#ericrolph_cannon_car_wash_mini_wheel-material">
                <bind_vertex_input semantic="UVMap" input_semantic="TEXCOORD" input_set="0"/>
              </instance_material>
            </technique_common>
          </bind_material>
        </instance_geometry>
      </node>
      <node id="ericrolph_cannon_car_wash_minicar_Wheel_0_063_1_0" name="ericrolph_cannon_car_wash_minicar_Wheel_0.063_1.0" type="NODE">
        <matrix sid="transform">1 0 0 0.063 0 -4.37114e-8 -1 0.05 0 1 -4.37114e-8 0.03 0 0 0 1</matrix>
        <instance_geometry url="#ericrolph_cannon_car_wash_minicar_Wheel_0_063_1_0_mesh-mesh" name="ericrolph_cannon_car_wash_minicar_Wheel_0.063_1.0">
          <bind_material>
            <technique_common>
              <instance_material symbol="ericrolph_cannon_car_wash_mini_wheel-material" target="#ericrolph_cannon_car_wash_mini_wheel-material">
                <bind_vertex_input semantic="UVMap" input_semantic="TEXCOORD" input_set="0"/>
              </instance_material>
            </technique_common>
          </bind_material>
        </instance_geometry>
      </node>
    </visual_scene>
  </library_visual_scenes>
  <scene>
    <instance_visual_scene url="#ericrolph_cannon_car_wash_scene"/>
  </scene>
</COLLADA>