<?xml version="1.0" encoding="utf-8"?>
<COLLADA xmlns="http://www.collada.org/2005/11/COLLADASchema" version="1.4.1" xmlns:xsi="http://www.w3.org/2001/XMLSchema-instance">
  <asset>
    <contributor>
      <author>Blender User</author>
      <authoring_tool>Blender 4.5.4 LTS commit date:2025-10-27, commit time:12:46, hash:b3efe983cc58</authoring_tool>
    </contributor>
    <created>2026-08-15T12:00:00</created>
    <modified>2026-08-15T12:00:00</modified>
    <unit name="meter" meter="1"/>
    <up_axis>Z_UP</up_axis>
  </asset>
  <library_effects>
    <effect id="ericrolph_cannon_car_wash_lowvram_attract_cannon-effect">
      <profile_COMMON>
        <technique sid="common">
          <lambert>
            <emission>
              <color sid="emission">0 0 0 1</color>
            </emission>
            <diffuse>
              <color sid="diffuse">0.42 0.33 0.18 1</color>
            </diffuse>
            <reflectivity>
              <float sid="specular">0.9</float>
            </reflectivity>
            <index_of_refraction>
              <float sid="ior">1.5</float>
            </index_of_refraction>
          </lambert>
        </technique>
      </profile_COMMON>
    </effect>
    <effect id="ericrolph_cannon_car_wash_lowvram_attract_iron-effect">
      <profile_COMMON>
        <technique sid="common">
          <lambert>
            <emission>
              <color sid="emission">0 0 0 1</color>
            </emission>
            <diffuse>
              <color sid="diffuse">0.016 0.017 0.02 1</color>
            </diffuse>
            <index_of_refraction>
              <float sid="ior">1.5</float>
            </index_of_refraction>
          </lambert>
        </technique>
      </profile_COMMON>
    </effect>
  </library_effects>
  <library_images/>
  <library_materials>
    <material id="ericrolph_cannon_car_wash_lowvram_attract_cannon-material" name="ericrolph_cannon_car_wash_lowvram_attract_cannon">
      <instance_effect url="#ericrolph_cannon_car_wash_lowvram_attract_cannon-effect"/>
    </material>
    <material id="ericrolph_cannon_car_wash_lowvram_attract_iron-material" name="ericrolph_cannon_car_wash_lowvram_attract_iron">
      <instance_effect url="#ericrolph_cannon_car_wash_lowvram_attract_iron-effect"/>
    </material>
  </library_materials>
  <library_geometries>
    <geometry id="ericrolph_cannon_car_wash_lowvram_cannonshape_BaseRing_mesh-mesh" name="ericrolph_cannon_car_wash_lowvram_cannonshape_BaseRing_mesh">
      <mesh>
        <source id="ericrolph_cannon_car_wash_lowvram_cannonshape_BaseRing_mesh-mesh-positions">
          <float_array id="ericrolph_cannon_car_wash_lowvram_cannonshape_BaseRing_mesh-mesh-positions-array" count="108">0 0.112 -0.01749998 0 0.112 0.01749998 0.03830623 0.1052455 -0.01749998 0.03830623 0.1052455 0.01749998 0.07199221 0.08579695 -0.01749998 0.07199221 0.08579695 0.01749998 0.09699481 0.05599999 -0.01749998 0.09699481 0.05599999 0.01749998 0.1102985 0.01944857 -0.01749998 0.1102985 0.01944857 0.01749998 0.1102985 -0.01944857 -0.01749998 0.1102985 -0.01944857 0.01749998 0.09699481 -0.05599999 -0.01749998 0.09699481 -0.05599999 0.01749998 0.07199221 -0.08579695 -0.01749998 0.07199221 -0.08579695 0.01749998 0.03830623 -0.1052455 -0.01749998 0.03830623 -0.1052455 0.01749998 0 -0.112 -0.01749998 0 -0.112 0.01749998 -0.03830623 -0.1052455 -0.01749998 -0.03830623 -0.1052455 0.01749998 -0.07199221 -0.08579695 -0.01749998 -0.07199221 -0.08579695 0.01749998 -0.09699481 -0.05599999 -0.01749998 -0.09699481 -0.05599999 0.01749998 -0.1102985 -0.01944857 -0.01749998 -0.1102985 -0.01944857 0.01749998 -0.1102985 0.01944857 -0.01749998 -0.1102985 0.01944857 0.01749998 -0.09699481 0.05599999 -0.01749998 -0.09699481 0.05599999 0.01749998 -0.07199221 0.08579695 -0.01749998 -0.07199221 0.08579695 0.01749998 -0.03830623 0.1052455 -0.01749998 -0.03830623 0.1052455 0.01749998</float_array>
          <technique_common>
            <accessor source="#ericrolph_cannon_car_wash_lowvram_cannonshape_BaseRing_mesh-mesh-positions-array" count="36" stride="3">
              <param name="X" type="float"/>
              <param name="Y" type="float"/>
              <param name="Z" type="float"/>
            </accessor>
          </technique_common>
        </source>
        <source id="ericrolph_cannon_car_wash_lowvram_cannonshape_BaseRing_mesh-mesh-normals">
          <float_array id="ericrolph_cannon_car_wash_lowvram_cannonshape_BaseRing_mesh-mesh-normals-array" count="204">0.1736482 0.9848077 0 0.4999999 0.8660255 0 0.7660445 0.6427875 0 0.9396926 0.3420202 0 1 0 0 0.9396926 -0.3420202 0 0.7660445 -0.6427875 0 0.4999999 -0.8660255 0 0.1736482 -0.9848077 0 -0.1736482 -0.9848077 0 -0.4999999 -0.8660255 0 -0.7660445 -0.6427875 0 -0.9396926 -0.3420202 0 -1 0 0 -0.9396926 0.3420202 0 -0.7660445 0.6427875 0 0 0 1 -0.4999999 0.8660255 0 -0.1736482 0.9848077 0 0 0 -1 0.1736482 0.9848077 0 0.4999999 0.8660255 0 0.7660445 0.6427875 0 0.9396926 0.3420202 0 1 0 0 0.9396926 -0.3420202 0 0.7660445 -0.6427875 0 0.4999999 -0.8660255 0 0.1736482 -0.9848077 0 -0.1736482 -0.9848077 0 -0.4999999 -0.8660255 0 -0.7660445 -0.6427875 0 -0.9396926 -0.3420202 0 -1 0 0 -0.9396926 0.3420202 0 -0.7660445 0.6427875 0 0 0 1 0 0 1 0 0 1 0 0 1 0 0 1 0 0 1 0 0 1 0 0 1 0 0 1 0 0 1 0 0 1 0 0 1 0 0 1 0 0 1 0 0 1 -0.4999999 0.8660255 0 -0.1736482 0.9848077 0 0 0 -1 0 0 -1 0 0 -1 0 0 -1 0 0 -1 0 0 -1 0 0 -1 0 0 -1 0 0 -1 0 0 -1 0 0 -1 0 0 -1 0 0 -1 0 0 -1 0 0 -1</float_array>
          <technique_common>
            <accessor source="#ericrolph_cannon_car_wash_lowvram_cannonshape_BaseRing_mesh-mesh-normals-array" count="68" stride="3">
              <param name="X" type="float"/>
              <param name="Y" type="float"/>
              <param name="Z" type="float"/>
            </accessor>
          </technique_common>
        </source>
        <source id="ericrolph_cannon_car_wash_lowvram_cannonshape_BaseRing_mesh-mesh-map-0">
          <float_array id="ericrolph_cannon_car_wash_lowvram_cannonshape_BaseRing_mesh-mesh-map-0-array" count="408">1 1 0.9444444 0.5 1 0.5 0.9444444 1 0.8888888 0.5 0.9444444 0.5 0.8888888 1 0.8333333 0.5 0.8888888 0.5 0.8333333 1 0.7777777 0.5 0.8333333 0.5 0.7777777 1 0.7222221 0.5 0.7777777 0.5 0.7222221 1 0.6666665 0.5 0.7222221 0.5 0.6666665 1 0.6111109 0.5 0.6666665 0.5 0.6111109 1 0.5555554 0.5 0.6111109 0.5 0.5555554 1 0.4999998 0.5 0.5555554 0.5 0.4999998 1 0.4444442 0.5 0.4999998 0.5 0.4444442 1 0.3888887 0.5 0.4444442 0.5 0.3888887 1 0.3333331 0.5 0.3888887 0.5 0.3333331 1 0.2777776 0.5 0.3333331 0.5 0.2777776 1 0.222222 0.5 0.2777776 0.5 0.222222 1 0.1666665 0.5 0.222222 0.5 0.1666665 1 0.1111109 0.5 0.1666665 0.5 0.09573096 0.4338507 0.3320848 0.02447372 0.4863539 0.2916756 0.1111109 1 0.05555534 0.5 0.1111109 0.5 0.05555534 1 -1.86265e-7 0.5 0.05555534 0.5 0.9578461 0.37 0.595731 0.06614929 0.5421539 0.37 1 1 0.9444444 1 0.9444444 0.5 0.9444444 1 0.8888888 1 0.8888888 0.5 0.8888888 1 0.8333333 1 0.8333333 0.5 0.8333333 1 0.7777777 1 0.7777777 0.5 0.7777777 1 0.7222221 1 0.7222221 0.5 0.7222221 1 0.6666665 1 0.6666665 0.5 0.6666665 1 0.6111109 1 0.6111109 0.5 0.6111109 1 0.5555554 1 0.5555554 0.5 0.5555554 1 0.4999998 1 0.4999998 0.5 0.4999998 1 0.4444442 1 0.4444442 0.5 0.4444442 1 0.3888887 1 0.3888887 0.5 0.3888887 1 0.3333331 1 0.3333331 0.5 0.3333331 1 0.2777776 1 0.2777776 0.5 0.2777776 1 0.222222 1 0.222222 0.5 0.222222 1 0.1666665 1 0.1666665 0.5 0.1666665 1 0.1111109 1 0.1111109 0.5 0.404269 0.4338507 0.3320848 0.4755262 0.25 0.49 0.25 0.49 0.1679151 0.4755262 0.09573096 0.4338507 0.09573096 0.4338507 0.04215389 0.37 0.01364612 0.2916756 0.01364612 0.2916756 0.01364612 0.2083244 0.04215389 0.1299999 0.04215389 0.1299999 0.09573096 0.06614929 0.3320848 0.02447372 0.09573096 0.06614929 0.1679151 0.02447372 0.3320848 0.02447372 0.1679151 0.02447372 0.25 0.00999999 0.3320848 0.02447372 0.3320848 0.02447372 0.404269 0.06614929 0.4863539 0.2916756 0.404269 0.06614929 0.4578461 0.1299999 0.4863539 0.2916756 0.4578461 0.1299999 0.4863539 0.2083244 0.4863539 0.2916756 0.4863539 0.2916756 0.4578461 0.37 0.09573096 0.4338507 0.4578461 0.37 0.404269 0.4338507 0.09573096 0.4338507 0.404269 0.4338507 0.25 0.49 0.09573096 0.4338507 0.09573096 0.4338507 0.01364612 0.2916756 0.3320848 0.02447372 0.01364612 0.2916756 0.04215389 0.1299999 0.3320848 0.02447372 0.1111109 1 0.05555534 1 0.05555534 0.5 0.05555534 1 -1.86265e-7 1 -1.86265e-7 0.5 0.6679152 0.4755262 0.75 0.49 0.8320848 0.4755262 0.8320848 0.4755262 0.904269 0.4338507 0.9578461 0.37 0.9578461 0.37 0.9863539 0.2916756 0.9863539 0.2083244 0.9863539 0.2083244 0.9578461 0.1299999 0.9578461 0.37 0.9578461 0.1299999 0.904269 0.06614929 0.9578461 0.37 0.904269 0.06614929 0.8320848 0.02447372 0.75 0.00999999 0.75 0.00999999 0.6679152 0.02447372 0.595731 0.06614929 0.595731 0.06614929 0.5421539 0.1299999 0.5136461 0.2083244 0.5136461 0.2083244 0.5136461 0.2916756 0.5421539 0.37 0.5421539 0.37 0.595731 0.4338507 0.6679152 0.4755262 0.6679152 0.4755262 0.8320848 0.4755262 0.5421539 0.37 0.8320848 0.4755262 0.9578461 0.37 0.5421539 0.37 0.904269 0.06614929 0.75 0.00999999 0.595731 0.06614929 0.595731 0.06614929 0.5136461 0.2083244 0.5421539 0.37 0.9578461 0.37 0.904269 0.06614929 0.595731 0.06614929</float_array>
          <technique_common>
            <accessor source="#ericrolph_cannon_car_wash_lowvram_cannonshape_BaseRing_mesh-mesh-map-0-array" count="204" stride="2">
              <param name="S" type="float"/>
              <param name="T" type="float"/>
            </accessor>
          </technique_common>
        </source>
        <vertices id="ericrolph_cannon_car_wash_lowvram_cannonshape_BaseRing_mesh-mesh-vertices">
          <input semantic="POSITION" source="#ericrolph_cannon_car_wash_lowvram_cannonshape_BaseRing_mesh-mesh-positions"/>
        </vertices>
        <triangles material="ericrolph_cannon_car_wash_lowvram_attract_cannon-material" count="68">
          <input semantic="VERTEX" source="#ericrolph_cannon_car_wash_lowvram_cannonshape_BaseRing_mesh-mesh-vertices" offset="0"/>
          <input semantic="NORMAL" source="#ericrolph_cannon_car_wash_lowvram_cannonshape_BaseRing_mesh-mesh-normals" offset="1"/>
          <input semantic="TEXCOORD" source="#ericrolph_cannon_car_wash_lowvram_cannonshape_BaseRing_mesh-mesh-map-0" offset="2" set="0"/>
          <p>1 0 0 2 0 1 0 0 2 3 1 3 4 1 4 2 1 5 5 2 6 6 2 7 4 2 8 7 3 9 8 3 10 6 3 11 9 4 12 10 4 13 8 4 14 11 5 15 12 5 16 10 5 17 13 6 18 14 6 19 12 6 20 15 7 21 16 7 22 14 7 23 17 8 24 18 8 25 16 8 26 19 9 27 20 9 28 18 9 29 21 10 30 22 10 31 20 10 32 23 11 33 24 11 34 22 11 35 25 12 36 26 12 37 24 12 38 27 13 39 28 13 40 26 13 41 29 14 42 30 14 43 28 14 44 31 15 45 32 15 46 30 15 47 33 16 48 17 16 49 9 16 50 33 17 51 34 17 52 32 17 53 35 18 54 0 18 55 34 18 56 6 19 57 22 19 58 30 19 59 1 20 60 3 20 61 2 20 62 3 21 63 5 21 64 4 21 65 5 22 66 7 22 67 6 22 68 7 23 69 9 23 70 8 23 71 9 24 72 11 24 73 10 24 74 11 25 75 13 25 76 12 25 77 13 26 78 15 26 79 14 26 80 15 27 81 17 27 82 16 27 83 17 28 84 19 28 85 18 28 86 19 29 87 21 29 88 20 29 89 21 30 90 23 30 91 22 30 92 23 31 93 25 31 94 24 31 95 25 32 96 27 32 97 26 32 98 27 33 99 29 33 100 28 33 101 29 34 102 31 34 103 30 34 104 31 35 105 33 35 106 32 35 107 5 36 108 3 36 109 1 36 110 1 37 111 35 37 112 33 37 113 33 38 114 31 38 115 29 38 116 29 39 117 27 39 118 25 39 119 25 40 120 23 40 121 17 40 122 23 41 123 21 41 124 17 41 125 21 42 126 19 42 127 17 42 128 17 43 129 15 43 130 9 43 131 15 44 132 13 44 133 9 44 134 13 45 135 11 45 136 9 45 137 9 46 138 7 46 139 33 46 140 7 47 141 5 47 142 33 47 143 5 48 144 1 48 145 33 48 146 33 49 147 29 49 148 17 49 149 29 50 150 25 50 151 17 50 152 33 51 153 35 51 154 34 51 155 35 52 156 1 52 157 0 52 158 34 53 159 0 53 160 2 53 161 2 54 162 4 54 163 6 54 164 6 55 165 8 55 166 10 55 167 10 56 168 12 56 169 6 56 170 12 57 171 14 57 172 6 57 173 14 58 174 16 58 175 18 58 176 18 59 177 20 59 178 22 59 179 22 60 180 24 60 181 26 60 182 26 61 183 28 61 184 30 61 185 30 62 186 32 62 187 34 62 188 34 63 189 2 63 190 30 63 191 2 64 192 6 64 193 30 64 194 14 65 195 18 65 196 22 65 197 22 66 198 26 66 199 30 66 200 6 67 201 14 67 202 22 67 203</p>
        </triangles>
      </mesh>
    </geometry>
    <geometry id="ericrolph_cannon_car_wash_lowvram_cannonshape_Bore_mesh-mesh" name="ericrolph_cannon_car_wash_lowvram_cannonshape_Bore_mesh">
      <mesh>
        <source id="ericrolph_cannon_car_wash_lowvram_cannonshape_Bore_mesh-mesh-positions">
          <float_array id="ericrolph_cannon_car_wash_lowvram_cannonshape_Bore_mesh-mesh-positions-array" count="96">0 0.05799996 -0.005999982 0 0.05799996 0.005999982 0.02219563 0.05358499 -0.005999982 0.02219563 0.05358499 0.005999982 0.04101216 0.04101216 -0.005999982 0.04101216 0.04101216 0.005999982 0.05358499 0.02219563 -0.005999982 0.05358499 0.02219563 0.005999982 0.05799996 0 -0.005999982 0.05799996 0 0.005999982 0.05358499 -0.02219563 -0.005999982 0.05358499 -0.02219563 0.005999982 0.04101216 -0.04101216 -0.005999982 0.04101216 -0.04101216 0.005999982 0.02219563 -0.05358499 -0.005999982 0.02219563 -0.05358499 0.005999982 0 -0.05799996 -0.005999982 0 -0.05799996 0.005999982 -0.02219563 -0.05358499 -0.005999982 -0.02219563 -0.05358499 0.005999982 -0.04101216 -0.04101216 -0.005999982 -0.04101216 -0.04101216 0.005999982 -0.05358499 -0.02219563 -0.005999982 -0.05358499 -0.02219563 0.005999982 -0.05799996 0 -0.005999982 -0.05799996 0 0.005999982 -0.05358499 0.02219563 -0.005999982 -0.05358499 0.02219563 0.005999982 -0.04101216 0.04101216 -0.005999982 -0.04101216 0.04101216 0.005999982 -0.02219563 0.05358499 -0.005999982 -0.02219563 0.05358499 0.005999982</float_array>
          <technique_common>
            <accessor source="#ericrolph_cannon_car_wash_lowvram_cannonshape_Bore_mesh-mesh-positions-array" count="32" stride="3">
              <param name="X" type="float"/>
              <param name="Y" type="float"/>
              <param name="Z" type="float"/>
            </accessor>
          </technique_common>
        </source>
        <source id="ericrolph_cannon_car_wash_lowvram_cannonshape_Bore_mesh-mesh-normals">
          <float_array id="ericrolph_cannon_car_wash_lowvram_cannonshape_Bore_mesh-mesh-normals-array" count="180">0.1950903 0.9807853 0 0.5555703 0.8314695 0 0.8314695 0.5555703 0 0.9807853 0.1950903 0 0.9807853 -0.1950903 0 0.8314695 -0.5555703 0 0.5555703 -0.8314695 0 0.1950903 -0.9807853 0 -0.1950903 -0.9807853 0 -0.5555703 -0.8314695 0 -0.8314695 -0.5555703 0 -0.9807853 -0.1950903 0 -0.9807853 0.1950903 0 -0.8314695 0.5555703 0 0 0 1 -0.5555703 0.8314695 0 -0.1950903 0.9807853 0 0 0 -1 0.1950903 0.9807853 0 0.5555703 0.8314695 0 0.8314695 0.5555703 0 0.9807853 0.1950903 0 0.9807853 -0.1950903 0 0.8314695 -0.5555703 0 0.5555703 -0.8314695 0 0.1950903 -0.9807853 0 -0.1950903 -0.9807853 0 -0.5555703 -0.8314695 0 -0.8314695 -0.5555703 0 -0.9807853 -0.1950903 0 -0.9807853 0.1950903 0 -0.8314695 0.5555703 0 0 0 1 0 0 1 0 0 1 0 0 1 0 0 1 0 0 1 0 0 1 0 0 1 0 0 1 0 0 1 0 0 1 0 0 1 0 0 1 -0.5555703 0.8314695 0 -0.1950903 0.9807853 0 0 0 -1 0 0 -1 0 0 -1 0 0 -1 0 0 -1 0 0 -1 0 0 -1 0 0 -1 0 0 -1 0 0 -1 0 0 -1 0 0 -1 0 0 -1</float_array>
          <technique_common>
            <accessor source="#ericrolph_cannon_car_wash_lowvram_cannonshape_Bore_mesh-mesh-normals-array" count="60" stride="3">
              <param name="X" type="float"/>
              <param name="Y" type="float"/>
              <param name="Z" type="float"/>
            </accessor>
          </technique_common>
        </source>
        <source id="ericrolph_cannon_car_wash_lowvram_cannonshape_Bore_mesh-mesh-map-0">
          <float_array id="ericrolph_cannon_car_wash_lowvram_cannonshape_Bore_mesh-mesh-map-0-array" count="360">1 1 0.9375 0.5 1 0.5 0.9375 1 0.875 0.5 0.9375 0.5 0.875 1 0.8125 0.5 0.875 0.5 0.8125 1 0.75 0.5 0.8125 0.5 0.75 1 0.6875 0.5 0.75 0.5 0.6875 1 0.625 0.5 0.6875 0.5 0.625 1 0.5625 0.5 0.625 0.5 0.5625 1 0.5 0.5 0.5625 0.5 0.5 1 0.4375 0.5 0.5 0.5 0.4375 1 0.375 0.5 0.4375 0.5 0.375 1 0.3125 0.5 0.375 0.5 0.3125 1 0.25 0.5 0.3125 0.5 0.25 1 0.1875 0.5 0.25 0.5 0.1875 1 0.125 0.5 0.1875 0.5 0.08029437 0.08029437 0.4197056 0.08029437 0.4197056 0.4197056 0.125 1 0.0625 0.5 0.125 0.5 0.0625 1 0 0.5 0.0625 0.5 0.5282689 0.341844 0.658156 0.4717311 0.841844 0.02826893 1 1 0.9375 1 0.9375 0.5 0.9375 1 0.875 1 0.875 0.5 0.875 1 0.8125 1 0.8125 0.5 0.8125 1 0.75 1 0.75 0.5 0.75 1 0.6875 1 0.6875 0.5 0.6875 1 0.625 1 0.625 0.5 0.625 1 0.5625 1 0.5625 0.5 0.5625 1 0.5 1 0.5 0.5 0.5 1 0.4375 1 0.4375 0.5 0.4375 1 0.375 1 0.375 0.5 0.375 1 0.3125 1 0.3125 0.5 0.3125 1 0.25 1 0.25 0.5 0.25 1 0.1875 1 0.1875 0.5 0.1875 1 0.125 1 0.125 0.5 0.4197056 0.4197056 0.341844 0.4717311 0.25 0.49 0.25 0.49 0.1581559 0.4717311 0.08029437 0.4197056 0.08029437 0.4197056 0.02826893 0.341844 0.00999999 0.25 0.00999999 0.25 0.02826893 0.1581559 0.08029437 0.08029437 0.08029437 0.08029437 0.1581559 0.02826893 0.25 0.00999999 0.25 0.00999999 0.341844 0.02826893 0.4197056 0.08029437 0.4197056 0.08029437 0.4717311 0.1581559 0.49 0.25 0.49 0.25 0.4717311 0.341844 0.4197056 0.4197056 0.4197056 0.4197056 0.25 0.49 0.08029437 0.4197056 0.08029437 0.4197056 0.00999999 0.25 0.08029437 0.08029437 0.08029437 0.08029437 0.25 0.00999999 0.4197056 0.08029437 0.4197056 0.08029437 0.49 0.25 0.4197056 0.4197056 0.4197056 0.4197056 0.08029437 0.4197056 0.08029437 0.08029437 0.125 1 0.0625 1 0.0625 0.5 0.0625 1 0 1 0 0.5 0.658156 0.4717311 0.75 0.49 0.9717311 0.341844 0.75 0.49 0.841844 0.4717311 0.9717311 0.341844 0.841844 0.4717311 0.9197056 0.4197056 0.9717311 0.341844 0.9717311 0.341844 0.99 0.25 0.9717311 0.1581559 0.9717311 0.1581559 0.9197056 0.08029437 0.841844 0.02826893 0.841844 0.02826893 0.75 0.00999999 0.5282689 0.1581559 0.75 0.00999999 0.658156 0.02826893 0.5282689 0.1581559 0.658156 0.02826893 0.5802944 0.08029437 0.5282689 0.1581559 0.5282689 0.1581559 0.51 0.25 0.5282689 0.341844 0.5282689 0.341844 0.5802944 0.4197056 0.658156 0.4717311 0.9717311 0.341844 0.9717311 0.1581559 0.658156 0.4717311 0.9717311 0.1581559 0.841844 0.02826893 0.658156 0.4717311 0.5282689 0.1581559 0.5282689 0.341844 0.841844 0.02826893</float_array>
          <technique_common>
            <accessor source="#ericrolph_cannon_car_wash_lowvram_cannonshape_Bore_mesh-mesh-map-0-array" count="180" stride="2">
              <param name="S" type="float"/>
              <param name="T" type="float"/>
            </accessor>
          </technique_common>
        </source>
        <vertices id="ericrolph_cannon_car_wash_lowvram_cannonshape_Bore_mesh-mesh-vertices">
          <input semantic="POSITION" source="#ericrolph_cannon_car_wash_lowvram_cannonshape_Bore_mesh-mesh-positions"/>
        </vertices>
        <triangles material="ericrolph_cannon_car_wash_lowvram_attract_iron-material" count="60">
          <input semantic="VERTEX" source="#ericrolph_cannon_car_wash_lowvram_cannonshape_Bore_mesh-mesh-vertices" offset="0"/>
          <input semantic="NORMAL" source="#ericrolph_cannon_car_wash_lowvram_cannonshape_Bore_mesh-mesh-normals" offset="1"/>
          <input semantic="TEXCOORD" source="#ericrolph_cannon_car_wash_lowvram_cannonshape_Bore_mesh-mesh-map-0" offset="2" set="0"/>
          <p>1 0 0 2 0 1 0 0 2 3 1 3 4 1 4 2 1 5 5 2 6 6 2 7 4 2 8 7 3 9 8 3 10 6 3 11 9 4 12 10 4 13 8 4 14 11 5 15 12 5 16 10 5 17 13 6 18 14 6 19 12 6 20 15 7 21 16 7 22 14 7 23 17 8 24 18 8 25 16 8 26 19 9 27 20 9 28 18 9 29 21 10 30 22 10 31 20 10 32 23 11 33 24 11 34 22 11 35 25 12 36 26 12 37 24 12 38 27 13 39 28 13 40 26 13 41 21 14 42 13 14 43 5 14 44 29 15 45 30 15 46 28 15 47 31 16 48 0 16 49 30 16 50 26 17 51 30 17 52 14 17 53 1 18 54 3 18 55 2 18 56 3 19 57 5 19 58 4 19 59 5 20 60 7 20 61 6 20 62 7 21 63 9 21 64 8 21 65 9 22 66 11 22 67 10 22 68 11 23 69 13 23 70 12 23 71 13 24 72 15 24 73 14 24 74 15 25 75 17 25 76 16 25 77 17 26 78 19 26 79 18 26 80 19 27 81 21 27 82 20 27 83 21 28 84 23 28 85 22 28 86 23 29 87 25 29 88 24 29 89 25 30 90 27 30 91 26 30 92 27 31 93 29 31 94 28 31 95 5 32 96 3 32 97 1 32 98 1 33 99 31 33 100 29 33 101 29 34 102 27 34 103 25 34 104 25 35 105 23 35 106 21 35 107 21 36 108 19 36 109 17 36 110 17 37 111 15 37 112 13 37 113 13 38 114 11 38 115 9 38 116 9 39 117 7 39 118 5 39 119 5 40 120 1 40 121 29 40 122 29 41 123 25 41 124 21 41 125 21 42 126 17 42 127 13 42 128 13 43 129 9 43 130 5 43 131 5 44 132 29 44 133 21 44 134 29 45 135 31 45 136 30 45 137 31 46 138 1 46 139 0 46 140 30 47 141 0 47 142 6 47 143 0 48 144 2 48 145 6 48 146 2 49 147 4 49 148 6 49 149 6 50 150 8 50 151 10 50 152 10 51 153 12 51 154 14 51 155 14 52 156 16 52 157 22 52 158 16 53 159 18 53 160 22 53 161 18 54 162 20 54 163 22 54 164 22 55 165 24 55 166 26 55 167 26 56 168 28 56 169 30 56 170 6 57 171 10 57 172 30 57 173 10 58 174 14 58 175 30 58 176 22 59 177 26 59 178 14 59 179</p>
        </triangles>
      </mesh>
    </geometry>
    <geometry id="ericrolph_cannon_car_wash_lowvram_cannonshape_Breech_mesh-mesh" name="ericrolph_cannon_car_wash_lowvram_cannonshape_Breech_mesh">
      <mesh>
        <source id="ericrolph_cannon_car_wash_lowvram_cannonshape_Breech_mesh-mesh-positions">
          <float_array id="ericrolph_cannon_car_wash_lowvram_cannonshape_Breech_mesh-mesh-positions-array" count="108">0 0.105 -0.12 0 0.092 0.12 0.03591209 0.09866768 -0.12 0.03146582 0.0864517 0.12 0.06749266 0.08043462 -0.12 0.05913645 0.07047605 0.12 0.09093266 0.05249994 -0.12 0.0796743 0.046 0.12 0.1034048 0.01823306 -0.12 0.09060227 0.01597559 0.12 0.1034048 -0.01823306 -0.12 0.09060227 -0.01597559 0.12 0.09093266 -0.05249994 -0.12 0.0796743 -0.046 0.12 0.06749266 -0.08043462 -0.12 0.05913645 -0.07047605 0.12 0.03591209 -0.09866768 -0.12 0.03146582 -0.0864517 0.12 0 -0.105 -0.12 0 -0.092 0.12 -0.03591209 -0.09866768 -0.12 -0.03146582 -0.0864517 0.12 -0.06749266 -0.08043462 -0.12 -0.05913645 -0.07047605 0.12 -0.09093266 -0.05249994 -0.12 -0.0796743 -0.046 0.12 -0.1034048 -0.01823306 -0.12 -0.09060227 -0.01597559 0.12 -0.1034048 0.01823306 -0.12 -0.09060227 0.01597559 0.12 -0.09093266 0.05249994 -0.12 -0.0796743 0.046 0.12 -0.06749266 0.08043462 -0.12 -0.05913645 0.07047605 0.12 -0.03591209 0.09866768 -0.12 -0.03146582 0.0864517 0.12</float_array>
          <technique_common>
            <accessor source="#ericrolph_cannon_car_wash_lowvram_cannonshape_Breech_mesh-mesh-positions-array" count="36" stride="3">
              <param name="X" type="float"/>
              <param name="Y" type="float"/>
              <param name="Z" type="float"/>
            </accessor>
          </technique_common>
        </source>
        <source id="ericrolph_cannon_car_wash_lowvram_cannonshape_Breech_mesh-mesh-normals">
          <float_array id="ericrolph_cannon_car_wash_lowvram_cannonshape_Breech_mesh-mesh-normals-array" count="204">0.1734017 0.9834096 0.05326795 0.49929 0.864796 0.05326795 0.764957 0.6418748 0.05326801 0.9383585 0.3415345 0.05326795 0.9985802 0 0.05326795 0.9383585 -0.3415345 0.05326795 0.764957 -0.6418748 0.05326795 0.49929 -0.864796 0.05326801 0.1734017 -0.9834096 0.05326795 -0.1734017 -0.9834096 0.05326795 -0.49929 -0.864796 0.05326795 -0.764957 -0.6418748 0.05326801 -0.9383585 -0.3415345 0.05326795 -0.9985802 0 0.05326795 -0.9383585 0.3415345 0.05326795 -0.764957 0.6418748 0.05326795 0 0 1 -0.49929 0.864796 0.05326801 -0.1734017 0.9834096 0.05326795 0 0 -1 0.1734015 0.9834096 0.05326795 0.4992903 0.8647958 0.05326801 0.7649569 0.641875 0.05326795 0.9383585 0.3415346 0.05326795 0.9985803 0 0.05326795 0.9383585 -0.3415346 0.05326795 0.7649569 -0.641875 0.05326801 0.4992903 -0.8647958 0.05326795 0.1734015 -0.9834096 0.05326795 -0.1734015 -0.9834096 0.05326795 -0.4992903 -0.8647958 0.05326801 -0.7649569 -0.641875 0.05326795 -0.9383585 -0.3415346 0.05326795 -0.9985803 0 0.05326795 -0.9383585 0.3415346 0.05326795 -0.7649569 0.641875 0.05326801 0 0 1 0 0 1 0 0 1 0 0 1 0 0 1 0 0 1 0 0 1 0 0 1 0 0 1 0 0 1 0 0 1 0 0 1 0 0 1 0 0 1 0 0 1 -0.4992903 0.8647958 0.05326795 -0.1734015 0.9834096 0.05326795 0 0 -1 0 0 -1 0 0 -1 0 0 -1 0 0 -1 0 0 -1 0 0 -1 0 0 -1 0 0 -1 0 0 -1 0 0 -1 0 0 -1 0 0 -1 0 0 -1 0 0 -1</float_array>
          <technique_common>
            <accessor source="#ericrolph_cannon_car_wash_lowvram_cannonshape_Breech_mesh-mesh-normals-array" count="68" stride="3">
              <param name="X" type="float"/>
              <param name="Y" type="float"/>
              <param name="Z" type="float"/>
            </accessor>
          </technique_common>
        </source>
        <source id="ericrolph_cannon_car_wash_lowvram_cannonshape_Breech_mesh-mesh-map-0">
          <float_array id="ericrolph_cannon_car_wash_lowvram_cannonshape_Breech_mesh-mesh-map-0-array" count="408">1 1 0.9444444 0.5 1 0.5 0.9444444 1 0.8888888 0.5 0.9444444 0.5 0.8888888 1 0.8333333 0.5 0.8888888 0.5 0.8333333 1 0.7777777 0.5 0.8333333 0.5 0.7777777 1 0.7222221 0.5 0.7777777 0.5 0.7222221 1 0.6666665 0.5 0.7222221 0.5 0.6666665 1 0.6111109 0.5 0.6666665 0.5 0.6111109 1 0.5555554 0.5 0.6111109 0.5 0.5555554 1 0.4999998 0.5 0.5555554 0.5 0.4999998 1 0.4444442 0.5 0.4999998 0.5 0.4444442 1 0.3888887 0.5 0.4444442 0.5 0.3888887 1 0.3333331 0.5 0.3888887 0.5 0.3333331 1 0.2777776 0.5 0.3333331 0.5 0.2777776 1 0.222222 0.5 0.2777776 0.5 0.222222 1 0.1666665 0.5 0.222222 0.5 0.1666665 1 0.1111109 0.5 0.1666665 0.5 0.04215389 0.13 0.3320848 0.02447372 0.4863538 0.2916756 0.1111109 1 0.05555534 0.5 0.1111109 0.5 0.05555534 1 -1.86265e-7 0.5 0.05555534 0.5 0.9578461 0.37 0.595731 0.06614929 0.5421539 0.37 1 1 0.9444444 1 0.9444444 0.5 0.9444444 1 0.8888888 1 0.8888888 0.5 0.8888888 1 0.8333333 1 0.8333333 0.5 0.8333333 1 0.7777777 1 0.7777777 0.5 0.7777777 1 0.7222221 1 0.7222221 0.5 0.7222221 1 0.6666665 1 0.6666665 0.5 0.6666665 1 0.6111109 1 0.6111109 0.5 0.6111109 1 0.5555554 1 0.5555554 0.5 0.5555554 1 0.4999998 1 0.4999998 0.5 0.4999998 1 0.4444442 1 0.4444442 0.5 0.4444442 1 0.3888887 1 0.3888887 0.5 0.3888887 1 0.3333331 1 0.3333331 0.5 0.3333331 1 0.2777776 1 0.2777776 0.5 0.2777776 1 0.222222 1 0.222222 0.5 0.222222 1 0.1666665 1 0.1666665 0.5 0.1666665 1 0.1111109 1 0.1111109 0.5 0.404269 0.4338507 0.3320848 0.4755262 0.25 0.49 0.25 0.49 0.1679151 0.4755262 0.09573096 0.4338507 0.09573096 0.4338507 0.04215389 0.37 0.01364612 0.2916756 0.01364612 0.2916756 0.01364612 0.2083244 0.09573096 0.4338507 0.01364612 0.2083244 0.04215389 0.13 0.09573096 0.4338507 0.04215389 0.13 0.09573096 0.06614935 0.1679151 0.02447372 0.1679151 0.02447372 0.25 0.00999999 0.04215389 0.13 0.25 0.00999999 0.3320848 0.02447372 0.04215389 0.13 0.3320848 0.02447372 0.404269 0.06614935 0.4578461 0.13 0.4578461 0.13 0.4863538 0.2083244 0.4863538 0.2916756 0.4863538 0.2916756 0.4578461 0.37 0.404269 0.4338507 0.404269 0.4338507 0.25 0.49 0.09573096 0.4338507 0.3320848 0.02447372 0.4578461 0.13 0.4863538 0.2916756 0.4863538 0.2916756 0.404269 0.4338507 0.09573096 0.4338507 0.09573096 0.4338507 0.04215389 0.13 0.4863538 0.2916756 0.1111109 1 0.05555534 1 0.05555534 0.5 0.05555534 1 -1.86265e-7 1 -1.86265e-7 0.5 0.6679152 0.4755262 0.75 0.49 0.8320848 0.4755262 0.8320848 0.4755262 0.904269 0.4338507 0.9578461 0.37 0.9578461 0.37 0.9863539 0.2916756 0.9863539 0.2083244 0.9863539 0.2083244 0.9578461 0.1299999 0.9578461 0.37 0.9578461 0.1299999 0.904269 0.06614929 0.9578461 0.37 0.904269 0.06614929 0.8320848 0.02447372 0.75 0.00999999 0.75 0.00999999 0.6679152 0.02447372 0.904269 0.06614929 0.6679152 0.02447372 0.595731 0.06614929 0.904269 0.06614929 0.595731 0.06614929 0.5421539 0.1299999 0.5136461 0.2083244 0.5136461 0.2083244 0.5136461 0.2916756 0.5421539 0.37 0.5421539 0.37 0.595731 0.4338507 0.6679152 0.4755262 0.6679152 0.4755262 0.8320848 0.4755262 0.9578461 0.37 0.595731 0.06614929 0.5136461 0.2083244 0.5421539 0.37 0.5421539 0.37 0.6679152 0.4755262 0.9578461 0.37 0.9578461 0.37 0.904269 0.06614929 0.595731 0.06614929</float_array>
          <technique_common>
            <accessor source="#ericrolph_cannon_car_wash_lowvram_cannonshape_Breech_mesh-mesh-map-0-array" count="204" stride="2">
              <param name="S" type="float"/>
              <param name="T" type="float"/>
            </accessor>
          </technique_common>
        </source>
        <vertices id="ericrolph_cannon_car_wash_lowvram_cannonshape_Breech_mesh-mesh-vertices">
          <input semantic="POSITION" source="#ericrolph_cannon_car_wash_lowvram_cannonshape_Breech_mesh-mesh-positions"/>
        </vertices>
        <triangles material="ericrolph_cannon_car_wash_lowvram_attract_cannon-material" count="68">
          <input semantic="VERTEX" source="#ericrolph_cannon_car_wash_lowvram_cannonshape_Breech_mesh-mesh-vertices" offset="0"/>
          <input semantic="NORMAL" source="#ericrolph_cannon_car_wash_lowvram_cannonshape_Breech_mesh-mesh-normals" offset="1"/>
          <input semantic="TEXCOORD" source="#ericrolph_cannon_car_wash_lowvram_cannonshape_Breech_mesh-mesh-map-0" offset="2" set="0"/>
          <p>1 0 0 2 0 1 0 0 2 3 1 3 4 1 4 2 1 5 5 2 6 6 2 7 4 2 8 7 3 9 8 3 10 6 3 11 9 4 12 10 4 13 8 4 14 11 5 15 12 5 16 10 5 17 13 6 18 14 6 19 12 6 20 15 7 21 16 7 22 14 7 23 17 8 24 18 8 25 16 8 26 19 9 27 20 9 28 18 9 29 21 10 30 22 10 31 20 10 32 23 11 33 24 11 34 22 11 35 25 12 36 26 12 37 24 12 38 27 13 39 28 13 40 26 13 41 29 14 42 30 14 43 28 14 44 31 15 45 32 15 46 30 15 47 25 16 48 17 16 49 9 16 50 33 17 51 34 17 52 32 17 53 35 18 54 0 18 55 34 18 56 6 19 57 22 19 58 30 19 59 1 20 60 3 20 61 2 20 62 3 21 63 5 21 64 4 21 65 5 22 66 7 22 67 6 22 68 7 23 69 9 23 70 8 23 71 9 24 72 11 24 73 10 24 74 11 25 75 13 25 76 12 25 77 13 26 78 15 26 79 14 26 80 15 27 81 17 27 82 16 27 83 17 28 84 19 28 85 18 28 86 19 29 87 21 29 88 20 29 89 21 30 90 23 30 91 22 30 92 23 31 93 25 31 94 24 31 95 25 32 96 27 32 97 26 32 98 27 33 99 29 33 100 28 33 101 29 34 102 31 34 103 30 34 104 31 35 105 33 35 106 32 35 107 5 36 108 3 36 109 1 36 110 1 37 111 35 37 112 33 37 113 33 38 114 31 38 115 29 38 116 29 39 117 27 39 118 33 39 119 27 40 120 25 40 121 33 40 122 25 41 123 23 41 124 21 41 125 21 42 126 19 42 127 25 42 128 19 43 129 17 43 130 25 43 131 17 44 132 15 44 133 13 44 134 13 45 135 11 45 136 9 45 137 9 46 138 7 46 139 5 46 140 5 47 141 1 47 142 33 47 143 17 48 144 13 48 145 9 48 146 9 49 147 5 49 148 33 49 149 33 50 150 25 50 151 9 50 152 33 51 153 35 51 154 34 51 155 35 52 156 1 52 157 0 52 158 34 53 159 0 53 160 2 53 161 2 54 162 4 54 163 6 54 164 6 55 165 8 55 166 10 55 167 10 56 168 12 56 169 6 56 170 12 57 171 14 57 172 6 57 173 14 58 174 16 58 175 18 58 176 18 59 177 20 59 178 14 59 179 20 60 180 22 60 181 14 60 182 22 61 183 24 61 184 26 61 185 26 62 186 28 62 187 30 62 188 30 63 189 32 63 190 34 63 191 34 64 192 2 64 193 6 64 194 22 65 195 26 65 196 30 65 197 30 66 198 34 66 199 6 66 200 6 67 201 14 67 202 22 67 203</p>
        </triangles>
      </mesh>
    </geometry>
    <geometry id="ericrolph_cannon_car_wash_lowvram_cannonshape_CascabelBall_mesh-mesh" name="ericrolph_cannon_car_wash_lowvram_cannonshape_CascabelBall_mesh">
      <mesh>
        <source id="ericrolph_cannon_car_wash_lowvram_cannonshape_CascabelBall_mesh-mesh-positions">
          <float_array id="ericrolph_cannon_car_wash_lowvram_cannonshape_CascabelBall_mesh-mesh-positions-array" count="384">0 0.01606887 0.04945492 0 0.04206883 0.03056478 0 0.04945492 0.01606887 0 0.05199998 0 0 0.04945492 -0.01606887 0 0.03056478 -0.04206883 0 0.01606887 -0.04945492 0 0 0.05199998 0.006972014 0.01447755 0.04945492 0.01326155 0.02753794 0.04206883 0.01825296 0.03790271 0.03056478 0.02145767 0.04455733 0.01606887 0.0225619 0.04685038 0 0.02145767 0.04455733 -0.01606887 0.01825296 0.03790271 -0.03056478 0.01326155 0.02753794 -0.04206883 0.006972014 0.01447755 -0.04945492 0.0125631 0.01001876 0.04945492 0.02389651 0.01905685 0.04206883 0.03289073 0.0262295 0.03056478 0.03866541 0.03083461 0.01606887 0.04065519 0.03242146 0 0.03866541 0.03083461 -0.01606887 0.03289073 0.0262295 -0.03056478 0.02389651 0.01905685 -0.04206883 0.0125631 0.01001876 -0.04945492 0.015666 0.003575623 0.04945492 0.0297985 0.006801307 0.04206883 0.04101407 0.009361147 0.03056478 0.04821497 0.01100474 0.01606887 0.05069625 0.01157104 0 0.04821497 0.01100474 -0.01606887 0.04101407 0.009361147 -0.03056478 0.0297985 0.006801307 -0.04206883 0.015666 0.003575623 -0.04945492 0.015666 -0.003575623 0.04945492 0.0297985 -0.006801307 0.04206883 0.04101407 -0.009361207 0.03056478 0.04821497 -0.01100474 0.01606887 0.05069625 -0.01157104 0 0.04821497 -0.01100474 -0.01606887 0.04101407 -0.009361207 -0.03056478 0.0297985 -0.006801307 -0.04206883 0.015666 -0.003575623 -0.04945492 0.0125631 -0.01001876 0.04945492 0.02389651 -0.01905685 0.04206883 0.03289073 -0.0262295 0.03056478 0.03866541 -0.03083461 0.01606887 0.04065519 -0.03242146 0 0.03866541 -0.03083461 -0.01606887 0.03289073 -0.0262295 -0.03056478 0.02389651 -0.01905685 -0.04206883 0.0125631 -0.01001876 -0.04945492 0.006972014 -0.01447755 0.04945492 0.01326155 -0.02753794 0.04206883 0.01825296 -0.03790271 0.03056478 0.02145767 -0.04455733 0.01606887 0.0225619 -0.04685038 0 0.02145767 -0.04455733 -0.01606887 0.01825296 -0.03790271 -0.03056478 0.01326155 -0.02753794 -0.04206883 0.006972014 -0.01447755 -0.04945492 0 -0.01606887 0.04945492 0 -0.03056478 0.04206883 0 -0.04206883 0.03056478 0 -0.04945492 0.01606887 0 -0.05199998 0 0 -0.04945492 -0.01606887 0 -0.04206883 -0.03056478 0 -0.03056478 -0.04206883 0 -0.01606887 -0.04945492 -0.006972014 -0.01447755 0.04945492 -0.01326155 -0.02753794 0.04206883 -0.01825296 -0.03790271 0.03056478 -0.02145767 -0.04455733 0.01606887 -0.02256196 -0.04685032 0 -0.02145767 -0.04455733 -0.01606887 -0.01825296 -0.03790271 -0.03056478 -0.01326155 -0.02753794 -0.04206883 -0.006972014 -0.01447755 -0.04945492 -0.0125631 -0.01001876 0.04945492 -0.02389651 -0.01905685 0.04206883 -0.03289073 -0.0262295 0.03056478 -0.03866541 -0.03083461 0.01606887 -0.04065519 -0.03242141 0 -0.03866541 -0.03083461 -0.01606887 -0.03289073 -0.0262295 -0.03056478 -0.02389651 -0.01905685 -0.04206883 -0.0125631 -0.01001876 -0.04945492 0 0 -0.05199998 -0.015666 -0.003575623 0.04945492 -0.0297985 -0.006801307 0.04206883 -0.04101407 -0.009361147 0.03056478 -0.04821497 -0.01100474 0.01606887 -0.05069625 -0.01157104 0 -0.04821497 -0.01100474 -0.01606887 -0.04101407 -0.009361147 -0.03056478 -0.0297985 -0.006801307 -0.04206883 -0.015666 -0.003575623 -0.04945492 -0.01566594 0.003575623 0.04945492 -0.0297985 0.006801307 0.04206883 -0.04101407 0.009361207 0.03056478 -0.04821497 0.01100474 0.01606887 -0.05069619 0.01157104 0 -0.04821497 0.01100474 -0.01606887 -0.04101407 0.009361207 -0.03056478 -0.0297985 0.006801307 -0.04206883 -0.01566594 0.003575623 -0.04945492 -0.0125631 0.01001876 0.04945492 -0.02389651 0.01905685 0.04206883 -0.03289073 0.0262295 0.03056478 -0.03866541 0.03083461 0.01606887 -0.04065519 0.03242146 0 -0.03866541 0.03083461 -0.01606887 -0.03289073 0.0262295 -0.03056478 -0.02389651 0.01905685 -0.04206883 -0.0125631 0.01001876 -0.04945492 -0.006972014 0.01447755 0.04945492 -0.01326155 0.02753794 0.04206883 -0.01825296 0.03790271 0.03056478 -0.02145767 0.04455733 0.01606887 -0.0225619 0.04685038 0 -0.02145767 0.04455733 -0.01606887 -0.01825296 0.03790271 -0.03056478 -0.01326155 0.02753794 -0.04206883 -0.006972014 0.01447755 -0.04945492 0 0.03056478 0.04206883 0 0.04206883 -0.03056478</float_array>
          <technique_common>
            <accessor source="#ericrolph_cannon_car_wash_lowvram_cannonshape_CascabelBall_mesh-mesh-positions-array" count="128" stride="3">
              <param name="X" type="float"/>
              <param name="Y" type="float"/>
              <param name="Z" type="float"/>
            </accessor>
          </technique_common>
        </source>
        <source id="ericrolph_cannon_car_wash_lowvram_cannonshape_CascabelBall_mesh-mesh-normals">
          <float_array id="ericrolph_cannon_car_wash_lowvram_cannonshape_CascabelBall_mesh-mesh-normals-array" count="756">0.1593308 0.6980738 0.6980736 0.03568232 0.1563346 -0.9870594 0.1992866 0.873134 -0.4448841 0.1992871 0.8731338 0.4448841 0.03568232 0.1563346 0.9870594 0.1593309 0.698074 -0.6980733 0.2199147 0.9635089 0.1526045 0.1030687 0.4515728 0.8862611 0.1030685 0.4515729 -0.8862612 0.2199146 0.9635089 -0.1526046 0.4464349 0.5598115 0.6980737 0.09997975 0.1253706 -0.9870594 0.5583902 0.7001988 -0.4448844 0.5583901 0.700199 0.4448842 0.09997975 0.1253706 0.9870594 0.4464349 0.5598116 -0.6980737 0.6161871 0.7726742 0.1526045 0.2887917 0.3621333 0.8862612 0.2887917 0.3621333 -0.8862611 0.616187 0.7726742 -0.1526046 0.8904161 0.4288018 -0.1526045 0.6451172 0.310672 0.6980736 0.144475 0.06957542 -0.9870594 0.806897 0.388581 -0.4448844 0.8068969 0.388581 0.4448843 0.1444749 0.06957548 0.9870594 0.6451171 0.310672 -0.6980736 0.8904162 0.4288017 0.1526045 0.417316 0.2009688 0.8862611 0.4173161 0.2009688 -0.8862612 0.4631859 0 0.8862611 0.4631859 0 -0.8862612 0.9882873 0 -0.1526046 0.7160261 -1.42471e-7 0.6980736 0.1603551 0 -0.9870594 0.8955879 -1.68069e-7 -0.4448845 0.8955881 0 0.4448844 0.1603551 0 0.9870594 0.7160261 0 -0.6980736 0.9882873 0 0.1526046 0.6451171 -0.3106722 -0.6980736 0.890416 -0.4288018 0.1526047 0.417316 -0.2009689 0.8862611 0.4173161 -0.2009689 -0.8862612 0.8904161 -0.4288019 -0.1526047 0.6451171 -0.3106721 0.6980736 0.1444749 -0.06957548 -0.9870594 0.8068968 -0.3885812 -0.4448845 0.8068969 -0.3885812 0.4448844 0.1444749 -0.06957548 0.9870594 0.5583899 -0.700199 0.4448845 0.09997975 -0.1253707 0.9870594 0.4464349 -0.5598117 -0.6980736 0.6161869 -0.7726742 0.1526047 0.2887917 -0.3621333 0.8862611 0.2887915 -0.3621334 -0.8862612 0.6161869 -0.7726742 -0.1526046 0.4464348 -0.5598118 0.6980736 0.09997975 -0.1253707 -0.9870594 0.5583899 -0.700199 -0.4448845 0.1992868 -0.8731337 -0.4448845 0.1992869 -0.8731338 0.4448844 0.03568226 -0.1563347 0.9870594 0.1593307 -0.6980738 -0.6980736 0.2199143 -0.9635089 0.1526048 0.1030685 -0.4515728 0.8862611 0.1030684 -0.4515728 -0.8862612 0.2199144 -0.963509 -0.1526047 0.1593306 -0.698074 0.6980735 0.03568232 -0.1563347 -0.9870594 -0.159331 -0.6980739 0.6980734 -0.03568238 -0.1563346 -0.9870594 -0.1992872 -0.8731337 -0.4448845 -0.1992872 -0.8731337 0.4448845 -0.03568243 -0.1563346 0.9870594 -0.1593309 -0.6980739 -0.6980735 -0.2199149 -0.9635089 0.1526046 -0.1030686 -0.4515728 0.8862612 -0.1030687 -0.4515728 -0.8862612 -0.2199147 -0.9635089 -0.1526046 -0.2887917 -0.3621332 -0.8862612 -0.6161872 -0.772674 -0.1526045 -0.4464352 -0.5598117 0.6980735 -0.09997981 -0.1253706 -0.9870594 -0.5583902 -0.7001988 -0.4448845 -0.5583901 -0.7001988 0.4448845 -0.09997981 -0.1253706 0.9870594 -0.4464351 -0.5598117 -0.6980735 -0.6161873 -0.772674 0.1526045 -0.2887917 -0.3621332 0.8862612 -0.8904163 -0.4288016 0.1526045 -0.4173161 -0.2009687 0.8862612 -0.4173161 -0.2009686 -0.8862612 -0.8904163 -0.4288015 -0.1526044 -0.6451174 -0.3106719 0.6980735 -0.144475 -0.06957542 -0.9870594 -0.8068971 -0.3885809 -0.4448844 -0.8068971 -0.3885807 0.4448844 -0.144475 -0.06957542 0.9870594 -0.6451174 -0.3106719 -0.6980735 -0.1603552 0 0.9870594 -0.7160262 1.99755e-7 -0.6980734 -0.9882873 1.54694e-7 0.1526046 -0.4631859 1.26851e-7 0.8862612 -0.4631859 1.27607e-7 -0.8862612 -0.9882873 1.67276e-7 -0.1526046 -0.7160262 2.84943e-7 0.6980735 -0.1603552 0 -0.9870594 -0.8955879 3.60148e-7 -0.4448846 -0.895588 1.51586e-7 0.4448843 -0.8068968 0.3885812 0.4448845 -0.1444749 0.06957548 0.9870594 -0.6451172 0.3106722 -0.6980735 -0.890416 0.4288021 0.1526045 -0.417316 0.2009689 0.8862611 -0.4173159 0.2009689 -0.8862612 -0.890416 0.428802 -0.1526046 -0.6451172 0.3106724 0.6980734 -0.144475 0.06957554 -0.9870594 -0.8068966 0.3885813 -0.4448847 -0.09997975 0.1253708 -0.9870594 -0.5583897 0.700199 -0.4448847 -0.5583898 0.700199 0.4448845 -0.09997975 0.1253708 0.9870594 -0.4464349 0.559812 -0.6980734 -0.6161868 0.7726743 0.1526045 -0.2887916 0.3621333 0.8862612 -0.2887914 0.3621333 -0.8862612 -0.6161869 0.7726743 -0.1526046 -0.4464349 0.5598121 0.6980732 -0.2199146 0.9635089 -0.1526046 -0.1593312 0.6980739 0.6980734 -0.03568243 0.1563346 -0.9870594 -0.1992865 0.8731335 -0.4448851 -0.199287 0.8731337 0.4448847 -0.03568238 0.1563346 0.9870594 -0.1593307 0.6980741 -0.6980733 -0.2199146 0.9635089 0.1526046 -0.1030684 0.4515729 0.8862611 -0.1030687 0.4515727 -0.8862613 0.1593309 0.6980736 0.6980738 0.1992871 0.8731336 -0.4448847 0.1992871 0.8731338 0.4448842 0.1593303 0.6980738 -0.6980736 0.2199146 0.9635089 0.1526046 0.1030685 0.4515728 0.8862612 0.1030685 0.4515728 -0.8862611 0.2199147 0.9635089 -0.1526045 0.446435 0.5598117 0.6980736 0.5583901 0.700199 -0.4448842 0.5583902 0.7001988 0.4448844 0.446435 0.5598116 -0.6980736 0.616187 0.7726742 0.1526045 0.2887917 0.3621333 0.8862612 0.2887917 0.3621333 -0.8862612 0.6161871 0.7726742 -0.1526045 0.8904162 0.4288018 -0.1526045 0.6451171 0.310672 0.6980736 0.8068969 0.388581 -0.4448843 0.806897 0.388581 0.4448844 0.6451172 0.310672 -0.6980736 0.8904161 0.4288018 0.1526045 0.4173161 0.2009688 0.8862612 0.417316 0.2009688 -0.8862612 0.4631859 0 0.8862612 0.4631859 0 -0.8862611 0.9882873 0 -0.1526046 0.7160261 0 0.6980736 0.8955881 0 -0.4448844 0.895588 -1.782e-7 0.4448845 0.7160261 -1.42471e-7 -0.6980736 0.9882873 0 0.1526046 0.6451171 -0.3106721 -0.6980736 0.8904161 -0.4288019 0.1526046 0.4173161 -0.2009689 0.8862612 0.4173161 -0.2009689 -0.8862611 0.890416 -0.4288018 -0.1526047 0.6451171 -0.3106722 0.6980736 0.8068968 -0.3885811 -0.4448844 0.8068968 -0.3885812 0.4448845 0.5583899 -0.700199 0.4448845 0.4464349 -0.5598118 -0.6980736 0.6161869 -0.7726742 0.1526047 0.2887916 -0.3621334 0.8862612 0.2887917 -0.3621333 -0.8862611 0.6161869 -0.7726742 -0.1526047 0.4464349 -0.5598117 0.6980735 0.5583899 -0.700199 -0.4448845 0.1992869 -0.8731338 -0.4448844 0.1992868 -0.8731337 0.4448846 0.1593306 -0.6980739 -0.6980734 0.2199144 -0.963509 0.1526046 0.1030684 -0.4515728 0.8862612 0.1030685 -0.4515728 -0.8862611 0.2199143 -0.9635089 -0.1526046 0.1593307 -0.6980738 0.6980736 -0.1593309 -0.6980738 0.6980735 -0.1992872 -0.8731337 -0.4448845 -0.1992873 -0.8731336 0.4448846 -0.159331 -0.6980739 -0.6980734 -0.2199148 -0.963509 0.1526045 -0.1030687 -0.4515727 0.8862612 -0.1030686 -0.4515728 -0.8862612 -0.2199149 -0.9635089 -0.1526045 -0.2887917 -0.3621332 -0.8862612 -0.6161873 -0.772674 -0.1526043 -0.4464351 -0.5598117 0.6980735 -0.5583901 -0.7001988 -0.4448845 -0.5583902 -0.7001987 0.4448845 -0.4464352 -0.5598117 -0.6980735 -0.6161873 -0.772674 0.1526043 -0.2887918 -0.3621332 0.8862612 -0.8904163 -0.4288015 0.1526044 -0.4173161 -0.2009686 0.8862612 -0.4173161 -0.2009687 -0.8862612 -0.8904162 -0.4288016 -0.1526045 -0.6451174 -0.3106719 0.6980735 -0.8068971 -0.3885807 -0.4448844 -0.806897 -0.3885809 0.4448844 -0.6451174 -0.3106719 -0.6980735 -0.7160262 2.84943e-7 -0.6980735 -0.9882873 1.67276e-7 0.1526046 -0.4631858 1.20642e-7 0.8862612 -0.4631859 1.26851e-7 -0.8862612 -0.9882873 1.59089e-7 -0.1526046 -0.7160262 1.96095e-7 0.6980734 -0.895588 1.51586e-7 -0.4448843 -0.8955879 3.56399e-7 0.4448846 -0.8068966 0.3885813 0.4448847 -0.6451173 0.3106724 -0.6980733 -0.890416 0.428802 0.1526046 -0.4173159 0.2009689 0.8862612 -0.417316 0.2009689 -0.8862612 -0.890416 0.4288021 -0.1526045 -0.6451174 0.3106723 0.6980733 -0.8068968 0.3885812 -0.4448845 -0.5583898 0.700199 -0.4448846 -0.5583897 0.700199 0.4448847 -0.4464349 0.5598121 -0.6980733 -0.6161869 0.7726743 0.1526046 -0.2887914 0.3621333 0.8862612 -0.2887916 0.3621333 -0.8862612 -0.6161868 0.7726743 -0.1526045 -0.446435 0.559812 0.6980733 -0.2199146 0.9635089 -0.1526046 -0.1593304 0.6980736 0.6980738 -0.199287 0.8731337 -0.4448846 -0.1992875 0.8731338 0.4448841 -0.1593305 0.6980743 -0.6980732 -0.2199146 0.9635089 0.1526046 -0.1030687 0.4515727 0.8862612 -0.1030684 0.4515728 -0.8862611</float_array>
          <technique_common>
            <accessor source="#ericrolph_cannon_car_wash_lowvram_cannonshape_CascabelBall_mesh-mesh-normals-array" count="252" stride="3">
              <param name="X" type="float"/>
              <param name="Y" type="float"/>
              <param name="Z" type="float"/>
            </accessor>
          </technique_common>
        </source>
        <source id="ericrolph_cannon_car_wash_lowvram_cannonshape_CascabelBall_mesh-mesh-map-0">
          <float_array id="ericrolph_cannon_car_wash_lowvram_cannonshape_CascabelBall_mesh-mesh-map-0-array" count="1512">0.7142857 0.8 0.6428571 0.7 0.7142857 0.7 0.6785715 0 0.7142857 0.1 0.6428571 0.1 0.7142857 0.3 0.6428571 0.4 0.6428571 0.3 0.7142857 0.7 0.6428571 0.6 0.7142857 0.6 0.7142857 0.9 0.6785715 1 0.6428571 0.9 0.7142857 0.3 0.6428571 0.1999999 0.7142857 0.1999999 0.7142857 0.5 0.6428571 0.6 0.6428571 0.5 0.7142857 0.8 0.6428571 0.9 0.6428571 0.8 0.7142857 0.1999999 0.6428571 0.1 0.7142857 0.1 0.7142857 0.5 0.6428571 0.4 0.7142857 0.4 0.6428571 0.8 0.5714286 0.7000001 0.6428571 0.7 0.6071429 0 0.6428571 0.1 0.5714286 0.1 0.6428571 0.3 0.5714286 0.4 0.5714286 0.3 0.6428571 0.7 0.5714286 0.6 0.6428571 0.6 0.6428571 0.9 0.6071429 1 0.5714286 0.9 0.6428571 0.3 0.5714286 0.1999999 0.6428571 0.1999999 0.6428571 0.5 0.5714286 0.6 0.5714286 0.5 0.6428571 0.9 0.5714286 0.8 0.6428571 0.8 0.6428571 0.1 0.5714286 0.1999999 0.5714286 0.1 0.6428571 0.5 0.5714286 0.4 0.6428571 0.4 0.5714286 0.5 0.5 0.4 0.5714286 0.4 0.5714286 0.7000001 0.5 0.8 0.5 0.7000001 0.5357143 0 0.5714286 0.1 0.5 0.1 0.5714286 0.3 0.5 0.4 0.5 0.3 0.5714286 0.7000001 0.5 0.6 0.5714286 0.6 0.5714286 0.9 0.5357143 1 0.5 0.9 0.5714286 0.3 0.5 0.1999999 0.5714286 0.1999999 0.5714286 0.5 0.5 0.6 0.5 0.5 0.5714286 0.8 0.5 0.9 0.5 0.8 0.5714286 0.1999999 0.5 0.1 0.5714286 0.1 0.5 0.9 0.4285714 0.8 0.5 0.8 0.5 0.1999999 0.4285714 0.1 0.5 0.1 0.5 0.5 0.4285714 0.4 0.5 0.4 0.5 0.8 0.4285714 0.7000001 0.5 0.7000001 0.4642857 0 0.5 0.1 0.4285714 0.1 0.5 0.3 0.4285714 0.4 0.4285714 0.3 0.5 0.7000001 0.4285714 0.6 0.5 0.6 0.5 0.9 0.4642857 1 0.4285714 0.9 0.5 0.3 0.4285714 0.1999999 0.5 0.1999999 0.5 0.5 0.4285714 0.6 0.4285714 0.5 0.4285714 0.1999999 0.3571429 0.3 0.3571429 0.1999999 0.4285714 0.5 0.3571429 0.6 0.3571429 0.5 0.4285714 0.9 0.3571429 0.8000001 0.4285714 0.8 0.4285714 0.1 0.3571429 0.1999999 0.3571429 0.1 0.4285714 0.5 0.3571429 0.4 0.4285714 0.4 0.4285714 0.8 0.3571429 0.7000001 0.4285714 0.7000001 0.3928571 0 0.4285714 0.1 0.3571429 0.1 0.4285714 0.3 0.3571429 0.4 0.3571429 0.3 0.4285714 0.7000001 0.3571429 0.6 0.4285714 0.6 0.4285714 0.9 0.3928571 1 0.3571429 0.9 0.3571429 0.7000001 0.2857143 0.6 0.3571429 0.6 0.3571429 0.9 0.3214285 1 0.2857143 0.9 0.3571429 0.3 0.2857143 0.1999999 0.3571429 0.1999999 0.3571429 0.6 0.2857143 0.5 0.3571429 0.5 0.3571429 0.9 0.2857143 0.8 0.3571429 0.8000001 0.3571429 0.1 0.2857143 0.1999999 0.2857143 0.1 0.3571429 0.5 0.2857143 0.4 0.3571429 0.4 0.3571429 0.8000001 0.2857143 0.7000001 0.3571429 0.7000001 0.3214285 0 0.3571429 0.1 0.2857143 0.1 0.3571429 0.3 0.2857143 0.4 0.2857143 0.3 0.2857143 0.3 0.2142857 0.4 0.2142857 0.3 0.2857143 0.7000001 0.2142857 0.6 0.2857143 0.6 0.2857143 0.9 0.25 1 0.2142857 0.9 0.2857143 0.3 0.2142857 0.1999999 0.2857143 0.1999999 0.2857143 0.6 0.2142857 0.5 0.2857143 0.5 0.2857143 0.9 0.2142857 0.8 0.2857143 0.8 0.2857143 0.1 0.2142857 0.1999999 0.2142857 0.1 0.2857143 0.5 0.2142857 0.4 0.2857143 0.4 0.2857143 0.7000001 0.2142857 0.8 0.2142857 0.7000001 0.25 0 0.2857143 0.1 0.2142857 0.1 0.2142857 0.7000001 0.1428571 0.8 0.1428571 0.7000001 0.1785714 0 0.2142857 0.1 0.1428571 0.1 0.2142857 0.3 0.1428571 0.4 0.1428571 0.3 0.2142857 0.7000001 0.1428571 0.6 0.2142857 0.6 0.2142857 0.9 0.1785714 1 0.1428571 0.9 0.2142857 0.3 0.1428571 0.1999999 0.2142857 0.1999999 0.2142857 0.6 0.1428571 0.5 0.2142857 0.5 0.2142857 0.9 0.1428571 0.8 0.2142857 0.8 0.2142857 0.1999999 0.1428571 0.1 0.2142857 0.1 0.2142857 0.5 0.1428571 0.4 0.2142857 0.4 0.1428571 0.1 0.07142853 0.1999999 0.07142853 0.1 0.1428571 0.5 0.07142853 0.4 0.1428571 0.4 0.1428571 0.7000001 0.07142853 0.8 0.07142853 0.7000001 0.1071428 0 0.1428571 0.1 0.07142853 0.1 0.1428571 0.3 0.07142853 0.4 0.07142853 0.3 0.1428571 0.7000001 0.07142853 0.6 0.1428571 0.6 0.1428571 0.9 0.1071428 1 0.07142853 0.9 0.1428571 0.3 0.07142853 0.1999999 0.1428571 0.1999999 0.1428571 0.6 0.07142853 0.5 0.1428571 0.5 0.1428571 0.9 0.07142853 0.8 0.1428571 0.8 0.07142853 0.5 0 0.6 0 0.5 0.07142853 0.9 0 0.8 0.07142853 0.8 0.07142853 0.1999999 0 0.1 0.07142853 0.1 0.07142853 0.5 0 0.4 0.07142853 0.4 0.07142853 0.8 0 0.7000001 0.07142853 0.7000001 0.03571426 0 0.07142853 0.1 0 0.1 0.07142853 0.3 0 0.4 0 0.3 0.07142853 0.7000001 0 0.6 0.07142853 0.6 0.07142853 0.9 0.03571426 1 0 0.9 0.07142853 0.3 0 0.1999999 0.07142853 0.1999999 1 0.9 0.9642857 1 0.9285714 0.9 1 0.1999999 0.9285714 0.3 0.9285714 0.1999999 1 0.5 0.9285714 0.6 0.9285714 0.5 1 0.9 0.9285714 0.8000001 1 0.8 1 0.1 0.9285714 0.1999999 0.9285714 0.1 1 0.5 0.9285714 0.4 1 0.4 1 0.8 0.9285714 0.7000001 1 0.7000001 0.9642857 0 1 0.1 0.9285714 0.1 1 0.3 0.9285714 0.4 0.9285714 0.3 1 0.7000001 0.9285714 0.6 1 0.6 0.9285714 0.7000001 0.8571428 0.6 0.9285714 0.6 0.9285714 0.9 0.8928571 1 0.8571428 0.9 0.9285714 0.3 0.8571428 0.1999999 0.9285714 0.1999999 0.9285714 0.5 0.8571428 0.6 0.8571428 0.5 0.9285714 0.9 0.8571428 0.8 0.9285714 0.8000001 0.9285714 0.1 0.8571428 0.1999999 0.8571428 0.1 0.9285714 0.5 0.8571428 0.4 0.9285714 0.4 0.9285714 0.8000001 0.8571428 0.7000001 0.9285714 0.7000001 0.8928571 0 0.9285714 0.1 0.8571428 0.1 0.9285714 0.3 0.8571428 0.4 0.8571428 0.3 0.8214285 0 0.8571428 0.1 0.7857143 0.1 0.8571428 0.3 0.7857143 0.4 0.7857143 0.3 0.8571428 0.7000001 0.7857143 0.6 0.8571428 0.6 0.8571428 0.9 0.8214285 1 0.7857143 0.9 0.8571428 0.3 0.7857143 0.1999999 0.8571428 0.1999999 0.8571428 0.5 0.7857143 0.6 0.7857143 0.5 0.8571428 0.9 0.7857143 0.8 0.8571428 0.8 0.8571428 0.1 0.7857143 0.1999999 0.7857143 0.1 0.8571428 0.5 0.7857143 0.4 0.8571428 0.4 0.8571428 0.7000001 0.7857143 0.8 0.7857143 0.7000001 0.7857143 0.5 0.7142857 0.4 0.7857143 0.4 0.7857143 0.8 0.7142857 0.7 0.7857143 0.7000001 0.75 0 0.7857143 0.1 0.7142857 0.1 0.7857143 0.3 0.7142857 0.4 0.7142857 0.3 0.7857143 0.7000001 0.7142857 0.6 0.7857143 0.6 0.7857143 0.9 0.75 1 0.7142857 0.9 0.7857143 0.3 0.7142857 0.1999999 0.7857143 0.1999999 0.7857143 0.5 0.7142857 0.6 0.7142857 0.5 0.7857143 0.8 0.7142857 0.9 0.7142857 0.8 0.7857143 0.1999999 0.7142857 0.1 0.7857143 0.1 0.7142857 0.8 0.6428571 0.8 0.6428571 0.7 0.7142857 0.3 0.7142857 0.4 0.6428571 0.4 0.7142857 0.7 0.6428571 0.7 0.6428571 0.6 0.7142857 0.3 0.6428571 0.3 0.6428571 0.1999999 0.7142857 0.5 0.7142857 0.6 0.6428571 0.6 0.7142857 0.8 0.7142857 0.9 0.6428571 0.9 0.7142857 0.1999999 0.6428571 0.1999999 0.6428571 0.1 0.7142857 0.5 0.6428571 0.5 0.6428571 0.4 0.6428571 0.8 0.5714286 0.8 0.5714286 0.7000001 0.6428571 0.3 0.6428571 0.4 0.5714286 0.4 0.6428571 0.7 0.5714286 0.7000001 0.5714286 0.6 0.6428571 0.3 0.5714286 0.3 0.5714286 0.1999999 0.6428571 0.5 0.6428571 0.6 0.5714286 0.6 0.6428571 0.9 0.5714286 0.9 0.5714286 0.8 0.6428571 0.1 0.6428571 0.1999999 0.5714286 0.1999999 0.6428571 0.5 0.5714286 0.5 0.5714286 0.4 0.5714286 0.5 0.5 0.5 0.5 0.4 0.5714286 0.7000001 0.5714286 0.8 0.5 0.8 0.5714286 0.3 0.5714286 0.4 0.5 0.4 0.5714286 0.7000001 0.5 0.7000001 0.5 0.6 0.5714286 0.3 0.5 0.3 0.5 0.1999999 0.5714286 0.5 0.5714286 0.6 0.5 0.6 0.5714286 0.8 0.5714286 0.9 0.5 0.9 0.5714286 0.1999999 0.5 0.1999999 0.5 0.1 0.5 0.9 0.4285714 0.9 0.4285714 0.8 0.5 0.1999999 0.4285714 0.1999999 0.4285714 0.1 0.5 0.5 0.4285714 0.5 0.4285714 0.4 0.5 0.8 0.4285714 0.8 0.4285714 0.7000001 0.5 0.3 0.5 0.4 0.4285714 0.4 0.5 0.7000001 0.4285714 0.7000001 0.4285714 0.6 0.5 0.3 0.4285714 0.3 0.4285714 0.1999999 0.5 0.5 0.5 0.6 0.4285714 0.6 0.4285714 0.1999999 0.4285714 0.3 0.3571429 0.3 0.4285714 0.5 0.4285714 0.6 0.3571429 0.6 0.4285714 0.9 0.3571429 0.9 0.3571429 0.8000001 0.4285714 0.1 0.4285714 0.1999999 0.3571429 0.1999999 0.4285714 0.5 0.3571429 0.5 0.3571429 0.4 0.4285714 0.8 0.3571429 0.8000001 0.3571429 0.7000001 0.4285714 0.3 0.4285714 0.4 0.3571429 0.4 0.4285714 0.7000001 0.3571429 0.7000001 0.3571429 0.6 0.3571429 0.7000001 0.2857143 0.7000001 0.2857143 0.6 0.3571429 0.3 0.2857143 0.3 0.2857143 0.1999999 0.3571429 0.6 0.2857143 0.6 0.2857143 0.5 0.3571429 0.9 0.2857143 0.9 0.2857143 0.8 0.3571429 0.1 0.3571429 0.1999999 0.2857143 0.1999999 0.3571429 0.5 0.2857143 0.5 0.2857143 0.4 0.3571429 0.8000001 0.2857143 0.8 0.2857143 0.7000001 0.3571429 0.3 0.3571429 0.4 0.2857143 0.4 0.2857143 0.3 0.2857143 0.4 0.2142857 0.4 0.2857143 0.7000001 0.2142857 0.7000001 0.2142857 0.6 0.2857143 0.3 0.2142857 0.3 0.2142857 0.1999999 0.2857143 0.6 0.2142857 0.6 0.2142857 0.5 0.2857143 0.9 0.2142857 0.9 0.2142857 0.8 0.2857143 0.1 0.2857143 0.1999999 0.2142857 0.1999999 0.2857143 0.5 0.2142857 0.5 0.2142857 0.4 0.2857143 0.7000001 0.2857143 0.8 0.2142857 0.8 0.2142857 0.7000001 0.2142857 0.8 0.1428571 0.8 0.2142857 0.3 0.2142857 0.4 0.1428571 0.4 0.2142857 0.7000001 0.1428571 0.7000001 0.1428571 0.6 0.2142857 0.3 0.1428571 0.3 0.1428571 0.1999999 0.2142857 0.6 0.1428571 0.6 0.1428571 0.5 0.2142857 0.9 0.1428571 0.9 0.1428571 0.8 0.2142857 0.1999999 0.1428571 0.1999999 0.1428571 0.1 0.2142857 0.5 0.1428571 0.5 0.1428571 0.4 0.1428571 0.1 0.1428571 0.1999999 0.07142853 0.1999999 0.1428571 0.5 0.07142853 0.5 0.07142853 0.4 0.1428571 0.7000001 0.1428571 0.8 0.07142853 0.8 0.1428571 0.3 0.1428571 0.4 0.07142853 0.4 0.1428571 0.7000001 0.07142853 0.7000001 0.07142853 0.6 0.1428571 0.3 0.07142853 0.3 0.07142853 0.1999999 0.1428571 0.6 0.07142853 0.6 0.07142853 0.5 0.1428571 0.9 0.07142853 0.9 0.07142853 0.8 0.07142853 0.5 0.07142853 0.6 0 0.6 0.07142853 0.9 0 0.9 0 0.8 0.07142853 0.1999999 0 0.1999999 0 0.1 0.07142853 0.5 0 0.5 0 0.4 0.07142853 0.8 0 0.8 0 0.7000001 0.07142853 0.3 0.07142853 0.4 0 0.4 0.07142853 0.7000001 0 0.7000001 0 0.6 0.07142853 0.3 0 0.3 0 0.1999999 1 0.1999999 1 0.3 0.9285714 0.3 1 0.5 1 0.6 0.9285714 0.6 1 0.9 0.9285714 0.9 0.9285714 0.8000001 1 0.1 1 0.1999999 0.9285714 0.1999999 1 0.5 0.9285714 0.5 0.9285714 0.4 1 0.8 0.9285714 0.8000001 0.9285714 0.7000001 1 0.3 1 0.4 0.9285714 0.4 1 0.7000001 0.9285714 0.7000001 0.9285714 0.6 0.9285714 0.7000001 0.8571428 0.7000001 0.8571428 0.6 0.9285714 0.3 0.8571428 0.3 0.8571428 0.1999999 0.9285714 0.5 0.9285714 0.6 0.8571428 0.6 0.9285714 0.9 0.8571428 0.9 0.8571428 0.8 0.9285714 0.1 0.9285714 0.1999999 0.8571428 0.1999999 0.9285714 0.5 0.8571428 0.5 0.8571428 0.4 0.9285714 0.8000001 0.8571428 0.8 0.8571428 0.7000001 0.9285714 0.3 0.9285714 0.4 0.8571428 0.4 0.8571428 0.3 0.8571428 0.4 0.7857143 0.4 0.8571428 0.7000001 0.7857143 0.7000001 0.7857143 0.6 0.8571428 0.3 0.7857143 0.3 0.7857143 0.1999999 0.8571428 0.5 0.8571428 0.6 0.7857143 0.6 0.8571428 0.9 0.7857143 0.9 0.7857143 0.8 0.8571428 0.1 0.8571428 0.1999999 0.7857143 0.1999999 0.8571428 0.5 0.7857143 0.5 0.7857143 0.4 0.8571428 0.7000001 0.8571428 0.8 0.7857143 0.8 0.7857143 0.5 0.7142857 0.5 0.7142857 0.4 0.7857143 0.8 0.7142857 0.8 0.7142857 0.7 0.7857143 0.3 0.7857143 0.4 0.7142857 0.4 0.7857143 0.7000001 0.7142857 0.7 0.7142857 0.6 0.7857143 0.3 0.7142857 0.3 0.7142857 0.1999999 0.7857143 0.5 0.7857143 0.6 0.7142857 0.6 0.7857143 0.8 0.7857143 0.9 0.7142857 0.9 0.7857143 0.1999999 0.7142857 0.1999999 0.7142857 0.1</float_array>
          <technique_common>
            <accessor source="#ericrolph_cannon_car_wash_lowvram_cannonshape_CascabelBall_mesh-mesh-map-0-array" count="756" stride="2">
              <param name="S" type="float"/>
              <param name="T" type="float"/>
            </accessor>
          </technique_common>
        </source>
        <vertices id="ericrolph_cannon_car_wash_lowvram_cannonshape_CascabelBall_mesh-mesh-vertices">
          <input semantic="POSITION" source="#ericrolph_cannon_car_wash_lowvram_cannonshape_CascabelBall_mesh-mesh-positions"/>
        </vertices>
        <triangles material="ericrolph_cannon_car_wash_lowvram_attract_cannon-material" count="252">
          <input semantic="VERTEX" source="#ericrolph_cannon_car_wash_lowvram_cannonshape_CascabelBall_mesh-mesh-vertices" offset="0"/>
          <input semantic="NORMAL" source="#ericrolph_cannon_car_wash_lowvram_cannonshape_CascabelBall_mesh-mesh-normals" offset="1"/>
          <input semantic="TEXCOORD" source="#ericrolph_cannon_car_wash_lowvram_cannonshape_CascabelBall_mesh-mesh-map-0" offset="2" set="0"/>
          <p>126 0 0 10 0 1 1 0 2 89 1 3 6 1 4 16 1 5 127 2 6 13 2 7 14 2 8 1 3 9 11 3 10 2 3 11 0 4 12 7 4 13 8 4 14 127 5 15 15 5 16 5 5 17 3 6 18 11 6 19 12 6 20 126 7 21 8 7 22 9 7 23 5 8 24 16 8 25 6 8 26 3 9 27 13 9 28 4 9 29 9 10 30 19 10 31 10 10 32 89 11 33 16 11 34 25 11 35 14 12 36 22 12 37 23 12 38 10 13 39 20 13 40 11 13 41 8 14 42 7 14 43 17 14 44 14 15 45 24 15 46 15 15 47 12 16 48 20 16 49 21 16 50 8 17 51 18 17 52 9 17 53 16 18 54 24 18 55 25 18 56 12 19 57 22 19 58 13 19 59 21 20 60 31 20 61 22 20 62 19 21 63 27 21 64 28 21 65 89 22 66 25 22 67 34 22 68 23 23 69 31 23 70 32 23 71 19 24 72 29 24 73 20 24 74 17 25 75 7 25 76 26 25 77 23 26 78 33 26 79 24 26 80 21 27 81 29 27 82 30 27 83 18 28 84 26 28 85 27 28 86 24 29 87 34 29 88 25 29 89 26 30 90 36 30 91 27 30 92 33 31 93 43 31 94 34 31 95 30 32 96 40 32 97 31 32 98 27 33 99 37 33 100 28 33 101 89 34 102 34 34 103 43 34 104 32 35 105 40 35 106 41 35 107 28 36 108 38 36 109 29 36 110 26 37 111 7 37 112 35 37 113 32 38 114 42 38 115 33 38 116 30 39 117 38 39 118 39 39 119 42 40 120 50 40 121 51 40 122 39 41 123 47 41 124 48 41 125 35 42 126 45 42 127 36 42 128 43 43 129 51 43 130 52 43 131 39 44 132 49 44 133 40 44 134 36 45 135 46 45 136 37 45 137 89 46 138 43 46 139 52 46 140 41 47 141 49 47 142 50 47 143 37 48 144 47 48 145 38 48 146 35 49 147 7 49 148 44 49 149 46 50 150 56 50 151 47 50 152 44 51 153 7 51 154 53 51 155 50 52 156 60 52 157 51 52 158 47 53 159 57 53 160 48 53 161 44 54 162 54 54 163 45 54 164 52 55 165 60 55 166 61 55 167 48 56 168 58 56 169 49 56 170 45 57 171 55 57 172 46 57 173 89 58 174 52 58 175 61 58 176 50 59 177 58 59 178 59 59 179 59 60 180 67 60 181 68 60 182 55 61 183 65 61 184 56 61 185 53 62 186 7 62 187 62 62 188 59 63 189 69 63 190 60 63 191 56 64 192 66 64 193 57 64 194 53 65 195 63 65 196 54 65 197 61 66 198 69 66 199 70 66 200 57 67 201 67 67 202 58 67 203 55 68 204 63 68 205 64 68 206 89 69 207 61 69 208 70 69 209 64 70 210 72 70 211 73 70 212 89 71 213 70 71 214 79 71 215 68 72 216 76 72 217 77 72 218 64 73 219 74 73 220 65 73 221 62 74 222 7 74 223 71 74 224 68 75 225 78 75 226 69 75 227 65 76 228 75 76 229 66 76 230 62 77 231 72 77 232 63 77 233 69 78 234 79 78 235 70 78 236 66 79 237 76 79 238 67 79 239 79 80 240 87 80 241 88 80 242 75 81 243 85 81 244 76 81 245 73 82 246 81 82 247 82 82 248 89 83 249 79 83 250 88 83 251 77 84 252 85 84 253 86 84 254 73 85 255 83 85 256 74 85 257 71 86 258 7 86 259 80 86 260 77 87 261 87 87 262 78 87 263 74 88 264 84 88 265 75 88 266 71 89 267 81 89 268 72 89 269 84 90 270 93 90 271 94 90 272 80 91 273 91 91 274 81 91 275 87 92 276 98 92 277 88 92 278 84 93 279 95 93 280 85 93 281 81 94 282 92 94 283 82 94 284 89 95 285 88 95 286 98 95 287 86 96 288 95 96 289 96 96 290 82 97 291 93 97 292 83 97 293 80 98 294 7 98 295 90 98 296 86 99 297 97 99 298 87 99 299 90 100 300 7 100 301 99 100 302 97 101 303 105 101 304 106 101 305 94 102 306 102 102 307 103 102 308 90 103 309 100 103 310 91 103 311 98 104 312 106 104 313 107 104 314 94 105 315 104 105 316 95 105 317 91 106 318 101 106 319 92 106 320 89 107 321 98 107 322 107 107 323 96 108 324 104 108 325 105 108 326 92 109 327 102 109 328 93 109 329 101 110 330 111 110 331 102 110 332 99 111 333 7 111 334 108 111 335 105 112 336 115 112 337 106 112 338 103 113 339 111 113 340 112 113 341 99 114 342 109 114 343 100 114 344 107 115 345 115 115 346 116 115 347 103 116 348 113 116 349 104 116 350 100 117 351 110 117 352 101 117 353 89 118 354 107 118 355 116 118 356 105 119 357 113 119 358 114 119 359 89 120 360 116 120 361 125 120 362 114 121 363 122 121 364 123 121 365 110 122 366 120 122 367 111 122 368 108 123 369 7 123 370 117 123 371 114 124 372 124 124 373 115 124 374 112 125 375 120 125 376 121 125 377 108 126 378 118 126 379 109 126 380 116 127 381 124 127 382 125 127 383 112 128 384 122 128 385 113 128 386 110 129 387 118 129 388 119 129 389 121 130 390 4 130 391 122 130 392 118 131 393 1 131 394 119 131 395 89 132 396 125 132 397 6 132 398 123 133 399 4 133 400 127 133 401 119 134 402 2 134 403 120 134 404 117 135 405 7 135 406 0 135 407 123 136 408 5 136 409 124 136 410 121 137 411 2 137 412 3 137 413 118 138 414 0 138 415 126 138 416 124 139 417 6 139 418 125 139 419 126 140 420 9 140 421 10 140 422 127 141 423 4 141 424 13 141 425 1 142 426 10 142 427 11 142 428 127 143 429 14 143 430 15 143 431 3 144 432 2 144 433 11 144 434 126 145 435 0 145 436 8 145 437 5 146 438 15 146 439 16 146 440 3 147 441 12 147 442 13 147 443 9 148 444 18 148 445 19 148 446 14 149 447 13 149 448 22 149 449 10 150 450 19 150 451 20 150 452 14 151 453 23 151 454 24 151 455 12 152 456 11 152 457 20 152 458 8 153 459 17 153 460 18 153 461 16 154 462 15 154 463 24 154 464 12 155 465 21 155 466 22 155 467 21 156 468 30 156 469 31 156 470 19 157 471 18 157 472 27 157 473 23 158 474 22 158 475 31 158 476 19 159 477 28 159 478 29 159 479 23 160 480 32 160 481 33 160 482 21 161 483 20 161 484 29 161 485 18 162 486 17 162 487 26 162 488 24 163 489 33 163 490 34 163 491 26 164 492 35 164 493 36 164 494 33 165 495 42 165 496 43 165 497 30 166 498 39 166 499 40 166 500 27 167 501 36 167 502 37 167 503 32 168 504 31 168 505 40 168 506 28 169 507 37 169 508 38 169 509 32 170 510 41 170 511 42 170 512 30 171 513 29 171 514 38 171 515 42 172 516 41 172 517 50 172 518 39 173 519 38 173 520 47 173 521 35 174 522 44 174 523 45 174 524 43 175 525 42 175 526 51 175 527 39 176 528 48 176 529 49 176 530 36 177 531 45 177 532 46 177 533 41 178 534 40 178 535 49 178 536 37 179 537 46 179 538 47 179 539 46 180 540 55 180 541 56 180 542 50 181 543 59 181 544 60 181 545 47 182 546 56 182 547 57 182 548 44 183 549 53 183 550 54 183 551 52 184 552 51 184 553 60 184 554 48 185 555 57 185 556 58 185 557 45 186 558 54 186 559 55 186 560 50 187 561 49 187 562 58 187 563 59 188 564 58 188 565 67 188 566 55 189 567 64 189 568 65 189 569 59 190 570 68 190 571 69 190 572 56 191 573 65 191 574 66 191 575 53 192 576 62 192 577 63 192 578 61 193 579 60 193 580 69 193 581 57 194 582 66 194 583 67 194 584 55 195 585 54 195 586 63 195 587 64 196 588 63 196 589 72 196 590 68 197 591 67 197 592 76 197 593 64 198 594 73 198 595 74 198 596 68 199 597 77 199 598 78 199 599 65 200 600 74 200 601 75 200 602 62 201 603 71 201 604 72 201 605 69 202 606 78 202 607 79 202 608 66 203 609 75 203 610 76 203 611 79 204 612 78 204 613 87 204 614 75 205 615 84 205 616 85 205 617 73 206 618 72 206 619 81 206 620 77 207 621 76 207 622 85 207 623 73 208 624 82 208 625 83 208 626 77 209 627 86 209 628 87 209 629 74 210 630 83 210 631 84 210 632 71 211 633 80 211 634 81 211 635 84 212 636 83 212 637 93 212 638 80 213 639 90 213 640 91 213 641 87 214 642 97 214 643 98 214 644 84 215 645 94 215 646 95 215 647 81 216 648 91 216 649 92 216 650 86 217 651 85 217 652 95 217 653 82 218 654 92 218 655 93 218 656 86 219 657 96 219 658 97 219 659 97 220 660 96 220 661 105 220 662 94 221 663 93 221 664 102 221 665 90 222 666 99 222 667 100 222 668 98 223 669 97 223 670 106 223 671 94 224 672 103 224 673 104 224 674 91 225 675 100 225 676 101 225 677 96 226 678 95 226 679 104 226 680 92 227 681 101 227 682 102 227 683 101 228 684 110 228 685 111 228 686 105 229 687 114 229 688 115 229 689 103 230 690 102 230 691 111 230 692 99 231 693 108 231 694 109 231 695 107 232 696 106 232 697 115 232 698 103 233 699 112 233 700 113 233 701 100 234 702 109 234 703 110 234 704 105 235 705 104 235 706 113 235 707 114 236 708 113 236 709 122 236 710 110 237 711 119 237 712 120 237 713 114 238 714 123 238 715 124 238 716 112 239 717 111 239 718 120 239 719 108 240 720 117 240 721 118 240 722 116 241 723 115 241 724 124 241 725 112 242 726 121 242 727 122 242 728 110 243 729 109 243 730 118 243 731 121 244 732 3 244 733 4 244 734 118 245 735 126 245 736 1 245 737 123 246 738 122 246 739 4 246 740 119 247 741 1 247 742 2 247 743 123 248 744 127 248 745 5 248 746 121 249 747 120 249 748 2 249 749 118 250 750 117 250 751 0 250 752 124 251 753 5 251 754 6 251 755</p>
        </triangles>
      </mesh>
    </geometry>
    <geometry id="ericrolph_cannon_car_wash_lowvram_cannonshape_CascabelNeck_mesh-mesh" name="ericrolph_cannon_car_wash_lowvram_cannonshape_CascabelNeck_mesh">
      <mesh>
        <source id="ericrolph_cannon_car_wash_lowvram_cannonshape_CascabelNeck_mesh-mesh-positions">
          <float_array id="ericrolph_cannon_car_wash_lowvram_cannonshape_CascabelNeck_mesh-mesh-positions-array" count="216">0 0.01011806 -0.02499997 0 0.03599995 0 0 0.02841931 -0.01767766 0 0.01011806 0.02499997 0 0.03599995 0 0 0.02841931 0.01767766 0.005059003 0.008762478 -0.02499997 0.01799994 0.03117686 0 0.01420962 0.02461189 -0.01767766 0.005059003 0.008762478 0.02499997 0.01799994 0.03117686 0 0.01420962 0.02461189 0.01767766 0.008762478 0.005059003 -0.02499997 0.03117686 0.01799994 0 0.02461189 0.01420962 -0.01767766 0.008762478 0.005059003 0.02499997 0.03117686 0.01799994 0 0.02461189 0.01420962 0.01767766 0.01011806 0 -0.02499997 0.03599995 0 0 0.02841931 0 -0.01767766 0.01011806 0 0.02499997 0.03599995 0 0 0.02841931 0 0.01767766 0.008762478 -0.005059003 -0.02499997 0.03117686 -0.01799994 0 0.02461189 -0.01420962 -0.01767766 0.008762478 -0.005059003 0.02499997 0.03117686 -0.01799994 0 0.02461189 -0.01420962 0.01767766 0.005059003 -0.008762478 -0.02499997 0.01799994 -0.03117686 0 0.01420962 -0.02461189 -0.01767766 0.005059003 -0.008762478 0.02499997 0.01799994 -0.03117686 0 0.01420962 -0.02461189 0.01767766 0 -0.01011806 -0.02499997 0 -0.03599995 0 0 -0.02841931 -0.01767766 0 -0.01011806 0.02499997 0 -0.03599995 0 0 -0.02841931 0.01767766 -0.005059003 -0.008762478 -0.02499997 -0.01799994 -0.03117686 0 -0.01420962 -0.02461189 -0.01767766 -0.005059003 -0.008762478 0.02499997 -0.01799994 -0.03117686 0 -0.01420962 -0.02461189 0.01767766 -0.008762478 -0.005059003 -0.02499997 -0.03117686 -0.01799994 0 -0.02461189 -0.01420962 -0.01767766 -0.008762478 -0.005059003 0.02499997 -0.03117686 -0.01799994 0 -0.02461189 -0.01420962 0.01767766 -0.01011806 0 -0.02499997 -0.03599995 0 0 -0.02841931 0 -0.01767766 -0.01011806 0 0.02499997 -0.03599995 0 0 -0.02841931 0 0.01767766 -0.008762478 0.005059003 -0.02499997 -0.03117686 0.01799994 0 -0.02461189 0.01420962 -0.01767766 -0.008762478 0.005059003 0.02499997 -0.03117686 0.01799994 0 -0.02461189 0.01420962 0.01767766 -0.005059003 0.008762478 -0.02499997 -0.01799994 0.03117686 0 -0.01420962 0.02461189 -0.01767766 -0.005059003 0.008762478 0.02499997 -0.01799994 0.03117686 0 -0.01420962 0.02461189 0.01767766</float_array>
          <technique_common>
            <accessor source="#ericrolph_cannon_car_wash_lowvram_cannonshape_CascabelNeck_mesh-mesh-positions-array" count="72" stride="3">
              <param name="X" type="float"/>
              <param name="Y" type="float"/>
              <param name="Z" type="float"/>
            </accessor>
          </technique_common>
        </source>
        <source id="ericrolph_cannon_car_wash_lowvram_cannonshape_CascabelNeck_mesh-mesh-normals">
          <float_array id="ericrolph_cannon_car_wash_lowvram_cannonshape_CascabelNeck_mesh-mesh-normals-array" count="420">0.2391176 0.8923991 -0.3826834 0.09904569 0.3696438 -0.9238795 0.2391176 0.8923991 0.3826835 0.09904575 0.3696438 0.9238795 0.6532815 0.6532815 -0.3826834 0.2705981 0.270598 -0.9238795 0.6532815 0.6532815 0.3826834 0.270598 0.2705981 0.9238795 0.8923991 0.2391176 -0.3826835 0.3696438 0.09904575 -0.9238795 0.8923991 0.2391176 0.3826834 0.3696438 0.09904569 0.9238795 0.8923991 -0.2391176 -0.3826834 0.3696438 -0.09904569 -0.9238795 0.8923991 -0.2391176 0.3826835 0.3696438 -0.09904575 0.9238795 0.6532815 -0.6532815 -0.3826834 0.270598 -0.2705981 -0.9238795 0.6532815 -0.6532815 0.3826834 0.2705981 -0.270598 0.9238795 0.2391176 -0.8923991 -0.3826835 0.09904575 -0.3696438 -0.9238795 0.2391176 -0.8923991 0.3826834 0.09904569 -0.3696438 0.9238795 -0.2391176 -0.8923991 -0.3826834 -0.09904569 -0.3696438 -0.9238795 -0.2391176 -0.8923991 0.3826835 -0.09904575 -0.3696438 0.9238795 -0.6532815 -0.6532815 -0.3826834 -0.2705981 -0.270598 -0.9238795 -0.6532815 -0.6532815 0.3826834 -0.270598 -0.2705981 0.9238795 -0.8923991 -0.2391176 -0.3826835 -0.3696438 -0.09904575 -0.9238795 -0.8923991 -0.2391176 0.3826834 -0.3696438 -0.09904569 0.9238795 -0.8923991 0.2391176 -0.3826834 -0.3696438 0.09904569 -0.9238795 -0.8923991 0.2391176 0.3826835 -0.3696438 0.09904575 0.9238795 -0.6532815 0.6532815 -0.3826834 -0.270598 0.2705981 -0.9238795 -0.6532815 0.6532815 0.3826834 -0.2705981 0.270598 0.9238795 -0.2391176 0.8923991 -0.3826835 -0.09904575 0.3696438 -0.9238795 -0.2391176 0.8923991 0.3826834 -0.09904569 0.3696438 0.9238795 0 0 -1 0 0 1 0 0 1 0 0 1 0 0 1 0 0 1 0 0 1 0 0 1 0 0 1 0 0 1 0 0 1 0 0 1 0 0 1 0 0 1 0.2391175 0.8923991 -0.3826833 0.09904569 0.3696438 -0.9238796 0.2391177 0.8923991 0.3826834 0.09904575 0.3696438 0.9238795 0.6532816 0.6532815 -0.3826835 0.2705981 0.270598 -0.9238796 0.6532815 0.6532816 0.3826835 0.270598 0.2705981 0.9238796 0.8923991 0.2391177 -0.3826834 0.3696438 0.09904575 -0.9238795 0.8923991 0.2391175 0.3826833 0.3696438 0.09904569 0.9238796 0.8923991 -0.2391175 -0.3826833 0.3696438 -0.09904569 -0.9238796 0.8923991 -0.2391177 0.3826834 0.3696438 -0.09904575 0.9238795 0.6532815 -0.6532816 -0.3826835 0.270598 -0.2705981 -0.9238796 0.6532816 -0.6532815 0.3826835 0.2705981 -0.270598 0.9238796 0.2391177 -0.8923991 -0.3826834 0.09904575 -0.3696438 -0.9238795 0.2391175 -0.8923991 0.3826833 0.09904569 -0.3696438 0.9238796 -0.2391175 -0.8923991 -0.3826833 -0.09904569 -0.3696438 -0.9238796 -0.2391177 -0.8923991 0.3826834 -0.09904575 -0.3696438 0.9238795 -0.6532816 -0.6532815 -0.3826835 -0.2705981 -0.270598 -0.9238796 -0.6532815 -0.6532816 0.3826835 -0.270598 -0.2705981 0.9238796 -0.8923991 -0.2391177 -0.3826834 -0.3696438 -0.09904575 -0.9238795 -0.8923991 -0.2391175 0.3826833 -0.3696438 -0.09904569 0.9238796 -0.8923991 0.2391175 -0.3826833 -0.3696438 0.09904569 -0.9238796 -0.8923991 0.2391177 0.3826834 -0.3696438 0.09904575 0.9238795 -0.6532815 0.6532816 -0.3826835 -0.270598 0.2705981 -0.9238796 -0.6532816 0.6532815 0.3826835 -0.2705981 0.270598 0.9238796 -0.2391177 0.8923991 -0.3826834 -0.09904575 0.3696438 -0.9238795 -0.2391175 0.8923991 0.3826833 -0.09904569 0.3696438 0.9238796 0 0 -1 0 0 -1 0 0 -1 0 0 -1 0 0 -1 0 0 -1 0 0 -1 0 0 -1 0 0 -1 0 0 1 0 0 1 0 0 1 0 0 1 0 0 1 0 0 1 0 0 1 0 0 1 0 0 1 0 0 1 0 0 1 0 0 1 0 0 1 0 0 1 0 0 1 0 0 1 0 0 1 0 0 1 0 0 1 0 0 1 0 0 1</float_array>
          <technique_common>
            <accessor source="#ericrolph_cannon_car_wash_lowvram_cannonshape_CascabelNeck_mesh-mesh-normals-array" count="140" stride="3">
              <param name="X" type="float"/>
              <param name="Y" type="float"/>
              <param name="Z" type="float"/>
            </accessor>
          </technique_common>
        </source>
        <source id="ericrolph_cannon_car_wash_lowvram_cannonshape_CascabelNeck_mesh-mesh-map-0">
          <float_array id="ericrolph_cannon_car_wash_lowvram_cannonshape_CascabelNeck_mesh-mesh-map-0-array" count="840">0.9166666 0.75 0.9912261 0.5 1 0.75 0.8683073 0.4549143 0.7500001 0.3174539 0.75 0.4866146 1 0.75 0.9166666 1 0.9166666 0.75 0.3683073 0.4549143 0.25 0.3174539 0.283727 0.3084169 0.8333333 0.75 0.9166666 0.5 0.9166666 0.75 0.9549143 0.3683073 0.7837269 0.3084169 0.8683073 0.4549143 0.9166666 0.75 0.8333333 1 0.8333333 0.75 0.3683073 0.4549143 0.3084169 0.283727 0.4549143 0.3683073 0.7500001 0.75 0.8333333 0.5 0.8333333 0.75 0.9549143 0.3683073 0.817454 0.25 0.8084169 0.283727 0.8333333 0.75 0.7500001 1 0.7500001 0.75 0.4549143 0.3683073 0.3174539 0.25 0.4866146 0.25 0.6666668 0.75 0.7500001 0.5 0.7500001 0.75 0.9549143 0.1316927 0.817454 0.25 0.9866146 0.25 0.7500001 0.75 0.6666667 1 0.6666668 0.75 0.4549143 0.1316927 0.3174539 0.25 0.3084169 0.216273 0.5833334 0.75 0.6666668 0.5 0.6666668 0.75 0.8683073 0.04508566 0.8084169 0.216273 0.9549143 0.1316927 0.6666668 0.75 0.5833334 1 0.5833334 0.75 0.4549143 0.1316927 0.2837269 0.1915831 0.3683073 0.04508566 0.5000001 0.75 0.5833334 0.5 0.5833334 0.75 0.8683073 0.04508566 0.7500001 0.182546 0.7837269 0.1915831 0.5833334 0.75 0.5000001 1 0.5000001 0.75 0.3683073 0.04508566 0.25 0.182546 0.25 0.01338535 0.4166668 0.75 0.5000001 0.5 0.5000001 0.75 0.6316927 0.04508566 0.7500001 0.182546 0.75 0.01338535 0.5000001 0.75 0.4166668 1 0.4166668 0.75 0.1316927 0.04508566 0.25 0.182546 0.216273 0.1915832 0.3333334 0.75 0.4166668 0.5 0.4166668 0.75 0.5450857 0.1316927 0.716273 0.1915832 0.6316927 0.04508566 0.4166668 0.75 0.3333334 1 0.3333334 0.75 0.1316927 0.04508566 0.1915832 0.216273 0.04508566 0.1316927 0.2500001 0.75 0.3333334 0.5 0.3333334 0.75 0.5450857 0.1316927 0.6825459 0.25 0.691583 0.216273 0.3333334 0.75 0.2500001 1 0.2500001 0.75 0.04508566 0.1316927 0.182546 0.25 0.01338535 0.25 0.1666667 0.75 0.2500001 0.5 0.2500001 0.75 0.5450857 0.3683073 0.6825459 0.25 0.5133854 0.25 0.2500001 0.75 0.1666667 1 0.1666667 0.75 0.04508566 0.3683073 0.182546 0.25 0.1915832 0.283727 0.08333337 0.75 0.1666667 0.5 0.1666667 0.75 0.6316927 0.4549143 0.6915832 0.283727 0.5450857 0.3683073 0.1666667 0.75 0.08333337 1 0.08333337 0.75 0.04508566 0.3683073 0.216273 0.3084168 0.1316927 0.4549143 0 0.75 0.08333337 0.5 0.08333337 0.75 0.6316927 0.4549143 0.7500001 0.3174539 0.716273 0.3084169 0.08333337 0.75 0.008773922 1 0 0.75 0.1316927 0.4549143 0.25 0.3174539 0.25 0.4866146 0.716273 0.1915832 0.6825459 0.25 0.716273 0.3084169 1 0.75 0.9166666 0.75 1 0.75 0.08333337 0.75 0 0.75 0.08333337 0.75 0.1915832 0.216273 0.25 0.182546 0.3084169 0.283727 0.9166666 0.75 0.8333333 0.75 0.9166666 0.75 0.8333333 0.75 0.7500001 0.75 0.8333333 0.75 0.7500001 0.75 0.6666668 0.75 0.7500001 0.75 0.6666668 0.75 0.5833334 0.75 0.6666668 0.75 0.5833334 0.75 0.5000001 0.75 0.5833334 0.75 0.5000001 0.75 0.4166668 0.75 0.5000001 0.75 0.4166668 0.75 0.3333334 0.75 0.4166668 0.75 0.3333334 0.75 0.2500001 0.75 0.3333334 0.75 0.2500001 0.75 0.1666667 0.75 0.2500001 0.75 0.1666667 0.75 0.08333337 0.75 0.1666667 0.75 0.9166666 0.75 0.9166666 0.5 0.9912261 0.5 0.8683073 0.4549143 0.7837269 0.3084169 0.7500001 0.3174539 1 0.75 0.9912261 1 0.9166666 1 0.3683073 0.4549143 0.25 0.4866146 0.25 0.3174539 0.8333333 0.75 0.8333333 0.5 0.9166666 0.5 0.9549143 0.3683073 0.8084169 0.283727 0.7837269 0.3084169 0.9166666 0.75 0.9166666 1 0.8333333 1 0.3683073 0.4549143 0.283727 0.3084169 0.3084169 0.283727 0.7500001 0.75 0.7500001 0.5 0.8333333 0.5 0.9549143 0.3683073 0.9866146 0.25 0.817454 0.25 0.8333333 0.75 0.8333333 1 0.7500001 1 0.4549143 0.3683073 0.3084169 0.283727 0.3174539 0.25 0.6666668 0.75 0.6666668 0.5 0.7500001 0.5 0.9549143 0.1316927 0.8084169 0.216273 0.817454 0.25 0.7500001 0.75 0.7500001 1 0.6666667 1 0.4549143 0.1316927 0.4866146 0.25 0.3174539 0.25 0.5833334 0.75 0.5833334 0.5 0.6666668 0.5 0.8683073 0.04508566 0.7837269 0.1915831 0.8084169 0.216273 0.6666668 0.75 0.6666667 1 0.5833334 1 0.4549143 0.1316927 0.3084169 0.216273 0.2837269 0.1915831 0.5000001 0.75 0.5000001 0.5 0.5833334 0.5 0.8683073 0.04508566 0.75 0.01338535 0.7500001 0.182546 0.5833334 0.75 0.5833334 1 0.5000001 1 0.3683073 0.04508566 0.2837269 0.1915831 0.25 0.182546 0.4166668 0.75 0.4166668 0.5 0.5000001 0.5 0.6316927 0.04508566 0.716273 0.1915832 0.7500001 0.182546 0.5000001 0.75 0.5000001 1 0.4166668 1 0.1316927 0.04508566 0.25 0.01338535 0.25 0.182546 0.3333334 0.75 0.3333334 0.5 0.4166668 0.5 0.5450857 0.1316927 0.691583 0.216273 0.716273 0.1915832 0.4166668 0.75 0.4166668 1 0.3333334 1 0.1316927 0.04508566 0.216273 0.1915832 0.1915832 0.216273 0.2500001 0.75 0.2500001 0.5 0.3333334 0.5 0.5450857 0.1316927 0.5133854 0.25 0.6825459 0.25 0.3333334 0.75 0.3333334 1 0.2500001 1 0.04508566 0.1316927 0.1915832 0.216273 0.182546 0.25 0.1666667 0.75 0.1666667 0.5 0.2500001 0.5 0.5450857 0.3683073 0.6915832 0.283727 0.6825459 0.25 0.2500001 0.75 0.2500001 1 0.1666667 1 0.04508566 0.3683073 0.01338535 0.25 0.182546 0.25 0.08333337 0.75 0.08333337 0.5 0.1666667 0.5 0.6316927 0.4549143 0.716273 0.3084169 0.6915832 0.283727 0.1666667 0.75 0.1666667 1 0.08333337 1 0.04508566 0.3683073 0.1915832 0.283727 0.216273 0.3084168 0 0.75 0.008773922 0.5 0.08333337 0.5 0.6316927 0.4549143 0.75 0.4866146 0.7500001 0.3174539 0.08333337 0.75 0.08333337 1 0.008773922 1 0.1316927 0.4549143 0.216273 0.3084168 0.25 0.3174539 0.716273 0.3084169 0.7500001 0.3174539 0.7837269 0.3084169 0.7837269 0.3084169 0.8084169 0.283727 0.817454 0.25 0.817454 0.25 0.8084169 0.216273 0.7837269 0.1915831 0.7837269 0.1915831 0.7500001 0.182546 0.817454 0.25 0.7500001 0.182546 0.716273 0.1915832 0.817454 0.25 0.716273 0.1915832 0.691583 0.216273 0.6825459 0.25 0.6825459 0.25 0.6915832 0.283727 0.716273 0.3084169 0.716273 0.3084169 0.7837269 0.3084169 0.716273 0.1915832 0.7837269 0.3084169 0.817454 0.25 0.716273 0.1915832 1 0.75 0.9166666 0.75 0.9166666 0.75 0.08333337 0.75 0 0.75 0 0.75 0.3084169 0.283727 0.283727 0.3084169 0.25 0.3174539 0.25 0.3174539 0.216273 0.3084168 0.1915832 0.283727 0.1915832 0.283727 0.182546 0.25 0.1915832 0.216273 0.1915832 0.216273 0.216273 0.1915832 0.25 0.182546 0.25 0.182546 0.2837269 0.1915831 0.3084169 0.216273 0.3084169 0.216273 0.3174539 0.25 0.25 0.182546 0.3174539 0.25 0.3084169 0.283727 0.25 0.182546 0.3084169 0.283727 0.25 0.3174539 0.1915832 0.283727 0.1915832 0.283727 0.1915832 0.216273 0.3084169 0.283727 0.9166666 0.75 0.8333333 0.75 0.8333333 0.75 0.8333333 0.75 0.7500001 0.75 0.7500001 0.75 0.7500001 0.75 0.6666668 0.75 0.6666668 0.75 0.6666668 0.75 0.5833334 0.75 0.5833334 0.75 0.5833334 0.75 0.5000001 0.75 0.5000001 0.75 0.5000001 0.75 0.4166668 0.75 0.4166668 0.75 0.4166668 0.75 0.3333334 0.75 0.3333334 0.75 0.3333334 0.75 0.2500001 0.75 0.2500001 0.75 0.2500001 0.75 0.1666667 0.75 0.1666667 0.75 0.1666667 0.75 0.08333337 0.75 0.08333337 0.75</float_array>
          <technique_common>
            <accessor source="#ericrolph_cannon_car_wash_lowvram_cannonshape_CascabelNeck_mesh-mesh-map-0-array" count="420" stride="2">
              <param name="S" type="float"/>
              <param name="T" type="float"/>
            </accessor>
          </technique_common>
        </source>
        <vertices id="ericrolph_cannon_car_wash_lowvram_cannonshape_CascabelNeck_mesh-mesh-vertices">
          <input semantic="POSITION" source="#ericrolph_cannon_car_wash_lowvram_cannonshape_CascabelNeck_mesh-mesh-positions"/>
        </vertices>
        <triangles material="ericrolph_cannon_car_wash_lowvram_attract_cannon-material" count="140">
          <input semantic="VERTEX" source="#ericrolph_cannon_car_wash_lowvram_cannonshape_CascabelNeck_mesh-mesh-vertices" offset="0"/>
          <input semantic="NORMAL" source="#ericrolph_cannon_car_wash_lowvram_cannonshape_CascabelNeck_mesh-mesh-normals" offset="1"/>
          <input semantic="TEXCOORD" source="#ericrolph_cannon_car_wash_lowvram_cannonshape_CascabelNeck_mesh-mesh-map-0" offset="2" set="0"/>
          <p>7 0 0 2 0 1 1 0 2 8 1 3 0 1 4 2 1 5 4 2 6 11 2 7 10 2 8 11 3 9 3 3 10 9 3 11 13 4 12 8 4 13 7 4 14 14 5 15 6 5 16 8 5 17 10 6 18 17 6 19 16 6 20 11 7 21 15 7 22 17 7 23 19 8 24 14 8 25 13 8 26 14 9 27 18 9 28 12 9 29 16 10 30 23 10 31 22 10 32 17 11 33 21 11 34 23 11 35 25 12 36 20 12 37 19 12 38 26 13 39 18 13 40 20 13 41 22 14 42 29 14 43 28 14 44 29 15 45 21 15 46 27 15 47 31 16 48 26 16 49 25 16 50 32 17 51 24 17 52 26 17 53 28 18 54 35 18 55 34 18 56 29 19 57 33 19 58 35 19 59 37 20 60 32 20 61 31 20 62 32 21 63 36 21 64 30 21 65 34 22 66 41 22 67 40 22 68 35 23 69 39 23 70 41 23 71 43 24 72 38 24 73 37 24 74 44 25 75 36 25 76 38 25 77 40 26 78 47 26 79 46 26 80 47 27 81 39 27 82 45 27 83 49 28 84 44 28 85 43 28 86 50 29 87 42 29 88 44 29 89 46 30 90 53 30 91 52 30 92 47 31 93 51 31 94 53 31 95 55 32 96 50 32 97 49 32 98 50 33 99 54 33 100 48 33 101 52 34 102 59 34 103 58 34 104 53 35 105 57 35 106 59 35 107 61 36 108 56 36 109 55 36 110 62 37 111 54 37 112 56 37 113 58 38 114 65 38 115 64 38 116 65 39 117 57 39 118 63 39 119 67 40 120 62 40 121 61 40 122 68 41 123 60 41 124 62 41 125 64 42 126 71 42 127 70 42 128 65 43 129 69 43 130 71 43 131 1 44 132 68 44 133 67 44 134 68 45 135 0 45 136 66 45 137 70 46 138 5 46 139 4 46 140 71 47 141 3 47 142 5 47 143 42 48 144 54 48 145 66 48 146 4 49 147 7 49 148 1 49 149 70 50 150 1 50 151 67 50 152 51 51 153 39 51 154 15 51 155 10 52 156 13 52 157 7 52 158 16 53 159 19 53 160 13 53 161 22 54 162 25 54 163 19 54 164 28 55 165 31 55 166 25 55 167 34 56 168 37 56 169 31 56 170 40 57 171 43 57 172 37 57 173 46 58 174 49 58 175 43 58 176 52 59 177 55 59 178 49 59 179 58 60 180 61 60 181 55 60 182 64 61 183 67 61 184 61 61 185 7 62 186 8 62 187 2 62 188 8 63 189 6 63 190 0 63 191 4 64 192 5 64 193 11 64 194 11 65 195 5 65 196 3 65 197 13 66 198 14 66 199 8 66 200 14 67 201 12 67 202 6 67 203 10 68 204 11 68 205 17 68 206 11 69 207 9 69 208 15 69 209 19 70 210 20 70 211 14 70 212 14 71 213 20 71 214 18 71 215 16 72 216 17 72 217 23 72 218 17 73 219 15 73 220 21 73 221 25 74 222 26 74 223 20 74 224 26 75 225 24 75 226 18 75 227 22 76 228 23 76 229 29 76 230 29 77 231 23 77 232 21 77 233 31 78 234 32 78 235 26 78 236 32 79 237 30 79 238 24 79 239 28 80 240 29 80 241 35 80 242 29 81 243 27 81 244 33 81 245 37 82 246 38 82 247 32 82 248 32 83 249 38 83 250 36 83 251 34 84 252 35 84 253 41 84 254 35 85 255 33 85 256 39 85 257 43 86 258 44 86 259 38 86 260 44 87 261 42 87 262 36 87 263 40 88 264 41 88 265 47 88 266 47 89 267 41 89 268 39 89 269 49 90 270 50 90 271 44 90 272 50 91 273 48 91 274 42 91 275 46 92 276 47 92 277 53 92 278 47 93 279 45 93 280 51 93 281 55 94 282 56 94 283 50 94 284 50 95 285 56 95 286 54 95 287 52 96 288 53 96 289 59 96 290 53 97 291 51 97 292 57 97 293 61 98 294 62 98 295 56 98 296 62 99 297 60 99 298 54 99 299 58 100 300 59 100 301 65 100 302 65 101 303 59 101 304 57 101 305 67 102 306 68 102 307 62 102 308 68 103 309 66 103 310 60 103 311 64 104 312 65 104 313 71 104 314 65 105 315 63 105 316 69 105 317 1 106 318 2 106 319 68 106 320 68 107 321 2 107 322 0 107 323 70 108 324 71 108 325 5 108 326 71 109 327 69 109 328 3 109 329 66 110 330 0 110 331 6 110 332 6 111 333 12 111 334 18 111 335 18 112 336 24 112 337 30 112 338 30 113 339 36 113 340 18 113 341 36 114 342 42 114 343 18 114 344 42 115 345 48 115 346 54 115 347 54 116 348 60 116 349 66 116 350 66 117 351 6 117 352 42 117 353 6 118 354 18 118 355 42 118 356 4 119 357 10 119 358 7 119 359 70 120 360 4 120 361 1 120 362 15 121 363 9 121 364 3 121 365 3 122 366 69 122 367 63 122 368 63 123 369 57 123 370 51 123 371 51 124 372 45 124 373 39 124 374 39 125 375 33 125 376 27 125 377 27 126 378 21 126 379 39 126 380 21 127 381 15 127 382 39 127 383 15 128 384 3 128 385 63 128 386 63 129 387 51 129 388 15 129 389 10 130 390 16 130 391 13 130 392 16 131 393 22 131 394 19 131 395 22 132 396 28 132 397 25 132 398 28 133 399 34 133 400 31 133 401 34 134 402 40 134 403 37 134 404 40 135 405 46 135 406 43 135 407 46 136 408 52 136 409 49 136 410 52 137 411 58 137 412 55 137 413 58 138 414 64 138 415 61 138 416 64 139 417 70 139 418 67 139 419</p>
        </triangles>
      </mesh>
    </geometry>
    <geometry id="ericrolph_cannon_car_wash_lowvram_cannonshape_Chase_mesh-mesh" name="ericrolph_cannon_car_wash_lowvram_cannonshape_Chase_mesh">
      <mesh>
        <source id="ericrolph_cannon_car_wash_lowvram_cannonshape_Chase_mesh-mesh-positions">
          <float_array id="ericrolph_cannon_car_wash_lowvram_cannonshape_Chase_mesh-mesh-positions-array" count="108">0 0.092 -0.26 0 0.06599998 0.26 0.03146582 0.0864517 -0.26 0.02257329 0.0620197 0.26 0.05913645 0.07047605 -0.26 0.04242396 0.05055892 0.26 0.0796743 0.046 -0.26 0.05715763 0.03299999 0.26 0.09060227 0.01597559 -0.26 0.06499731 0.01146078 0.26 0.09060227 -0.01597559 -0.26 0.06499731 -0.01146078 0.26 0.0796743 -0.046 -0.26 0.05715763 -0.03299999 0.26 0.05913645 -0.07047605 -0.26 0.04242396 -0.05055892 0.26 0.03146582 -0.0864517 -0.26 0.02257329 -0.0620197 0.26 0 -0.092 -0.26 0 -0.06599998 0.26 -0.03146582 -0.0864517 -0.26 -0.02257329 -0.0620197 0.26 -0.05913645 -0.07047605 -0.26 -0.04242396 -0.05055892 0.26 -0.0796743 -0.046 -0.26 -0.05715763 -0.03299999 0.26 -0.09060227 -0.01597559 -0.26 -0.06499731 -0.01146078 0.26 -0.09060227 0.01597559 -0.26 -0.06499731 0.01146078 0.26 -0.0796743 0.046 -0.26 -0.05715763 0.03299999 0.26 -0.05913645 0.07047605 -0.26 -0.04242396 0.05055892 0.26 -0.03146582 0.0864517 -0.26 -0.02257329 0.0620197 0.26</float_array>
          <technique_common>
            <accessor source="#ericrolph_cannon_car_wash_lowvram_cannonshape_Chase_mesh-mesh-positions-array" count="36" stride="3">
              <param name="X" type="float"/>
              <param name="Y" type="float"/>
              <param name="Z" type="float"/>
            </accessor>
          </technique_common>
        </source>
        <source id="ericrolph_cannon_car_wash_lowvram_cannonshape_Chase_mesh-mesh-normals">
          <float_array id="ericrolph_cannon_car_wash_lowvram_cannonshape_Chase_mesh-mesh-normals-array" count="204">0.1734379 0.983616 0.0491808 0.4993951 0.8649774 0.0491808 0.7651175 0.6420097 0.0491808 0.9385555 0.3416063 0.04918074 0.9987899 0 0.0491808 0.9385555 -0.3416063 0.0491808 0.7651175 -0.6420097 0.0491808 0.4993951 -0.8649774 0.0491808 0.1734379 -0.983616 0.0491808 -0.1734379 -0.983616 0.0491808 -0.4993951 -0.8649774 0.0491808 -0.7651175 -0.6420097 0.0491808 -0.9385555 -0.3416063 0.04918074 -0.9987899 0 0.0491808 -0.9385555 0.3416063 0.0491808 -0.7651175 0.6420097 0.0491808 0 0 1 -0.4993951 0.8649774 0.0491808 -0.1734379 0.983616 0.0491808 0 0 -1 0.173438 0.983616 0.0491808 0.499395 0.8649774 0.0491808 0.7651174 0.6420098 0.04918074 0.9385555 0.3416061 0.0491808 0.9987899 0 0.0491808 0.9385555 -0.3416061 0.04918074 0.7651174 -0.6420098 0.0491808 0.499395 -0.8649774 0.0491808 0.173438 -0.983616 0.0491808 -0.173438 -0.983616 0.0491808 -0.499395 -0.8649774 0.0491808 -0.7651174 -0.6420098 0.04918074 -0.9385555 -0.3416061 0.0491808 -0.9987899 0 0.0491808 -0.9385555 0.3416061 0.04918074 -0.7651174 0.6420098 0.0491808 0 0 1 0 0 1 0 0 1 0 0 1 0 0 1 0 0 1 0 0 1 0 0 1 0 0 1 0 0 1 0 0 1 0 0 1 0 0 1 0 0 1 0 0 1 -0.499395 0.8649774 0.0491808 -0.173438 0.983616 0.0491808 0 0 -1 0 0 -1 0 0 -1 0 0 -1 0 0 -1 0 0 -1 0 0 -1 0 0 -1 0 0 -1 0 0 -1 0 0 -1 0 0 -1 0 0 -1 0 0 -1 0 0 -1</float_array>
          <technique_common>
            <accessor source="#ericrolph_cannon_car_wash_lowvram_cannonshape_Chase_mesh-mesh-normals-array" count="68" stride="3">
              <param name="X" type="float"/>
              <param name="Y" type="float"/>
              <param name="Z" type="float"/>
            </accessor>
          </technique_common>
        </source>
        <source id="ericrolph_cannon_car_wash_lowvram_cannonshape_Chase_mesh-mesh-map-0">
          <float_array id="ericrolph_cannon_car_wash_lowvram_cannonshape_Chase_mesh-mesh-map-0-array" count="408">1 1 0.9444444 0.5 1 0.5 0.9444444 1 0.8888888 0.5 0.9444444 0.5 0.8888888 1 0.8333333 0.5 0.8888888 0.5 0.8333333 1 0.7777777 0.5 0.8333333 0.5 0.7777777 1 0.7222221 0.5 0.7777777 0.5 0.7222221 1 0.6666665 0.5 0.7222221 0.5 0.6666665 1 0.6111109 0.5 0.6666665 0.5 0.6111109 1 0.5555554 0.5 0.6111109 0.5 0.5555554 1 0.4999998 0.5 0.5555554 0.5 0.4999998 1 0.4444442 0.5 0.4999998 0.5 0.4444442 1 0.3888887 0.5 0.4444442 0.5 0.3888887 1 0.3333331 0.5 0.3888887 0.5 0.3333331 1 0.2777776 0.5 0.3333331 0.5 0.2777776 1 0.222222 0.5 0.2777776 0.5 0.222222 1 0.1666665 0.5 0.222222 0.5 0.1666665 1 0.1111109 0.5 0.1666665 0.5 0.09573096 0.4338507 0.3320848 0.02447372 0.4863538 0.2916756 0.1111109 1 0.05555534 0.5 0.1111109 0.5 0.05555534 1 -1.86265e-7 0.5 0.05555534 0.5 0.542154 0.37 0.6679152 0.4755262 0.9578461 0.37 1 1 0.9444444 1 0.9444444 0.5 0.9444444 1 0.8888888 1 0.8888888 0.5 0.8888888 1 0.8333333 1 0.8333333 0.5 0.8333333 1 0.7777777 1 0.7777777 0.5 0.7777777 1 0.7222221 1 0.7222221 0.5 0.7222221 1 0.6666665 1 0.6666665 0.5 0.6666665 1 0.6111109 1 0.6111109 0.5 0.6111109 1 0.5555554 1 0.5555554 0.5 0.5555554 1 0.4999998 1 0.4999998 0.5 0.4999998 1 0.4444442 1 0.4444442 0.5 0.4444442 1 0.3888887 1 0.3888887 0.5 0.3888887 1 0.3333331 1 0.3333331 0.5 0.3333331 1 0.2777776 1 0.2777776 0.5 0.2777776 1 0.222222 1 0.222222 0.5 0.222222 1 0.1666665 1 0.1666665 0.5 0.1666665 1 0.1111109 1 0.1111109 0.5 0.404269 0.4338507 0.3320848 0.4755262 0.25 0.49 0.25 0.49 0.1679151 0.4755262 0.09573096 0.4338507 0.09573096 0.4338507 0.04215389 0.37 0.01364612 0.2916756 0.01364612 0.2916756 0.01364612 0.2083244 0.04215389 0.1299999 0.04215389 0.1299999 0.09573096 0.06614929 0.1679151 0.02447372 0.1679151 0.02447372 0.25 0.00999999 0.3320848 0.02447372 0.3320848 0.02447372 0.404269 0.06614929 0.4578461 0.1299999 0.4578461 0.1299999 0.4863538 0.2083244 0.3320848 0.02447372 0.4863538 0.2083244 0.4863538 0.2916756 0.3320848 0.02447372 0.4863538 0.2916756 0.4578461 0.37 0.404269 0.4338507 0.404269 0.4338507 0.25 0.49 0.09573096 0.4338507 0.09573096 0.4338507 0.01364612 0.2916756 0.04215389 0.1299999 0.04215389 0.1299999 0.1679151 0.02447372 0.09573096 0.4338507 0.1679151 0.02447372 0.3320848 0.02447372 0.09573096 0.4338507 0.4863538 0.2916756 0.404269 0.4338507 0.09573096 0.4338507 0.1111109 1 0.05555534 1 0.05555534 0.5 0.05555534 1 -1.86265e-7 1 -1.86265e-7 0.5 0.6679152 0.4755262 0.75 0.49 0.9578461 0.37 0.75 0.49 0.8320848 0.4755262 0.9578461 0.37 0.8320848 0.4755262 0.904269 0.4338507 0.9578461 0.37 0.9578461 0.37 0.9863538 0.2916756 0.9863538 0.2083244 0.9863538 0.2083244 0.9578461 0.13 0.904269 0.06614935 0.904269 0.06614935 0.8320848 0.02447372 0.75 0.00999999 0.75 0.00999999 0.6679152 0.02447372 0.595731 0.06614935 0.595731 0.06614935 0.542154 0.13 0.5136462 0.2083244 0.5136462 0.2083244 0.5136462 0.2916756 0.542154 0.37 0.542154 0.37 0.595731 0.4338507 0.6679152 0.4755262 0.9578461 0.37 0.9863538 0.2083244 0.595731 0.06614935 0.9863538 0.2083244 0.904269 0.06614935 0.595731 0.06614935 0.904269 0.06614935 0.75 0.00999999 0.595731 0.06614935 0.595731 0.06614935 0.5136462 0.2083244 0.9578461 0.37 0.5136462 0.2083244 0.542154 0.37 0.9578461 0.37</float_array>
          <technique_common>
            <accessor source="#ericrolph_cannon_car_wash_lowvram_cannonshape_Chase_mesh-mesh-map-0-array" count="204" stride="2">
              <param name="S" type="float"/>
              <param name="T" type="float"/>
            </accessor>
          </technique_common>
        </source>
        <vertices id="ericrolph_cannon_car_wash_lowvram_cannonshape_Chase_mesh-mesh-vertices">
          <input semantic="POSITION" source="#ericrolph_cannon_car_wash_lowvram_cannonshape_Chase_mesh-mesh-positions"/>
        </vertices>
        <triangles material="ericrolph_cannon_car_wash_lowvram_attract_cannon-material" count="68">
          <input semantic="VERTEX" source="#ericrolph_cannon_car_wash_lowvram_cannonshape_Chase_mesh-mesh-vertices" offset="0"/>
          <input semantic="NORMAL" source="#ericrolph_cannon_car_wash_lowvram_cannonshape_Chase_mesh-mesh-normals" offset="1"/>
          <input semantic="TEXCOORD" source="#ericrolph_cannon_car_wash_lowvram_cannonshape_Chase_mesh-mesh-map-0" offset="2" set="0"/>
          <p>1 0 0 2 0 1 0 0 2 3 1 3 4 1 4 2 1 5 5 2 6 6 2 7 4 2 8 7 3 9 8 3 10 6 3 11 9 4 12 10 4 13 8 4 14 11 5 15 12 5 16 10 5 17 13 6 18 14 6 19 12 6 20 15 7 21 16 7 22 14 7 23 17 8 24 18 8 25 16 8 26 19 9 27 20 9 28 18 9 29 21 10 30 22 10 31 20 10 32 23 11 33 24 11 34 22 11 35 25 12 36 26 12 37 24 12 38 27 13 39 28 13 40 26 13 41 29 14 42 30 14 43 28 14 44 31 15 45 32 15 46 30 15 47 33 16 48 17 16 49 9 16 50 33 17 51 34 17 52 32 17 53 35 18 54 0 18 55 34 18 56 30 19 57 34 19 58 6 19 59 1 20 60 3 20 61 2 20 62 3 21 63 5 21 64 4 21 65 5 22 66 7 22 67 6 22 68 7 23 69 9 23 70 8 23 71 9 24 72 11 24 73 10 24 74 11 25 75 13 25 76 12 25 77 13 26 78 15 26 79 14 26 80 15 27 81 17 27 82 16 27 83 17 28 84 19 28 85 18 28 86 19 29 87 21 29 88 20 29 89 21 30 90 23 30 91 22 30 92 23 31 93 25 31 94 24 31 95 25 32 96 27 32 97 26 32 98 27 33 99 29 33 100 28 33 101 29 34 102 31 34 103 30 34 104 31 35 105 33 35 106 32 35 107 5 36 108 3 36 109 1 36 110 1 37 111 35 37 112 33 37 113 33 38 114 31 38 115 29 38 116 29 39 117 27 39 118 25 39 119 25 40 120 23 40 121 21 40 122 21 41 123 19 41 124 17 41 125 17 42 126 15 42 127 13 42 128 13 43 129 11 43 130 17 43 131 11 44 132 9 44 133 17 44 134 9 45 135 7 45 136 5 45 137 5 46 138 1 46 139 33 46 140 33 47 141 29 47 142 25 47 143 25 48 144 21 48 145 33 48 146 21 49 147 17 49 148 33 49 149 9 50 150 5 50 151 33 50 152 33 51 153 35 51 154 34 51 155 35 52 156 1 52 157 0 52 158 34 53 159 0 53 160 6 53 161 0 54 162 2 54 163 6 54 164 2 55 165 4 55 166 6 55 167 6 56 168 8 56 169 10 56 170 10 57 171 12 57 172 14 57 173 14 58 174 16 58 175 18 58 176 18 59 177 20 59 178 22 59 179 22 60 180 24 60 181 26 60 182 26 61 183 28 61 184 30 61 185 30 62 186 32 62 187 34 62 188 6 63 189 10 63 190 22 63 191 10 64 192 14 64 193 22 64 194 14 65 195 18 65 196 22 65 197 22 66 198 26 66 199 6 66 200 26 67 201 30 67 202 6 67 203</p>
        </triangles>
      </mesh>
    </geometry>
    <geometry id="ericrolph_cannon_car_wash_lowvram_cannonshape_ChaseGirdle_mesh-mesh" name="ericrolph_cannon_car_wash_lowvram_cannonshape_ChaseGirdle_mesh">
      <mesh>
        <source id="ericrolph_cannon_car_wash_lowvram_cannonshape_ChaseGirdle_mesh-mesh-positions">
          <float_array id="ericrolph_cannon_car_wash_lowvram_cannonshape_ChaseGirdle_mesh-mesh-positions-array" count="108">0 0.078 -0.00999999 0 0.078 0.00999999 0.02667754 0.07329601 -0.00999999 0.02667754 0.07329601 0.00999999 0.0501374 0.05975145 -0.00999999 0.0501374 0.05975145 0.00999999 0.06754994 0.03899997 -0.00999999 0.06754994 0.03899997 0.00999999 0.076815 0.01354455 -0.00999999 0.076815 0.01354455 0.00999999 0.076815 -0.01354455 -0.00999999 0.076815 -0.01354455 0.00999999 0.06754994 -0.03899997 -0.00999999 0.06754994 -0.03899997 0.00999999 0.0501374 -0.05975145 -0.00999999 0.0501374 -0.05975145 0.00999999 0.02667754 -0.07329601 -0.00999999 0.02667754 -0.07329601 0.00999999 0 -0.078 -0.00999999 0 -0.078 0.00999999 -0.02667754 -0.07329601 -0.00999999 -0.02667754 -0.07329601 0.00999999 -0.0501374 -0.05975145 -0.00999999 -0.0501374 -0.05975145 0.00999999 -0.06754994 -0.03899997 -0.00999999 -0.06754994 -0.03899997 0.00999999 -0.076815 -0.01354455 -0.00999999 -0.076815 -0.01354455 0.00999999 -0.076815 0.01354455 -0.00999999 -0.076815 0.01354455 0.00999999 -0.06754994 0.03899997 -0.00999999 -0.06754994 0.03899997 0.00999999 -0.0501374 0.05975145 -0.00999999 -0.0501374 0.05975145 0.00999999 -0.02667754 0.07329601 -0.00999999 -0.02667754 0.07329601 0.00999999</float_array>
          <technique_common>
            <accessor source="#ericrolph_cannon_car_wash_lowvram_cannonshape_ChaseGirdle_mesh-mesh-positions-array" count="36" stride="3">
              <param name="X" type="float"/>
              <param name="Y" type="float"/>
              <param name="Z" type="float"/>
            </accessor>
          </technique_common>
        </source>
        <source id="ericrolph_cannon_car_wash_lowvram_cannonshape_ChaseGirdle_mesh-mesh-normals">
          <float_array id="ericrolph_cannon_car_wash_lowvram_cannonshape_ChaseGirdle_mesh-mesh-normals-array" count="204">0.1736481 0.9848077 0 0.5 0.8660254 0 0.7660446 0.6427876 0 0.9396926 0.34202 0 1 0 0 0.9396926 -0.34202 0 0.7660446 -0.6427876 0 0.5 -0.8660254 0 0.1736481 -0.9848077 0 -0.1736481 -0.9848077 0 -0.5 -0.8660254 0 -0.7660446 -0.6427876 0 -0.9396926 -0.34202 0 -1 0 0 -0.9396926 0.34202 0 -0.7660446 0.6427876 0 0 0 1 -0.5 0.8660254 0 -0.1736481 0.9848077 0 0 0 -1 0.1736481 0.9848077 0 0.5 0.8660254 0 0.7660446 0.6427876 0 0.9396926 0.34202 0 1 0 0 0.9396926 -0.34202 0 0.7660446 -0.6427876 0 0.5 -0.8660254 0 0.1736481 -0.9848077 0 -0.1736481 -0.9848077 0 -0.5 -0.8660254 0 -0.7660446 -0.6427876 0 -0.9396926 -0.34202 0 -1 0 0 -0.9396926 0.34202 0 -0.7660446 0.6427876 0 0 0 1 0 0 1 0 0 1 0 0 1 0 0 1 0 0 1 0 0 1 0 0 1 0 0 1 0 0 1 0 0 1 0 0 1 0 0 1 0 0 1 0 0 1 -0.5 0.8660254 0 -0.1736481 0.9848077 0 0 0 -1 0 0 -1 0 0 -1 0 0 -1 0 0 -1 0 0 -1 0 0 -1 0 0 -1 0 0 -1 0 0 -1 0 0 -1 0 0 -1 0 0 -1 0 0 -1 0 0 -1</float_array>
          <technique_common>
            <accessor source="#ericrolph_cannon_car_wash_lowvram_cannonshape_ChaseGirdle_mesh-mesh-normals-array" count="68" stride="3">
              <param name="X" type="float"/>
              <param name="Y" type="float"/>
              <param name="Z" type="float"/>
            </accessor>
          </technique_common>
        </source>
        <source id="ericrolph_cannon_car_wash_lowvram_cannonshape_ChaseGirdle_mesh-mesh-map-0">
          <float_array id="ericrolph_cannon_car_wash_lowvram_cannonshape_ChaseGirdle_mesh-mesh-map-0-array" count="408">1 1 0.9444444 0.5 1 0.5 0.9444444 1 0.8888888 0.5 0.9444444 0.5 0.8888888 1 0.8333333 0.5 0.8888888 0.5 0.8333333 1 0.7777777 0.5 0.8333333 0.5 0.7777777 1 0.7222221 0.5 0.7777777 0.5 0.7222221 1 0.6666665 0.5 0.7222221 0.5 0.6666665 1 0.6111109 0.5 0.6666665 0.5 0.6111109 1 0.5555554 0.5 0.6111109 0.5 0.5555554 1 0.4999998 0.5 0.5555554 0.5 0.4999998 1 0.4444442 0.5 0.4999998 0.5 0.4444442 1 0.3888887 0.5 0.4444442 0.5 0.3888887 1 0.3333331 0.5 0.3888887 0.5 0.3333331 1 0.2777776 0.5 0.3333331 0.5 0.2777776 1 0.222222 0.5 0.2777776 0.5 0.222222 1 0.1666665 0.5 0.222222 0.5 0.1666665 1 0.1111109 0.5 0.1666665 0.5 0.4863538 0.2916756 0.404269 0.4338507 0.09573096 0.4338507 0.1111109 1 0.05555534 0.5 0.1111109 0.5 0.05555534 1 -1.86265e-7 0.5 0.05555534 0.5 0.9578461 0.37 0.595731 0.06614935 0.5421539 0.37 1 1 0.9444444 1 0.9444444 0.5 0.9444444 1 0.8888888 1 0.8888888 0.5 0.8888888 1 0.8333333 1 0.8333333 0.5 0.8333333 1 0.7777777 1 0.7777777 0.5 0.7777777 1 0.7222221 1 0.7222221 0.5 0.7222221 1 0.6666665 1 0.6666665 0.5 0.6666665 1 0.6111109 1 0.6111109 0.5 0.6111109 1 0.5555554 1 0.5555554 0.5 0.5555554 1 0.4999998 1 0.4999998 0.5 0.4999998 1 0.4444442 1 0.4444442 0.5 0.4444442 1 0.3888887 1 0.3888887 0.5 0.3888887 1 0.3333331 1 0.3333331 0.5 0.3333331 1 0.2777776 1 0.2777776 0.5 0.2777776 1 0.222222 1 0.222222 0.5 0.222222 1 0.1666665 1 0.1666665 0.5 0.1666665 1 0.1111109 1 0.1111109 0.5 0.404269 0.4338507 0.3320848 0.4755262 0.25 0.49 0.25 0.49 0.1679151 0.4755262 0.09573096 0.4338507 0.09573096 0.4338507 0.04215389 0.37 0.01364612 0.2916756 0.01364612 0.2916756 0.01364612 0.2083244 0.04215389 0.1299999 0.04215389 0.1299999 0.09573096 0.06614935 0.1679151 0.02447378 0.1679151 0.02447378 0.25 0.00999999 0.3320848 0.02447378 0.3320848 0.02447378 0.404269 0.06614935 0.4578461 0.1299999 0.4578461 0.1299999 0.4863538 0.2083244 0.4863538 0.2916756 0.4863538 0.2916756 0.4578461 0.37 0.404269 0.4338507 0.404269 0.4338507 0.25 0.49 0.09573096 0.4338507 0.09573096 0.4338507 0.01364612 0.2916756 0.04215389 0.1299999 0.04215389 0.1299999 0.1679151 0.02447378 0.09573096 0.4338507 0.1679151 0.02447378 0.3320848 0.02447378 0.09573096 0.4338507 0.3320848 0.02447378 0.4578461 0.1299999 0.09573096 0.4338507 0.4578461 0.1299999 0.4863538 0.2916756 0.09573096 0.4338507 0.1111109 1 0.05555534 1 0.05555534 0.5 0.05555534 1 -1.86265e-7 1 -1.86265e-7 0.5 0.6679152 0.4755262 0.75 0.49 0.8320848 0.4755262 0.8320848 0.4755262 0.904269 0.4338507 0.6679152 0.4755262 0.904269 0.4338507 0.9578461 0.37 0.6679152 0.4755262 0.9578461 0.37 0.9863539 0.2916756 0.9863539 0.2083244 0.9863539 0.2083244 0.9578461 0.1299999 0.904269 0.06614935 0.904269 0.06614935 0.8320848 0.02447378 0.75 0.00999999 0.75 0.00999999 0.6679152 0.02447378 0.595731 0.06614935 0.595731 0.06614935 0.5421539 0.1299999 0.5136461 0.2083244 0.5136461 0.2083244 0.5136461 0.2916756 0.5421539 0.37 0.5421539 0.37 0.595731 0.4338507 0.6679152 0.4755262 0.9578461 0.37 0.9863539 0.2083244 0.595731 0.06614935 0.9863539 0.2083244 0.904269 0.06614935 0.595731 0.06614935 0.904269 0.06614935 0.75 0.00999999 0.595731 0.06614935 0.595731 0.06614935 0.5136461 0.2083244 0.5421539 0.37 0.5421539 0.37 0.6679152 0.4755262 0.9578461 0.37</float_array>
          <technique_common>
            <accessor source="#ericrolph_cannon_car_wash_lowvram_cannonshape_ChaseGirdle_mesh-mesh-map-0-array" count="204" stride="2">
              <param name="S" type="float"/>
              <param name="T" type="float"/>
            </accessor>
          </technique_common>
        </source>
        <vertices id="ericrolph_cannon_car_wash_lowvram_cannonshape_ChaseGirdle_mesh-mesh-vertices">
          <input semantic="POSITION" source="#ericrolph_cannon_car_wash_lowvram_cannonshape_ChaseGirdle_mesh-mesh-positions"/>
        </vertices>
        <triangles material="ericrolph_cannon_car_wash_lowvram_attract_cannon-material" count="68">
          <input semantic="VERTEX" source="#ericrolph_cannon_car_wash_lowvram_cannonshape_ChaseGirdle_mesh-mesh-vertices" offset="0"/>
          <input semantic="NORMAL" source="#ericrolph_cannon_car_wash_lowvram_cannonshape_ChaseGirdle_mesh-mesh-normals" offset="1"/>
          <input semantic="TEXCOORD" source="#ericrolph_cannon_car_wash_lowvram_cannonshape_ChaseGirdle_mesh-mesh-map-0" offset="2" set="0"/>
          <p>1 0 0 2 0 1 0 0 2 3 1 3 4 1 4 2 1 5 5 2 6 6 2 7 4 2 8 7 3 9 8 3 10 6 3 11 9 4 12 10 4 13 8 4 14 11 5 15 12 5 16 10 5 17 13 6 18 14 6 19 12 6 20 15 7 21 16 7 22 14 7 23 17 8 24 18 8 25 16 8 26 19 9 27 20 9 28 18 9 29 21 10 30 22 10 31 20 10 32 23 11 33 24 11 34 22 11 35 25 12 36 26 12 37 24 12 38 27 13 39 28 13 40 26 13 41 29 14 42 30 14 43 28 14 44 31 15 45 32 15 46 30 15 47 9 16 48 5 16 49 33 16 50 33 17 51 34 17 52 32 17 53 35 18 54 0 18 55 34 18 56 6 19 57 22 19 58 30 19 59 1 20 60 3 20 61 2 20 62 3 21 63 5 21 64 4 21 65 5 22 66 7 22 67 6 22 68 7 23 69 9 23 70 8 23 71 9 24 72 11 24 73 10 24 74 11 25 75 13 25 76 12 25 77 13 26 78 15 26 79 14 26 80 15 27 81 17 27 82 16 27 83 17 28 84 19 28 85 18 28 86 19 29 87 21 29 88 20 29 89 21 30 90 23 30 91 22 30 92 23 31 93 25 31 94 24 31 95 25 32 96 27 32 97 26 32 98 27 33 99 29 33 100 28 33 101 29 34 102 31 34 103 30 34 104 31 35 105 33 35 106 32 35 107 5 36 108 3 36 109 1 36 110 1 37 111 35 37 112 33 37 113 33 38 114 31 38 115 29 38 116 29 39 117 27 39 118 25 39 119 25 40 120 23 40 121 21 40 122 21 41 123 19 41 124 17 41 125 17 42 126 15 42 127 13 42 128 13 43 129 11 43 130 9 43 131 9 44 132 7 44 133 5 44 134 5 45 135 1 45 136 33 45 137 33 46 138 29 46 139 25 46 140 25 47 141 21 47 142 33 47 143 21 48 144 17 48 145 33 48 146 17 49 147 13 49 148 33 49 149 13 50 150 9 50 151 33 50 152 33 51 153 35 51 154 34 51 155 35 52 156 1 52 157 0 52 158 34 53 159 0 53 160 2 53 161 2 54 162 4 54 163 34 54 164 4 55 165 6 55 166 34 55 167 6 56 168 8 56 169 10 56 170 10 57 171 12 57 172 14 57 173 14 58 174 16 58 175 18 58 176 18 59 177 20 59 178 22 59 179 22 60 180 24 60 181 26 60 182 26 61 183 28 61 184 30 61 185 30 62 186 32 62 187 34 62 188 6 63 189 10 63 190 22 63 191 10 64 192 14 64 193 22 64 194 14 65 195 18 65 196 22 65 197 22 66 198 26 66 199 30 66 200 30 67 201 34 67 202 6 67 203</p>
        </triangles>
      </mesh>
    </geometry>
    <geometry id="ericrolph_cannon_car_wash_lowvram_cannonshape_MuzzleFace_mesh-mesh" name="ericrolph_cannon_car_wash_lowvram_cannonshape_MuzzleFace_mesh">
      <mesh>
        <source id="ericrolph_cannon_car_wash_lowvram_cannonshape_MuzzleFace_mesh-mesh-positions">
          <float_array id="ericrolph_cannon_car_wash_lowvram_cannonshape_MuzzleFace_mesh-mesh-positions-array" count="108">0 0.08999997 -0.007999956 0 0.08999997 0.007999956 0.0307818 0.08457231 -0.007999956 0.0307818 0.08457231 0.007999956 0.05785083 0.06894397 -0.007999956 0.05785083 0.06894397 0.007999956 0.07794225 0.04499995 -0.007999956 0.07794225 0.04499995 0.007999956 0.0886327 0.01562833 -0.007999956 0.0886327 0.01562833 0.007999956 0.0886327 -0.01562833 -0.007999956 0.0886327 -0.01562833 0.007999956 0.07794225 -0.04499995 -0.007999956 0.07794225 -0.04499995 0.007999956 0.05785083 -0.06894397 -0.007999956 0.05785083 -0.06894397 0.007999956 0.0307818 -0.08457231 -0.007999956 0.0307818 -0.08457231 0.007999956 0 -0.08999997 -0.007999956 0 -0.08999997 0.007999956 -0.0307818 -0.08457231 -0.007999956 -0.0307818 -0.08457231 0.007999956 -0.05785083 -0.06894397 -0.007999956 -0.05785083 -0.06894397 0.007999956 -0.07794225 -0.04499995 -0.007999956 -0.07794225 -0.04499995 0.007999956 -0.0886327 -0.01562833 -0.007999956 -0.0886327 -0.01562833 0.007999956 -0.0886327 0.01562833 -0.007999956 -0.0886327 0.01562833 0.007999956 -0.07794225 0.04499995 -0.007999956 -0.07794225 0.04499995 0.007999956 -0.05785083 0.06894397 -0.007999956 -0.05785083 0.06894397 0.007999956 -0.0307818 0.08457231 -0.007999956 -0.0307818 0.08457231 0.007999956</float_array>
          <technique_common>
            <accessor source="#ericrolph_cannon_car_wash_lowvram_cannonshape_MuzzleFace_mesh-mesh-positions-array" count="36" stride="3">
              <param name="X" type="float"/>
              <param name="Y" type="float"/>
              <param name="Z" type="float"/>
            </accessor>
          </technique_common>
        </source>
        <source id="ericrolph_cannon_car_wash_lowvram_cannonshape_MuzzleFace_mesh-mesh-normals">
          <float_array id="ericrolph_cannon_car_wash_lowvram_cannonshape_MuzzleFace_mesh-mesh-normals-array" count="204">0.1736482 0.9848078 0 0.5 0.8660254 0 0.7660445 0.6427876 0 0.9396926 0.3420202 0 1 0 0 0.9396926 -0.3420202 0 0.7660445 -0.6427876 0 0.5 -0.8660254 0 0.1736482 -0.9848078 0 -0.1736482 -0.9848078 0 -0.5 -0.8660254 0 -0.7660445 -0.6427876 0 -0.9396926 -0.3420202 0 -1 0 0 -0.9396926 0.3420202 0 -0.7660445 0.6427876 0 0 0 1 -0.5 0.8660254 0 -0.1736482 0.9848078 0 0 0 -1 0.1736482 0.9848078 0 0.5 0.8660254 0 0.7660445 0.6427876 0 0.9396926 0.3420202 0 1 0 0 0.9396926 -0.3420202 0 0.7660445 -0.6427876 0 0.5 -0.8660254 0 0.1736482 -0.9848078 0 -0.1736482 -0.9848078 0 -0.5 -0.8660254 0 -0.7660445 -0.6427876 0 -0.9396926 -0.3420202 0 -1 0 0 -0.9396926 0.3420202 0 -0.7660445 0.6427876 0 0 0 1 0 0 1 0 0 1 0 0 1 0 0 1 0 0 1 0 0 1 0 0 1 0 0 1 0 0 1 0 0 1 0 0 1 0 0 1 0 0 1 0 0 1 -0.5 0.8660254 0 -0.1736482 0.9848078 0 0 0 -1 0 0 -1 0 0 -1 0 0 -1 0 0 -1 0 0 -1 0 0 -1 0 0 -1 0 0 -1 0 0 -1 0 0 -1 0 0 -1 0 0 -1 0 0 -1 0 0 -1</float_array>
          <technique_common>
            <accessor source="#ericrolph_cannon_car_wash_lowvram_cannonshape_MuzzleFace_mesh-mesh-normals-array" count="68" stride="3">
              <param name="X" type="float"/>
              <param name="Y" type="float"/>
              <param name="Z" type="float"/>
            </accessor>
          </technique_common>
        </source>
        <source id="ericrolph_cannon_car_wash_lowvram_cannonshape_MuzzleFace_mesh-mesh-map-0">
          <float_array id="ericrolph_cannon_car_wash_lowvram_cannonshape_MuzzleFace_mesh-mesh-map-0-array" count="408">1 1 0.9444444 0.5 1 0.5 0.9444444 1 0.8888888 0.5 0.9444444 0.5 0.8888888 1 0.8333333 0.5 0.8888888 0.5 0.8333333 1 0.7777777 0.5 0.8333333 0.5 0.7777777 1 0.7222221 0.5 0.7777777 0.5 0.7222221 1 0.6666665 0.5 0.7222221 0.5 0.6666665 1 0.6111109 0.5 0.6666665 0.5 0.6111109 1 0.5555554 0.5 0.6111109 0.5 0.5555554 1 0.4999998 0.5 0.5555554 0.5 0.4999998 1 0.4444442 0.5 0.4999998 0.5 0.4444442 1 0.3888887 0.5 0.4444442 0.5 0.3888887 1 0.3333331 0.5 0.3888887 0.5 0.3333331 1 0.2777776 0.5 0.3333331 0.5 0.2777776 1 0.222222 0.5 0.2777776 0.5 0.222222 1 0.1666665 0.5 0.222222 0.5 0.1666665 1 0.1111109 0.5 0.1666665 0.5 0.404269 0.4338507 0.09573096 0.4338507 0.3320848 0.02447378 0.1111109 1 0.05555534 0.5 0.1111109 0.5 0.05555534 1 -1.86265e-7 0.5 0.05555534 0.5 0.9578461 0.37 0.595731 0.06614929 0.5421539 0.37 1 1 0.9444444 1 0.9444444 0.5 0.9444444 1 0.8888888 1 0.8888888 0.5 0.8888888 1 0.8333333 1 0.8333333 0.5 0.8333333 1 0.7777777 1 0.7777777 0.5 0.7777777 1 0.7222221 1 0.7222221 0.5 0.7222221 1 0.6666665 1 0.6666665 0.5 0.6666665 1 0.6111109 1 0.6111109 0.5 0.6111109 1 0.5555554 1 0.5555554 0.5 0.5555554 1 0.4999998 1 0.4999998 0.5 0.4999998 1 0.4444442 1 0.4444442 0.5 0.4444442 1 0.3888887 1 0.3888887 0.5 0.3888887 1 0.3333331 1 0.3333331 0.5 0.3333331 1 0.2777776 1 0.2777776 0.5 0.2777776 1 0.222222 1 0.222222 0.5 0.222222 1 0.1666665 1 0.1666665 0.5 0.1666665 1 0.1111109 1 0.1111109 0.5 0.404269 0.4338507 0.3320848 0.4755262 0.25 0.49 0.25 0.49 0.1679151 0.4755262 0.09573096 0.4338507 0.09573096 0.4338507 0.04215389 0.37 0.04215389 0.1299999 0.04215389 0.37 0.01364612 0.2916756 0.04215389 0.1299999 0.01364612 0.2916756 0.01364612 0.2083244 0.04215389 0.1299999 0.04215389 0.1299999 0.09573096 0.06614929 0.1679151 0.02447378 0.1679151 0.02447378 0.25 0.00999999 0.3320848 0.02447378 0.3320848 0.02447378 0.404269 0.06614929 0.4578461 0.1299999 0.4578461 0.1299999 0.4863539 0.2083244 0.4863539 0.2916756 0.4863539 0.2916756 0.4578461 0.37 0.404269 0.4338507 0.404269 0.4338507 0.25 0.49 0.09573096 0.4338507 0.04215389 0.1299999 0.1679151 0.02447378 0.09573096 0.4338507 0.1679151 0.02447378 0.3320848 0.02447378 0.09573096 0.4338507 0.3320848 0.02447378 0.4578461 0.1299999 0.4863539 0.2916756 0.4863539 0.2916756 0.404269 0.4338507 0.3320848 0.02447378 0.1111109 1 0.05555534 1 0.05555534 0.5 0.05555534 1 -1.86265e-7 1 -1.86265e-7 0.5 0.6679152 0.4755262 0.75 0.49 0.8320848 0.4755262 0.8320848 0.4755262 0.904269 0.4338507 0.6679152 0.4755262 0.904269 0.4338507 0.9578461 0.37 0.6679152 0.4755262 0.9578461 0.37 0.9863539 0.2916756 0.9863539 0.2083244 0.9863539 0.2083244 0.9578461 0.1299999 0.9578461 0.37 0.9578461 0.1299999 0.904269 0.06614929 0.9578461 0.37 0.904269 0.06614929 0.8320848 0.02447378 0.75 0.00999999 0.75 0.00999999 0.6679152 0.02447378 0.595731 0.06614929 0.595731 0.06614929 0.5421539 0.1299999 0.5421539 0.37 0.5421539 0.1299999 0.5136461 0.2083244 0.5421539 0.37 0.5136461 0.2083244 0.5136461 0.2916756 0.5421539 0.37 0.5421539 0.37 0.595731 0.4338507 0.6679152 0.4755262 0.904269 0.06614929 0.75 0.00999999 0.595731 0.06614929 0.5421539 0.37 0.6679152 0.4755262 0.9578461 0.37 0.9578461 0.37 0.904269 0.06614929 0.595731 0.06614929</float_array>
          <technique_common>
            <accessor source="#ericrolph_cannon_car_wash_lowvram_cannonshape_MuzzleFace_mesh-mesh-map-0-array" count="204" stride="2">
              <param name="S" type="float"/>
              <param name="T" type="float"/>
            </accessor>
          </technique_common>
        </source>
        <vertices id="ericrolph_cannon_car_wash_lowvram_cannonshape_MuzzleFace_mesh-mesh-vertices">
          <input semantic="POSITION" source="#ericrolph_cannon_car_wash_lowvram_cannonshape_MuzzleFace_mesh-mesh-positions"/>
        </vertices>
        <triangles material="ericrolph_cannon_car_wash_lowvram_attract_cannon-material" count="68">
          <input semantic="VERTEX" source="#ericrolph_cannon_car_wash_lowvram_cannonshape_MuzzleFace_mesh-mesh-vertices" offset="0"/>
          <input semantic="NORMAL" source="#ericrolph_cannon_car_wash_lowvram_cannonshape_MuzzleFace_mesh-mesh-normals" offset="1"/>
          <input semantic="TEXCOORD" source="#ericrolph_cannon_car_wash_lowvram_cannonshape_MuzzleFace_mesh-mesh-map-0" offset="2" set="0"/>
          <p>1 0 0 2 0 1 0 0 2 3 1 3 4 1 4 2 1 5 5 2 6 6 2 7 4 2 8 7 3 9 8 3 10 6 3 11 9 4 12 10 4 13 8 4 14 11 5 15 12 5 16 10 5 17 13 6 18 14 6 19 12 6 20 15 7 21 16 7 22 14 7 23 17 8 24 18 8 25 16 8 26 19 9 27 20 9 28 18 9 29 21 10 30 22 10 31 20 10 32 23 11 33 24 11 34 22 11 35 25 12 36 26 12 37 24 12 38 27 13 39 28 13 40 26 13 41 29 14 42 30 14 43 28 14 44 31 15 45 32 15 46 30 15 47 5 16 48 33 16 49 17 16 50 33 17 51 34 17 52 32 17 53 35 18 54 0 18 55 34 18 56 6 19 57 22 19 58 30 19 59 1 20 60 3 20 61 2 20 62 3 21 63 5 21 64 4 21 65 5 22 66 7 22 67 6 22 68 7 23 69 9 23 70 8 23 71 9 24 72 11 24 73 10 24 74 11 25 75 13 25 76 12 25 77 13 26 78 15 26 79 14 26 80 15 27 81 17 27 82 16 27 83 17 28 84 19 28 85 18 28 86 19 29 87 21 29 88 20 29 89 21 30 90 23 30 91 22 30 92 23 31 93 25 31 94 24 31 95 25 32 96 27 32 97 26 32 98 27 33 99 29 33 100 28 33 101 29 34 102 31 34 103 30 34 104 31 35 105 33 35 106 32 35 107 5 36 108 3 36 109 1 36 110 1 37 111 35 37 112 33 37 113 33 38 114 31 38 115 25 38 116 31 39 117 29 39 118 25 39 119 29 40 120 27 40 121 25 40 122 25 41 123 23 41 124 21 41 125 21 42 126 19 42 127 17 42 128 17 43 129 15 43 130 13 43 131 13 44 132 11 44 133 9 44 134 9 45 135 7 45 136 5 45 137 5 46 138 1 46 139 33 46 140 25 47 141 21 47 142 33 47 143 21 48 144 17 48 145 33 48 146 17 49 147 13 49 148 9 49 149 9 50 150 5 50 151 17 50 152 33 51 153 35 51 154 34 51 155 35 52 156 1 52 157 0 52 158 34 53 159 0 53 160 2 53 161 2 54 162 4 54 163 34 54 164 4 55 165 6 55 166 34 55 167 6 56 168 8 56 169 10 56 170 10 57 171 12 57 172 6 57 173 12 58 174 14 58 175 6 58 176 14 59 177 16 59 178 18 59 179 18 60 180 20 60 181 22 60 182 22 61 183 24 61 184 30 61 185 24 62 186 26 62 187 30 62 188 26 63 189 28 63 190 30 63 191 30 64 192 32 64 193 34 64 194 14 65 195 18 65 196 22 65 197 30 66 198 34 66 199 6 66 200 6 67 201 14 67 202 22 67 203</p>
        </triangles>
      </mesh>
    </geometry>
    <geometry id="ericrolph_cannon_car_wash_lowvram_cannonshape_MuzzleSwell_mesh-mesh" name="ericrolph_cannon_car_wash_lowvram_cannonshape_MuzzleSwell_mesh">
      <mesh>
        <source id="ericrolph_cannon_car_wash_lowvram_cannonshape_MuzzleSwell_mesh-mesh-positions">
          <float_array id="ericrolph_cannon_car_wash_lowvram_cannonshape_MuzzleSwell_mesh-mesh-positions-array" count="108">0 0.06599998 -0.03499996 0 0.08799999 0.03499996 0.02257329 0.0620197 -0.03499996 0.03009772 0.08269292 0.03499996 0.04242396 0.05055892 -0.03499996 0.05656528 0.06741189 0.03499996 0.05715763 0.03299999 -0.03499996 0.0762102 0.04399996 0.03499996 0.06499731 0.01146078 -0.03499996 0.08666306 0.01528102 0.03499996 0.06499731 -0.01146078 -0.03499996 0.08666306 -0.01528102 0.03499996 0.05715763 -0.03299999 -0.03499996 0.0762102 -0.04399996 0.03499996 0.04242396 -0.05055892 -0.03499996 0.05656528 -0.06741189 0.03499996 0.02257329 -0.0620197 -0.03499996 0.03009772 -0.08269292 0.03499996 0 -0.06599998 -0.03499996 0 -0.08799999 0.03499996 -0.02257329 -0.0620197 -0.03499996 -0.03009772 -0.08269292 0.03499996 -0.04242396 -0.05055892 -0.03499996 -0.05656528 -0.06741189 0.03499996 -0.05715763 -0.03299999 -0.03499996 -0.0762102 -0.04399996 0.03499996 -0.06499731 -0.01146078 -0.03499996 -0.08666306 -0.01528102 0.03499996 -0.06499731 0.01146078 -0.03499996 -0.08666306 0.01528102 0.03499996 -0.05715763 0.03299999 -0.03499996 -0.0762102 0.04399996 0.03499996 -0.04242396 0.05055892 -0.03499996 -0.05656528 0.06741189 0.03499996 -0.02257329 0.0620197 -0.03499996 -0.03009772 0.08269292 0.03499996</float_array>
          <technique_common>
            <accessor source="#ericrolph_cannon_car_wash_lowvram_cannonshape_MuzzleSwell_mesh-mesh-positions-array" count="36" stride="3">
              <param name="X" type="float"/>
              <param name="Y" type="float"/>
              <param name="Z" type="float"/>
            </accessor>
          </technique_common>
        </source>
        <source id="ericrolph_cannon_car_wash_lowvram_cannonshape_MuzzleSwell_mesh-mesh-normals">
          <float_array id="ericrolph_cannon_car_wash_lowvram_cannonshape_MuzzleSwell_mesh-mesh-normals-array" count="204">0.1658842 0.9407764 -0.2956725 0.4776447 0.8273048 -0.2956725 0.7317941 0.6140481 -0.2956725 0.8976784 0.3267281 -0.2956725 0.9552894 0 -0.2956726 0.8976784 -0.3267281 -0.2956726 0.7317941 -0.6140481 -0.2956725 0.4776447 -0.8273048 -0.2956725 0.1658842 -0.9407764 -0.2956725 -0.1658842 -0.9407764 -0.2956725 -0.4776447 -0.8273048 -0.2956725 -0.7317941 -0.6140481 -0.2956725 -0.8976784 -0.3267281 -0.2956725 -0.9552894 0 -0.2956726 -0.8976784 0.3267281 -0.2956726 -0.7317941 0.6140481 -0.2956725 0 0 1 -0.4776447 0.8273048 -0.2956725 -0.1658842 0.9407764 -0.2956725 0 0 -1 0.1658842 0.9407764 -0.2956725 0.4776448 0.8273048 -0.2956725 0.7317942 0.6140481 -0.2956725 0.8976783 0.3267284 -0.2956726 0.9552894 0 -0.2956726 0.8976783 -0.3267284 -0.2956725 0.7317942 -0.6140481 -0.2956725 0.4776448 -0.8273048 -0.2956725 0.1658842 -0.9407764 -0.2956725 -0.1658842 -0.9407764 -0.2956725 -0.4776448 -0.8273048 -0.2956725 -0.7317942 -0.6140481 -0.2956725 -0.8976783 -0.3267284 -0.2956726 -0.9552894 0 -0.2956726 -0.8976783 0.3267284 -0.2956725 -0.7317942 0.6140481 -0.2956725 0 0 1 0 0 1 0 0 1 0 0 1 0 0 1 0 0 1 0 0 1 0 0 1 0 0 1 0 0 1 0 0 1 0 0 1 0 0 1 0 0 1 0 0 1 -0.4776448 0.8273048 -0.2956725 -0.1658842 0.9407764 -0.2956725 0 0 -1 0 0 -1 0 0 -1 0 0 -1 0 0 -1 0 0 -1 0 0 -1 0 0 -1 0 0 -1 0 0 -1 0 0 -1 0 0 -1 0 0 -1 0 0 -1 0 0 -1</float_array>
          <technique_common>
            <accessor source="#ericrolph_cannon_car_wash_lowvram_cannonshape_MuzzleSwell_mesh-mesh-normals-array" count="68" stride="3">
              <param name="X" type="float"/>
              <param name="Y" type="float"/>
              <param name="Z" type="float"/>
            </accessor>
          </technique_common>
        </source>
        <source id="ericrolph_cannon_car_wash_lowvram_cannonshape_MuzzleSwell_mesh-mesh-map-0">
          <float_array id="ericrolph_cannon_car_wash_lowvram_cannonshape_MuzzleSwell_mesh-mesh-map-0-array" count="408">1 1 0.9444444 0.5 1 0.5 0.9444444 1 0.8888888 0.5 0.9444444 0.5 0.8888888 1 0.8333333 0.5 0.8888888 0.5 0.8333333 1 0.7777777 0.5 0.8333333 0.5 0.7777777 1 0.7222221 0.5 0.7777777 0.5 0.7222221 1 0.6666665 0.5 0.7222221 0.5 0.6666665 1 0.6111109 0.5 0.6666665 0.5 0.6111109 1 0.5555554 0.5 0.6111109 0.5 0.5555554 1 0.4999998 0.5 0.5555554 0.5 0.4999998 1 0.4444442 0.5 0.4999998 0.5 0.4444442 1 0.3888887 0.5 0.4444442 0.5 0.3888887 1 0.3333331 0.5 0.3888887 0.5 0.3333331 1 0.2777776 0.5 0.3333331 0.5 0.2777776 1 0.222222 0.5 0.2777776 0.5 0.222222 1 0.1666665 0.5 0.222222 0.5 0.1666665 1 0.1111109 0.5 0.1666665 0.5 0.09573096 0.4338507 0.04215389 0.1299999 0.3320848 0.02447372 0.1111109 1 0.05555534 0.5 0.1111109 0.5 0.05555534 1 -1.86265e-7 0.5 0.05555534 0.5 0.9578461 0.37 0.904269 0.06614929 0.595731 0.06614929 1 1 0.9444444 1 0.9444444 0.5 0.9444444 1 0.8888888 1 0.8888888 0.5 0.8888888 1 0.8333333 1 0.8333333 0.5 0.8333333 1 0.7777777 1 0.7777777 0.5 0.7777777 1 0.7222221 1 0.7222221 0.5 0.7222221 1 0.6666665 1 0.6666665 0.5 0.6666665 1 0.6111109 1 0.6111109 0.5 0.6111109 1 0.5555554 1 0.5555554 0.5 0.5555554 1 0.4999998 1 0.4999998 0.5 0.4999998 1 0.4444442 1 0.4444442 0.5 0.4444442 1 0.3888887 1 0.3888887 0.5 0.3888887 1 0.3333331 1 0.3333331 0.5 0.3333331 1 0.2777776 1 0.2777776 0.5 0.2777776 1 0.222222 1 0.222222 0.5 0.222222 1 0.1666665 1 0.1666665 0.5 0.1666665 1 0.1111109 1 0.1111109 0.5 0.404269 0.4338507 0.3320848 0.4755262 0.25 0.49 0.25 0.49 0.1679151 0.4755262 0.404269 0.4338507 0.1679151 0.4755262 0.09573096 0.4338507 0.404269 0.4338507 0.09573096 0.4338507 0.04215389 0.37 0.01364612 0.2916756 0.01364612 0.2916756 0.01364612 0.2083244 0.04215389 0.1299999 0.04215389 0.1299999 0.09573096 0.06614929 0.3320848 0.02447372 0.09573096 0.06614929 0.1679151 0.02447372 0.3320848 0.02447372 0.1679151 0.02447372 0.25 0.00999999 0.3320848 0.02447372 0.3320848 0.02447372 0.404269 0.06614929 0.4578461 0.1299999 0.4578461 0.1299999 0.4863539 0.2083244 0.4863539 0.2916756 0.4863539 0.2916756 0.4578461 0.37 0.404269 0.4338507 0.09573096 0.4338507 0.01364612 0.2916756 0.04215389 0.1299999 0.3320848 0.02447372 0.4578461 0.1299999 0.09573096 0.4338507 0.4578461 0.1299999 0.4863539 0.2916756 0.09573096 0.4338507 0.4863539 0.2916756 0.404269 0.4338507 0.09573096 0.4338507 0.1111109 1 0.05555534 1 0.05555534 0.5 0.05555534 1 -1.86265e-7 1 -1.86265e-7 0.5 0.6679152 0.4755262 0.75 0.49 0.8320848 0.4755262 0.8320848 0.4755262 0.904269 0.4338507 0.6679152 0.4755262 0.904269 0.4338507 0.9578461 0.37 0.6679152 0.4755262 0.9578461 0.37 0.9863539 0.2916756 0.904269 0.06614929 0.9863539 0.2916756 0.9863539 0.2083244 0.904269 0.06614929 0.9863539 0.2083244 0.9578461 0.1299999 0.904269 0.06614929 0.904269 0.06614929 0.8320848 0.02447372 0.75 0.00999999 0.75 0.00999999 0.6679152 0.02447372 0.595731 0.06614929 0.595731 0.06614929 0.5421539 0.1299999 0.5136461 0.2083244 0.5136461 0.2083244 0.5136461 0.2916756 0.5421539 0.37 0.5421539 0.37 0.595731 0.4338507 0.9578461 0.37 0.595731 0.4338507 0.6679152 0.4755262 0.9578461 0.37 0.904269 0.06614929 0.75 0.00999999 0.595731 0.06614929 0.595731 0.06614929 0.5136461 0.2083244 0.9578461 0.37 0.5136461 0.2083244 0.5421539 0.37 0.9578461 0.37</float_array>
          <technique_common>
            <accessor source="#ericrolph_cannon_car_wash_lowvram_cannonshape_MuzzleSwell_mesh-mesh-map-0-array" count="204" stride="2">
              <param name="S" type="float"/>
              <param name="T" type="float"/>
            </accessor>
          </technique_common>
        </source>
        <vertices id="ericrolph_cannon_car_wash_lowvram_cannonshape_MuzzleSwell_mesh-mesh-vertices">
          <input semantic="POSITION" source="#ericrolph_cannon_car_wash_lowvram_cannonshape_MuzzleSwell_mesh-mesh-positions"/>
        </vertices>
        <triangles material="ericrolph_cannon_car_wash_lowvram_attract_cannon-material" count="68">
          <input semantic="VERTEX" source="#ericrolph_cannon_car_wash_lowvram_cannonshape_MuzzleSwell_mesh-mesh-vertices" offset="0"/>
          <input semantic="NORMAL" source="#ericrolph_cannon_car_wash_lowvram_cannonshape_MuzzleSwell_mesh-mesh-normals" offset="1"/>
          <input semantic="TEXCOORD" source="#ericrolph_cannon_car_wash_lowvram_cannonshape_MuzzleSwell_mesh-mesh-map-0" offset="2" set="0"/>
          <p>1 0 0 2 0 1 0 0 2 3 1 3 4 1 4 2 1 5 5 2 6 6 2 7 4 2 8 7 3 9 8 3 10 6 3 11 9 4 12 10 4 13 8 4 14 11 5 15 12 5 16 10 5 17 13 6 18 14 6 19 12 6 20 15 7 21 16 7 22 14 7 23 17 8 24 18 8 25 16 8 26 19 9 27 20 9 28 18 9 29 21 10 30 22 10 31 20 10 32 23 11 33 24 11 34 22 11 35 25 12 36 26 12 37 24 12 38 27 13 39 28 13 40 26 13 41 29 14 42 30 14 43 28 14 44 31 15 45 32 15 46 30 15 47 33 16 48 25 16 49 17 16 50 33 17 51 34 17 52 32 17 53 35 18 54 0 18 55 34 18 56 6 19 57 14 19 58 22 19 59 1 20 60 3 20 61 2 20 62 3 21 63 5 21 64 4 21 65 5 22 66 7 22 67 6 22 68 7 23 69 9 23 70 8 23 71 9 24 72 11 24 73 10 24 74 11 25 75 13 25 76 12 25 77 13 26 78 15 26 79 14 26 80 15 27 81 17 27 82 16 27 83 17 28 84 19 28 85 18 28 86 19 29 87 21 29 88 20 29 89 21 30 90 23 30 91 22 30 92 23 31 93 25 31 94 24 31 95 25 32 96 27 32 97 26 32 98 27 33 99 29 33 100 28 33 101 29 34 102 31 34 103 30 34 104 31 35 105 33 35 106 32 35 107 5 36 108 3 36 109 1 36 110 1 37 111 35 37 112 5 37 113 35 38 114 33 38 115 5 38 116 33 39 117 31 39 118 29 39 119 29 40 120 27 40 121 25 40 122 25 41 123 23 41 124 17 41 125 23 42 126 21 42 127 17 42 128 21 43 129 19 43 130 17 43 131 17 44 132 15 44 133 13 44 134 13 45 135 11 45 136 9 45 137 9 46 138 7 46 139 5 46 140 33 47 141 29 47 142 25 47 143 17 48 144 13 48 145 33 48 146 13 49 147 9 49 148 33 49 149 9 50 150 5 50 151 33 50 152 33 51 153 35 51 154 34 51 155 35 52 156 1 52 157 0 52 158 34 53 159 0 53 160 2 53 161 2 54 162 4 54 163 34 54 164 4 55 165 6 55 166 34 55 167 6 56 168 8 56 169 14 56 170 8 57 171 10 57 172 14 57 173 10 58 174 12 58 175 14 58 176 14 59 177 16 59 178 18 59 179 18 60 180 20 60 181 22 60 182 22 61 183 24 61 184 26 61 185 26 62 186 28 62 187 30 62 188 30 63 189 32 63 190 6 63 191 32 64 192 34 64 193 6 64 194 14 65 195 18 65 196 22 65 197 22 66 198 26 66 199 6 66 200 26 67 201 30 67 202 6 67 203</p>
        </triangles>
      </mesh>
    </geometry>
    <geometry id="ericrolph_cannon_car_wash_lowvram_cannonshape_ReinforceRing1_mesh-mesh" name="ericrolph_cannon_car_wash_lowvram_cannonshape_ReinforceRing1_mesh">
      <mesh>
        <source id="ericrolph_cannon_car_wash_lowvram_cannonshape_ReinforceRing1_mesh-mesh-positions">
          <float_array id="ericrolph_cannon_car_wash_lowvram_cannonshape_ReinforceRing1_mesh-mesh-positions-array" count="108">0 0.101 -0.01399999 0 0.101 0.01399999 0.03454399 0.09490895 -0.01399999 0.03454399 0.09490895 0.01399999 0.06492155 0.07737046 -0.01399999 0.06492155 0.07737046 0.01399999 0.08746856 0.05049997 -0.01399999 0.08746856 0.05049997 0.01399999 0.09946554 0.01753842 -0.01399999 0.09946554 0.01753842 0.01399999 0.09946554 -0.01753842 -0.01399999 0.09946554 -0.01753842 0.01399999 0.08746856 -0.05049997 -0.01399999 0.08746856 -0.05049997 0.01399999 0.06492155 -0.07737046 -0.01399999 0.06492155 -0.07737046 0.01399999 0.03454399 -0.09490895 -0.01399999 0.03454399 -0.09490895 0.01399999 0 -0.101 -0.01399999 0 -0.101 0.01399999 -0.03454399 -0.09490895 -0.01399999 -0.03454399 -0.09490895 0.01399999 -0.06492155 -0.07737046 -0.01399999 -0.06492155 -0.07737046 0.01399999 -0.08746856 -0.05049997 -0.01399999 -0.08746856 -0.05049997 0.01399999 -0.09946554 -0.01753842 -0.01399999 -0.09946554 -0.01753842 0.01399999 -0.09946554 0.01753842 -0.01399999 -0.09946554 0.01753842 0.01399999 -0.08746856 0.05049997 -0.01399999 -0.08746856 0.05049997 0.01399999 -0.06492155 0.07737046 -0.01399999 -0.06492155 0.07737046 0.01399999 -0.03454399 0.09490895 -0.01399999 -0.03454399 0.09490895 0.01399999</float_array>
          <technique_common>
            <accessor source="#ericrolph_cannon_car_wash_lowvram_cannonshape_ReinforceRing1_mesh-mesh-positions-array" count="36" stride="3">
              <param name="X" type="float"/>
              <param name="Y" type="float"/>
              <param name="Z" type="float"/>
            </accessor>
          </technique_common>
        </source>
        <source id="ericrolph_cannon_car_wash_lowvram_cannonshape_ReinforceRing1_mesh-mesh-normals">
          <float_array id="ericrolph_cannon_car_wash_lowvram_cannonshape_ReinforceRing1_mesh-mesh-normals-array" count="204">0.1736481 0.9848077 0 0.5 0.8660255 0 0.7660446 0.6427875 0 0.9396926 0.3420203 0 1 0 0 0.9396926 -0.3420203 0 0.7660446 -0.6427875 0 0.5 -0.8660255 0 0.1736481 -0.9848077 0 -0.1736481 -0.9848077 0 -0.5 -0.8660255 0 -0.7660446 -0.6427875 0 -0.9396926 -0.3420203 0 -1 0 0 -0.9396926 0.3420203 0 -0.7660446 0.6427875 0 0 0 1 -0.5 0.8660255 0 -0.1736481 0.9848077 0 0 0 -1 0.1736481 0.9848077 0 0.5 0.8660255 0 0.7660446 0.6427875 0 0.9396926 0.3420203 0 1 0 0 0.9396926 -0.3420203 0 0.7660446 -0.6427875 0 0.5 -0.8660255 0 0.1736481 -0.9848077 0 -0.1736481 -0.9848077 0 -0.5 -0.8660255 0 -0.7660446 -0.6427875 0 -0.9396926 -0.3420203 0 -1 0 0 -0.9396926 0.3420203 0 -0.7660446 0.6427875 0 0 0 1 0 0 1 0 0 1 0 0 1 0 0 1 0 0 1 0 0 1 0 0 1 0 0 1 0 0 1 0 0 1 0 0 1 0 0 1 0 0 1 0 0 1 -0.5 0.8660255 0 -0.1736481 0.9848077 0 0 0 -1 0 0 -1 0 0 -1 0 0 -1 0 0 -1 0 0 -1 0 0 -1 0 0 -1 0 0 -1 0 0 -1 0 0 -1 0 0 -1 0 0 -1 0 0 -1 0 0 -1</float_array>
          <technique_common>
            <accessor source="#ericrolph_cannon_car_wash_lowvram_cannonshape_ReinforceRing1_mesh-mesh-normals-array" count="68" stride="3">
              <param name="X" type="float"/>
              <param name="Y" type="float"/>
              <param name="Z" type="float"/>
            </accessor>
          </technique_common>
        </source>
        <source id="ericrolph_cannon_car_wash_lowvram_cannonshape_ReinforceRing1_mesh-mesh-map-0">
          <float_array id="ericrolph_cannon_car_wash_lowvram_cannonshape_ReinforceRing1_mesh-mesh-map-0-array" count="408">1 1 0.9444444 0.5 1 0.5 0.9444444 1 0.8888888 0.5 0.9444444 0.5 0.8888888 1 0.8333333 0.5 0.8888888 0.5 0.8333333 1 0.7777777 0.5 0.8333333 0.5 0.7777777 1 0.7222221 0.5 0.7777777 0.5 0.7222221 1 0.6666665 0.5 0.7222221 0.5 0.6666665 1 0.6111109 0.5 0.6666665 0.5 0.6111109 1 0.5555554 0.5 0.6111109 0.5 0.5555554 1 0.4999998 0.5 0.5555554 0.5 0.4999998 1 0.4444442 0.5 0.4999998 0.5 0.4444442 1 0.3888887 0.5 0.4444442 0.5 0.3888887 1 0.3333331 0.5 0.3888887 0.5 0.3333331 1 0.2777776 0.5 0.3333331 0.5 0.2777776 1 0.222222 0.5 0.2777776 0.5 0.222222 1 0.1666665 0.5 0.222222 0.5 0.1666665 1 0.1111109 0.5 0.1666665 0.5 0.09573096 0.4338507 0.3320848 0.02447378 0.4863538 0.2916756 0.1111109 1 0.05555534 0.5 0.1111109 0.5 0.05555534 1 -1.86265e-7 0.5 0.05555534 0.5 0.9578461 0.37 0.595731 0.06614929 0.542154 0.37 1 1 0.9444444 1 0.9444444 0.5 0.9444444 1 0.8888888 1 0.8888888 0.5 0.8888888 1 0.8333333 1 0.8333333 0.5 0.8333333 1 0.7777777 1 0.7777777 0.5 0.7777777 1 0.7222221 1 0.7222221 0.5 0.7222221 1 0.6666665 1 0.6666665 0.5 0.6666665 1 0.6111109 1 0.6111109 0.5 0.6111109 1 0.5555554 1 0.5555554 0.5 0.5555554 1 0.4999998 1 0.4999998 0.5 0.4999998 1 0.4444442 1 0.4444442 0.5 0.4444442 1 0.3888887 1 0.3888887 0.5 0.3888887 1 0.3333331 1 0.3333331 0.5 0.3333331 1 0.2777776 1 0.2777776 0.5 0.2777776 1 0.222222 1 0.222222 0.5 0.222222 1 0.1666665 1 0.1666665 0.5 0.1666665 1 0.1111109 1 0.1111109 0.5 0.404269 0.4338507 0.3320848 0.4755262 0.25 0.49 0.25 0.49 0.1679151 0.4755262 0.09573096 0.4338507 0.09573096 0.4338507 0.04215389 0.37 0.04215389 0.13 0.04215389 0.37 0.01364612 0.2916756 0.04215389 0.13 0.01364612 0.2916756 0.01364612 0.2083244 0.04215389 0.13 0.04215389 0.13 0.09573096 0.06614929 0.1679151 0.02447378 0.1679151 0.02447378 0.25 0.00999999 0.04215389 0.13 0.25 0.00999999 0.3320848 0.02447378 0.04215389 0.13 0.3320848 0.02447378 0.404269 0.06614929 0.4578461 0.13 0.4578461 0.13 0.4863538 0.2083244 0.4863538 0.2916756 0.4863538 0.2916756 0.4578461 0.37 0.404269 0.4338507 0.404269 0.4338507 0.25 0.49 0.4863538 0.2916756 0.25 0.49 0.09573096 0.4338507 0.4863538 0.2916756 0.3320848 0.02447378 0.4578461 0.13 0.4863538 0.2916756 0.09573096 0.4338507 0.04215389 0.13 0.3320848 0.02447378 0.1111109 1 0.05555534 1 0.05555534 0.5 0.05555534 1 -1.86265e-7 1 -1.86265e-7 0.5 0.6679152 0.4755262 0.75 0.49 0.9578461 0.37 0.75 0.49 0.8320848 0.4755262 0.9578461 0.37 0.8320848 0.4755262 0.904269 0.4338507 0.9578461 0.37 0.9578461 0.37 0.9863539 0.2916756 0.9863539 0.2083244 0.9863539 0.2083244 0.9578461 0.13 0.9578461 0.37 0.9578461 0.13 0.904269 0.06614929 0.9578461 0.37 0.904269 0.06614929 0.8320848 0.02447378 0.595731 0.06614929 0.8320848 0.02447378 0.75 0.00999999 0.595731 0.06614929 0.75 0.00999999 0.6679152 0.02447378 0.595731 0.06614929 0.595731 0.06614929 0.542154 0.13 0.542154 0.37 0.542154 0.13 0.5136461 0.2083244 0.542154 0.37 0.5136461 0.2083244 0.5136461 0.2916756 0.542154 0.37 0.542154 0.37 0.595731 0.4338507 0.9578461 0.37 0.595731 0.4338507 0.6679152 0.4755262 0.9578461 0.37 0.9578461 0.37 0.904269 0.06614929 0.595731 0.06614929</float_array>
          <technique_common>
            <accessor source="#ericrolph_cannon_car_wash_lowvram_cannonshape_ReinforceRing1_mesh-mesh-map-0-array" count="204" stride="2">
              <param name="S" type="float"/>
              <param name="T" type="float"/>
            </accessor>
          </technique_common>
        </source>
        <vertices id="ericrolph_cannon_car_wash_lowvram_cannonshape_ReinforceRing1_mesh-mesh-vertices">
          <input semantic="POSITION" source="#ericrolph_cannon_car_wash_lowvram_cannonshape_ReinforceRing1_mesh-mesh-positions"/>
        </vertices>
        <triangles material="ericrolph_cannon_car_wash_lowvram_attract_cannon-material" count="68">
          <input semantic="VERTEX" source="#ericrolph_cannon_car_wash_lowvram_cannonshape_ReinforceRing1_mesh-mesh-vertices" offset="0"/>
          <input semantic="NORMAL" source="#ericrolph_cannon_car_wash_lowvram_cannonshape_ReinforceRing1_mesh-mesh-normals" offset="1"/>
          <input semantic="TEXCOORD" source="#ericrolph_cannon_car_wash_lowvram_cannonshape_ReinforceRing1_mesh-mesh-map-0" offset="2" set="0"/>
          <p>1 0 0 2 0 1 0 0 2 3 1 3 4 1 4 2 1 5 5 2 6 6 2 7 4 2 8 7 3 9 8 3 10 6 3 11 9 4 12 10 4 13 8 4 14 11 5 15 12 5 16 10 5 17 13 6 18 14 6 19 12 6 20 15 7 21 16 7 22 14 7 23 17 8 24 18 8 25 16 8 26 19 9 27 20 9 28 18 9 29 21 10 30 22 10 31 20 10 32 23 11 33 24 11 34 22 11 35 25 12 36 26 12 37 24 12 38 27 13 39 28 13 40 26 13 41 29 14 42 30 14 43 28 14 44 31 15 45 32 15 46 30 15 47 33 16 48 17 16 49 9 16 50 33 17 51 34 17 52 32 17 53 35 18 54 0 18 55 34 18 56 6 19 57 22 19 58 30 19 59 1 20 60 3 20 61 2 20 62 3 21 63 5 21 64 4 21 65 5 22 66 7 22 67 6 22 68 7 23 69 9 23 70 8 23 71 9 24 72 11 24 73 10 24 74 11 25 75 13 25 76 12 25 77 13 26 78 15 26 79 14 26 80 15 27 81 17 27 82 16 27 83 17 28 84 19 28 85 18 28 86 19 29 87 21 29 88 20 29 89 21 30 90 23 30 91 22 30 92 23 31 93 25 31 94 24 31 95 25 32 96 27 32 97 26 32 98 27 33 99 29 33 100 28 33 101 29 34 102 31 34 103 30 34 104 31 35 105 33 35 106 32 35 107 5 36 108 3 36 109 1 36 110 1 37 111 35 37 112 33 37 113 33 38 114 31 38 115 25 38 116 31 39 117 29 39 118 25 39 119 29 40 120 27 40 121 25 40 122 25 41 123 23 41 124 21 41 125 21 42 126 19 42 127 25 42 128 19 43 129 17 43 130 25 43 131 17 44 132 15 44 133 13 44 134 13 45 135 11 45 136 9 45 137 9 46 138 7 46 139 5 46 140 5 47 141 1 47 142 9 47 143 1 48 144 33 48 145 9 48 146 17 49 147 13 49 148 9 49 149 33 50 150 25 50 151 17 50 152 33 51 153 35 51 154 34 51 155 35 52 156 1 52 157 0 52 158 34 53 159 0 53 160 6 53 161 0 54 162 2 54 163 6 54 164 2 55 165 4 55 166 6 55 167 6 56 168 8 56 169 10 56 170 10 57 171 12 57 172 6 57 173 12 58 174 14 58 175 6 58 176 14 59 177 16 59 178 22 59 179 16 60 180 18 60 181 22 60 182 18 61 183 20 61 184 22 61 185 22 62 186 24 62 187 30 62 188 24 63 189 26 63 190 30 63 191 26 64 192 28 64 193 30 64 194 30 65 195 32 65 196 6 65 197 32 66 198 34 66 199 6 66 200 6 67 201 14 67 202 22 67 203</p>
        </triangles>
      </mesh>
    </geometry>
    <geometry id="ericrolph_cannon_car_wash_lowvram_cannonshape_ReinforceRing2_mesh-mesh" name="ericrolph_cannon_car_wash_lowvram_cannonshape_ReinforceRing2_mesh">
      <mesh>
        <source id="ericrolph_cannon_car_wash_lowvram_cannonshape_ReinforceRing2_mesh-mesh-positions">
          <float_array id="ericrolph_cannon_car_wash_lowvram_cannonshape_ReinforceRing2_mesh-mesh-positions-array" count="108">0 0.08899998 -0.01199996 0 0.08899998 0.01199996 0.03043979 0.08363264 -0.01199996 0.03043979 0.08363264 0.01199996 0.05720806 0.06817793 -0.01199996 0.05720806 0.06817793 0.01199996 0.07707625 0.04449999 -0.01199996 0.07707625 0.04449999 0.01199996 0.08764785 0.01545464 -0.01199996 0.08764785 0.01545464 0.01199996 0.08764785 -0.01545464 -0.01199996 0.08764785 -0.01545464 0.01199996 0.07707625 -0.04449999 -0.01199996 0.07707625 -0.04449999 0.01199996 0.05720806 -0.06817793 -0.01199996 0.05720806 -0.06817793 0.01199996 0.03043979 -0.08363264 -0.01199996 0.03043979 -0.08363264 0.01199996 0 -0.08899998 -0.01199996 0 -0.08899998 0.01199996 -0.03043979 -0.08363264 -0.01199996 -0.03043979 -0.08363264 0.01199996 -0.05720806 -0.06817793 -0.01199996 -0.05720806 -0.06817793 0.01199996 -0.07707625 -0.04449999 -0.01199996 -0.07707625 -0.04449999 0.01199996 -0.08764785 -0.01545464 -0.01199996 -0.08764785 -0.01545464 0.01199996 -0.08764785 0.01545464 -0.01199996 -0.08764785 0.01545464 0.01199996 -0.07707625 0.04449999 -0.01199996 -0.07707625 0.04449999 0.01199996 -0.05720806 0.06817793 -0.01199996 -0.05720806 0.06817793 0.01199996 -0.03043979 0.08363264 -0.01199996 -0.03043979 0.08363264 0.01199996</float_array>
          <technique_common>
            <accessor source="#ericrolph_cannon_car_wash_lowvram_cannonshape_ReinforceRing2_mesh-mesh-positions-array" count="36" stride="3">
              <param name="X" type="float"/>
              <param name="Y" type="float"/>
              <param name="Z" type="float"/>
            </accessor>
          </technique_common>
        </source>
        <source id="ericrolph_cannon_car_wash_lowvram_cannonshape_ReinforceRing2_mesh-mesh-normals">
          <float_array id="ericrolph_cannon_car_wash_lowvram_cannonshape_ReinforceRing2_mesh-mesh-normals-array" count="204">0.1736481 0.9848079 0 0.5000001 0.8660253 0 0.7660444 0.6427876 0 0.9396927 0.3420202 0 1 0 0 0.9396927 -0.3420202 0 0.7660444 -0.6427876 0 0.5000001 -0.8660253 0 0.1736481 -0.9848079 0 -0.1736481 -0.9848079 0 -0.5000001 -0.8660253 0 -0.7660444 -0.6427876 0 -0.9396927 -0.3420202 0 -1 0 0 -0.9396927 0.3420202 0 -0.7660444 0.6427876 0 0 0 1 -0.5000001 0.8660253 0 -0.1736481 0.9848079 0 0 0 -1 0.1736481 0.9848079 0 0.5000001 0.8660253 0 0.7660444 0.6427876 0 0.9396927 0.3420202 0 1 0 0 0.9396927 -0.3420202 0 0.7660444 -0.6427876 0 0.5000001 -0.8660253 0 0.1736481 -0.9848079 0 -0.1736481 -0.9848079 0 -0.5000001 -0.8660253 0 -0.7660444 -0.6427876 0 -0.9396927 -0.3420202 0 -1 0 0 -0.9396927 0.3420202 0 -0.7660444 0.6427876 0 0 0 1 0 0 1 0 0 1 0 0 1 0 0 1 0 0 1 0 0 1 0 0 1 0 0 1 0 0 1 0 0 1 0 0 1 0 0 1 0 0 1 0 0 1 -0.5000001 0.8660253 0 -0.1736481 0.9848079 0 0 0 -1 0 0 -1 0 0 -1 0 0 -1 0 0 -1 0 0 -1 0 0 -1 0 0 -1 0 0 -1 0 0 -1 0 0 -1 0 0 -1 0 0 -1 0 0 -1 0 0 -1</float_array>
          <technique_common>
            <accessor source="#ericrolph_cannon_car_wash_lowvram_cannonshape_ReinforceRing2_mesh-mesh-normals-array" count="68" stride="3">
              <param name="X" type="float"/>
              <param name="Y" type="float"/>
              <param name="Z" type="float"/>
            </accessor>
          </technique_common>
        </source>
        <source id="ericrolph_cannon_car_wash_lowvram_cannonshape_ReinforceRing2_mesh-mesh-map-0">
          <float_array id="ericrolph_cannon_car_wash_lowvram_cannonshape_ReinforceRing2_mesh-mesh-map-0-array" count="408">1 1 0.9444444 0.5 1 0.5 0.9444444 1 0.8888888 0.5 0.9444444 0.5 0.8888888 1 0.8333333 0.5 0.8888888 0.5 0.8333333 1 0.7777777 0.5 0.8333333 0.5 0.7777777 1 0.7222221 0.5 0.7777777 0.5 0.7222221 1 0.6666665 0.5 0.7222221 0.5 0.6666665 1 0.6111109 0.5 0.6666665 0.5 0.6111109 1 0.5555554 0.5 0.6111109 0.5 0.5555554 1 0.4999998 0.5 0.5555554 0.5 0.4999998 1 0.4444442 0.5 0.4999998 0.5 0.4444442 1 0.3888887 0.5 0.4444442 0.5 0.3888887 1 0.3333331 0.5 0.3888887 0.5 0.3333331 1 0.2777776 0.5 0.3333331 0.5 0.2777776 1 0.222222 0.5 0.2777776 0.5 0.222222 1 0.1666665 0.5 0.222222 0.5 0.1666665 1 0.1111109 0.5 0.1666665 0.5 0.09573096 0.4338507 0.04215389 0.1299999 0.3320848 0.02447372 0.1111109 1 0.05555534 0.5 0.1111109 0.5 0.05555534 1 -1.86265e-7 0.5 0.05555534 0.5 0.6679152 0.4755262 0.9578461 0.37 0.595731 0.06614935 1 1 0.9444444 1 0.9444444 0.5 0.9444444 1 0.8888888 1 0.8888888 0.5 0.8888888 1 0.8333333 1 0.8333333 0.5 0.8333333 1 0.7777777 1 0.7777777 0.5 0.7777777 1 0.7222221 1 0.7222221 0.5 0.7222221 1 0.6666665 1 0.6666665 0.5 0.6666665 1 0.6111109 1 0.6111109 0.5 0.6111109 1 0.5555554 1 0.5555554 0.5 0.5555554 1 0.4999998 1 0.4999998 0.5 0.4999998 1 0.4444442 1 0.4444442 0.5 0.4444442 1 0.3888887 1 0.3888887 0.5 0.3888887 1 0.3333331 1 0.3333331 0.5 0.3333331 1 0.2777776 1 0.2777776 0.5 0.2777776 1 0.222222 1 0.222222 0.5 0.222222 1 0.1666665 1 0.1666665 0.5 0.1666665 1 0.1111109 1 0.1111109 0.5 0.404269 0.4338507 0.3320848 0.4755262 0.25 0.49 0.25 0.49 0.1679151 0.4755262 0.09573096 0.4338507 0.09573096 0.4338507 0.04215389 0.37 0.04215389 0.1299999 0.04215389 0.37 0.01364612 0.2916756 0.04215389 0.1299999 0.01364612 0.2916756 0.01364612 0.2083244 0.04215389 0.1299999 0.04215389 0.1299999 0.09573096 0.06614935 0.1679151 0.02447372 0.1679151 0.02447372 0.25 0.00999999 0.04215389 0.1299999 0.25 0.00999999 0.3320848 0.02447372 0.04215389 0.1299999 0.3320848 0.02447372 0.404269 0.06614935 0.4578461 0.1299999 0.4578461 0.1299999 0.4863539 0.2083244 0.4863539 0.2916756 0.4863539 0.2916756 0.4578461 0.37 0.09573096 0.4338507 0.4578461 0.37 0.404269 0.4338507 0.09573096 0.4338507 0.404269 0.4338507 0.25 0.49 0.09573096 0.4338507 0.3320848 0.02447372 0.4578461 0.1299999 0.09573096 0.4338507 0.4578461 0.1299999 0.4863539 0.2916756 0.09573096 0.4338507 0.1111109 1 0.05555534 1 0.05555534 0.5 0.05555534 1 -1.86265e-7 1 -1.86265e-7 0.5 0.6679152 0.4755262 0.75 0.49 0.9578461 0.37 0.75 0.49 0.8320848 0.4755262 0.9578461 0.37 0.8320848 0.4755262 0.904269 0.4338507 0.9578461 0.37 0.9578461 0.37 0.9863539 0.2916756 0.9863539 0.2083244 0.9863539 0.2083244 0.9578461 0.1299999 0.904269 0.06614935 0.904269 0.06614935 0.8320848 0.02447372 0.75 0.00999999 0.75 0.00999999 0.6679152 0.02447372 0.595731 0.06614935 0.595731 0.06614935 0.5421539 0.1299999 0.5421539 0.37 0.5421539 0.1299999 0.5136461 0.2083244 0.5421539 0.37 0.5136461 0.2083244 0.5136461 0.2916756 0.5421539 0.37 0.5421539 0.37 0.595731 0.4338507 0.6679152 0.4755262 0.9578461 0.37 0.9863539 0.2083244 0.904269 0.06614935 0.904269 0.06614935 0.75 0.00999999 0.9578461 0.37 0.75 0.00999999 0.595731 0.06614935 0.9578461 0.37 0.5421539 0.37 0.6679152 0.4755262 0.595731 0.06614935</float_array>
          <technique_common>
            <accessor source="#ericrolph_cannon_car_wash_lowvram_cannonshape_ReinforceRing2_mesh-mesh-map-0-array" count="204" stride="2">
              <param name="S" type="float"/>
              <param name="T" type="float"/>
            </accessor>
          </technique_common>
        </source>
        <vertices id="ericrolph_cannon_car_wash_lowvram_cannonshape_ReinforceRing2_mesh-mesh-vertices">
          <input semantic="POSITION" source="#ericrolph_cannon_car_wash_lowvram_cannonshape_ReinforceRing2_mesh-mesh-positions"/>
        </vertices>
        <triangles material="ericrolph_cannon_car_wash_lowvram_attract_cannon-material" count="68">
          <input semantic="VERTEX" source="#ericrolph_cannon_car_wash_lowvram_cannonshape_ReinforceRing2_mesh-mesh-vertices" offset="0"/>
          <input semantic="NORMAL" source="#ericrolph_cannon_car_wash_lowvram_cannonshape_ReinforceRing2_mesh-mesh-normals" offset="1"/>
          <input semantic="TEXCOORD" source="#ericrolph_cannon_car_wash_lowvram_cannonshape_ReinforceRing2_mesh-mesh-map-0" offset="2" set="0"/>
          <p>1 0 0 2 0 1 0 0 2 3 1 3 4 1 4 2 1 5 5 2 6 6 2 7 4 2 8 7 3 9 8 3 10 6 3 11 9 4 12 10 4 13 8 4 14 11 5 15 12 5 16 10 5 17 13 6 18 14 6 19 12 6 20 15 7 21 16 7 22 14 7 23 17 8 24 18 8 25 16 8 26 19 9 27 20 9 28 18 9 29 21 10 30 22 10 31 20 10 32 23 11 33 24 11 34 22 11 35 25 12 36 26 12 37 24 12 38 27 13 39 28 13 40 26 13 41 29 14 42 30 14 43 28 14 44 31 15 45 32 15 46 30 15 47 33 16 48 25 16 49 17 16 50 33 17 51 34 17 52 32 17 53 35 18 54 0 18 55 34 18 56 34 19 57 6 19 58 22 19 59 1 20 60 3 20 61 2 20 62 3 21 63 5 21 64 4 21 65 5 22 66 7 22 67 6 22 68 7 23 69 9 23 70 8 23 71 9 24 72 11 24 73 10 24 74 11 25 75 13 25 76 12 25 77 13 26 78 15 26 79 14 26 80 15 27 81 17 27 82 16 27 83 17 28 84 19 28 85 18 28 86 19 29 87 21 29 88 20 29 89 21 30 90 23 30 91 22 30 92 23 31 93 25 31 94 24 31 95 25 32 96 27 32 97 26 32 98 27 33 99 29 33 100 28 33 101 29 34 102 31 34 103 30 34 104 31 35 105 33 35 106 32 35 107 5 36 108 3 36 109 1 36 110 1 37 111 35 37 112 33 37 113 33 38 114 31 38 115 25 38 116 31 39 117 29 39 118 25 39 119 29 40 120 27 40 121 25 40 122 25 41 123 23 41 124 21 41 125 21 42 126 19 42 127 25 42 128 19 43 129 17 43 130 25 43 131 17 44 132 15 44 133 13 44 134 13 45 135 11 45 136 9 45 137 9 46 138 7 46 139 33 46 140 7 47 141 5 47 142 33 47 143 5 48 144 1 48 145 33 48 146 17 49 147 13 49 148 33 49 149 13 50 150 9 50 151 33 50 152 33 51 153 35 51 154 34 51 155 35 52 156 1 52 157 0 52 158 34 53 159 0 53 160 6 53 161 0 54 162 2 54 163 6 54 164 2 55 165 4 55 166 6 55 167 6 56 168 8 56 169 10 56 170 10 57 171 12 57 172 14 57 173 14 58 174 16 58 175 18 58 176 18 59 177 20 59 178 22 59 179 22 60 180 24 60 181 30 60 182 24 61 183 26 61 184 30 61 185 26 62 186 28 62 187 30 62 188 30 63 189 32 63 190 34 63 191 6 64 192 10 64 193 14 64 194 14 65 195 18 65 196 6 65 197 18 66 198 22 66 199 6 66 200 30 67 201 34 67 202 22 67 203</p>
        </triangles>
      </mesh>
    </geometry>
    <geometry id="ericrolph_cannon_car_wash_lowvram_cannonshape_Rimbase_L_mesh-mesh" name="ericrolph_cannon_car_wash_lowvram_cannonshape_Rimbase_L_mesh">
      <mesh>
        <source id="ericrolph_cannon_car_wash_lowvram_cannonshape_Rimbase_L_mesh-mesh-positions">
          <float_array id="ericrolph_cannon_car_wash_lowvram_cannonshape_Rimbase_L_mesh-mesh-positions-array" count="84">0 0.04499995 -0.01499998 0 0.04499995 0.01499998 0.01952475 0.04054355 -0.01499998 0.01952475 0.04054355 0.01499998 0.03518241 0.02805703 -0.01499998 0.03518241 0.02805703 0.01499998 0.04387176 0.0100134 -0.01499998 0.04387176 0.0100134 0.01499998 0.04387176 -0.0100134 -0.01499998 0.04387176 -0.0100134 0.01499998 0.03518241 -0.02805703 -0.01499998 0.03518241 -0.02805703 0.01499998 0.01952475 -0.04054355 -0.01499998 0.01952475 -0.04054355 0.01499998 0 -0.04499995 -0.01499998 0 -0.04499995 0.01499998 -0.01952475 -0.04054355 -0.01499998 -0.01952475 -0.04054355 0.01499998 -0.03518241 -0.02805703 -0.01499998 -0.03518241 -0.02805703 0.01499998 -0.04387176 -0.0100134 -0.01499998 -0.04387176 -0.0100134 0.01499998 -0.04387176 0.0100134 -0.01499998 -0.04387176 0.0100134 0.01499998 -0.03518241 0.02805703 -0.01499998 -0.03518241 0.02805703 0.01499998 -0.01952475 0.04054355 -0.01499998 -0.01952475 0.04054355 0.01499998</float_array>
          <technique_common>
            <accessor source="#ericrolph_cannon_car_wash_lowvram_cannonshape_Rimbase_L_mesh-mesh-positions-array" count="28" stride="3">
              <param name="X" type="float"/>
              <param name="Y" type="float"/>
              <param name="Z" type="float"/>
            </accessor>
          </technique_common>
        </source>
        <source id="ericrolph_cannon_car_wash_lowvram_cannonshape_Rimbase_L_mesh-mesh-normals">
          <float_array id="ericrolph_cannon_car_wash_lowvram_cannonshape_Rimbase_L_mesh-mesh-normals-array" count="156">0.2225208 0.9749279 0 0.6234898 0.7818315 0 0.9009688 0.4338837 0 1 0 0 0.9009688 -0.4338837 0 0.6234898 -0.7818315 0 0.2225208 -0.9749279 0 -0.2225208 -0.9749279 0 -0.6234898 -0.7818315 0 -0.9009688 -0.4338837 0 -1 0 0 -0.9009688 0.4338837 0 0 0 1 -0.6234898 0.7818315 0 -0.2225208 0.9749279 0 0 0 -1 0.2225208 0.9749279 0 0.6234898 0.7818315 0 0.9009688 0.4338837 0 1 0 0 0.9009688 -0.4338837 0 0.6234898 -0.7818315 0 0.2225208 -0.9749279 0 -0.2225208 -0.9749279 0 -0.6234898 -0.7818315 0 -0.9009688 -0.4338837 0 -1 0 0 -0.9009688 0.4338837 0 0 0 1 0 0 1 0 0 1 0 0 1 0 0 1 0 0 1 0 0 1 0 0 1 0 0 1 0 0 1 0 0 1 -0.6234898 0.7818315 0 -0.2225208 0.9749279 0 0 0 -1 0 0 -1 0 0 -1 0 0 -1 0 0 -1 0 0 -1 0 0 -1 0 0 -1 0 0 -1 0 0 -1 0 0 -1</float_array>
          <technique_common>
            <accessor source="#ericrolph_cannon_car_wash_lowvram_cannonshape_Rimbase_L_mesh-mesh-normals-array" count="52" stride="3">
              <param name="X" type="float"/>
              <param name="Y" type="float"/>
              <param name="Z" type="float"/>
            </accessor>
          </technique_common>
        </source>
        <source id="ericrolph_cannon_car_wash_lowvram_cannonshape_Rimbase_L_mesh-mesh-map-0">
          <float_array id="ericrolph_cannon_car_wash_lowvram_cannonshape_Rimbase_L_mesh-mesh-map-0-array" count="312">1 1 0.9285714 0.5 1 0.5 0.9285714 1 0.8571428 0.5 0.9285714 0.5 0.8571428 1 0.7857142 0.5 0.8571428 0.5 0.7857142 1 0.7142856 0.5 0.7857142 0.5 0.7142856 1 0.642857 0.5 0.7142856 0.5 0.642857 1 0.5714284 0.5 0.642857 0.5 0.5714284 1 0.4999998 0.5 0.5714284 0.5 0.4999998 1 0.4285713 0.5 0.4999998 0.5 0.4285713 1 0.3571427 0.5 0.4285713 0.5 0.3571427 1 0.2857142 0.5 0.3571427 0.5 0.2857142 1 0.2142856 0.5 0.2857142 0.5 0.2142856 1 0.142857 0.5 0.2142856 0.5 0.0623604 0.3996376 0.1458679 0.03376746 0.4839827 0.196595 0.142857 1 0.07142841 0.5 0.142857 0.5 0.07142841 1 -1.3411e-7 0.5 0.07142841 0.5 0.9839827 0.303405 0.75 0.00999999 0.5160173 0.303405 1 1 0.9285714 1 0.9285714 0.5 0.9285714 1 0.8571428 1 0.8571428 0.5 0.8571428 1 0.7857142 1 0.7857142 0.5 0.7857142 1 0.7142856 1 0.7142856 0.5 0.7142856 1 0.642857 1 0.642857 0.5 0.642857 1 0.5714284 1 0.5714284 0.5 0.5714284 1 0.4999998 1 0.4999998 0.5 0.4999998 1 0.4285713 1 0.4285713 0.5 0.4285713 1 0.3571427 1 0.3571427 0.5 0.3571427 1 0.2857142 1 0.2857142 0.5 0.2857142 1 0.2142856 1 0.2142856 0.5 0.2142856 1 0.142857 1 0.142857 0.5 0.4376395 0.3996376 0.3541321 0.4662325 0.25 0.49 0.25 0.49 0.1458679 0.4662325 0.0623604 0.3996376 0.0623604 0.3996376 0.01601731 0.303405 0.01601731 0.196595 0.01601731 0.196595 0.0623604 0.1003624 0.1458679 0.03376746 0.1458679 0.03376746 0.25 0.00999999 0.3541321 0.03376746 0.3541321 0.03376746 0.4376395 0.1003624 0.4839827 0.196595 0.4839827 0.196595 0.4839827 0.303405 0.4376395 0.3996376 0.4376395 0.3996376 0.25 0.49 0.0623604 0.3996376 0.0623604 0.3996376 0.01601731 0.196595 0.1458679 0.03376746 0.1458679 0.03376746 0.3541321 0.03376746 0.4839827 0.196595 0.4839827 0.196595 0.4376395 0.3996376 0.0623604 0.3996376 0.142857 1 0.07142841 1 0.07142841 0.5 0.07142841 1 -1.3411e-7 1 -1.3411e-7 0.5 0.6458679 0.4662325 0.75 0.49 0.8541321 0.4662325 0.8541321 0.4662325 0.9376395 0.3996376 0.9839827 0.303405 0.9839827 0.303405 0.9839827 0.196595 0.9376395 0.1003624 0.9376395 0.1003624 0.8541321 0.03376746 0.75 0.00999999 0.75 0.00999999 0.6458679 0.03376746 0.5623605 0.1003624 0.5623605 0.1003624 0.5160173 0.196595 0.5160173 0.303405 0.5160173 0.303405 0.5623605 0.3996376 0.6458679 0.4662325 0.6458679 0.4662325 0.8541321 0.4662325 0.9839827 0.303405 0.9839827 0.303405 0.9376395 0.1003624 0.75 0.00999999 0.75 0.00999999 0.5623605 0.1003624 0.5160173 0.303405 0.5160173 0.303405 0.6458679 0.4662325 0.9839827 0.303405</float_array>
          <technique_common>
            <accessor source="#ericrolph_cannon_car_wash_lowvram_cannonshape_Rimbase_L_mesh-mesh-map-0-array" count="156" stride="2">
              <param name="S" type="float"/>
              <param name="T" type="float"/>
            </accessor>
          </technique_common>
        </source>
        <vertices id="ericrolph_cannon_car_wash_lowvram_cannonshape_Rimbase_L_mesh-mesh-vertices">
          <input semantic="POSITION" source="#ericrolph_cannon_car_wash_lowvram_cannonshape_Rimbase_L_mesh-mesh-positions"/>
        </vertices>
        <triangles material="ericrolph_cannon_car_wash_lowvram_attract_cannon-material" count="52">
          <input semantic="VERTEX" source="#ericrolph_cannon_car_wash_lowvram_cannonshape_Rimbase_L_mesh-mesh-vertices" offset="0"/>
          <input semantic="NORMAL" source="#ericrolph_cannon_car_wash_lowvram_cannonshape_Rimbase_L_mesh-mesh-normals" offset="1"/>
          <input semantic="TEXCOORD" source="#ericrolph_cannon_car_wash_lowvram_cannonshape_Rimbase_L_mesh-mesh-map-0" offset="2" set="0"/>
          <p>1 0 0 2 0 1 0 0 2 3 1 3 4 1 4 2 1 5 5 2 6 6 2 7 4 2 8 7 3 9 8 3 10 6 3 11 9 4 12 10 4 13 8 4 14 11 5 15 12 5 16 10 5 17 13 6 18 14 6 19 12 6 20 15 7 21 16 7 22 14 7 23 17 8 24 18 8 25 16 8 26 19 9 27 20 9 28 18 9 29 21 10 30 22 10 31 20 10 32 23 11 33 24 11 34 22 11 35 25 12 36 17 12 37 9 12 38 25 13 39 26 13 40 24 13 41 27 14 42 0 14 43 26 14 44 6 15 45 14 15 46 22 15 47 1 16 48 3 16 49 2 16 50 3 17 51 5 17 52 4 17 53 5 18 54 7 18 55 6 18 56 7 19 57 9 19 58 8 19 59 9 20 60 11 20 61 10 20 62 11 21 63 13 21 64 12 21 65 13 22 66 15 22 67 14 22 68 15 23 69 17 23 70 16 23 71 17 24 72 19 24 73 18 24 74 19 25 75 21 25 76 20 25 77 21 26 78 23 26 79 22 26 80 23 27 81 25 27 82 24 27 83 5 28 84 3 28 85 1 28 86 1 29 87 27 29 88 25 29 89 25 30 90 23 30 91 21 30 92 21 31 93 19 31 94 17 31 95 17 32 96 15 32 97 13 32 98 13 33 99 11 33 100 9 33 101 9 34 102 7 34 103 5 34 104 5 35 105 1 35 106 25 35 107 25 36 108 21 36 109 17 36 110 17 37 111 13 37 112 9 37 113 9 38 114 5 38 115 25 38 116 25 39 117 27 39 118 26 39 119 27 40 120 1 40 121 0 40 122 26 41 123 0 41 124 2 41 125 2 42 126 4 42 127 6 42 128 6 43 129 8 43 130 10 43 131 10 44 132 12 44 133 14 44 134 14 45 135 16 45 136 18 45 137 18 46 138 20 46 139 22 46 140 22 47 141 24 47 142 26 47 143 26 48 144 2 48 145 6 48 146 6 49 147 10 49 148 14 49 149 14 50 150 18 50 151 22 50 152 22 51 153 26 51 154 6 51 155</p>
        </triangles>
      </mesh>
    </geometry>
    <geometry id="ericrolph_cannon_car_wash_lowvram_cannonshape_Rimbase_R_mesh-mesh" name="ericrolph_cannon_car_wash_lowvram_cannonshape_Rimbase_R_mesh">
      <mesh>
        <source id="ericrolph_cannon_car_wash_lowvram_cannonshape_Rimbase_R_mesh-mesh-positions">
          <float_array id="ericrolph_cannon_car_wash_lowvram_cannonshape_Rimbase_R_mesh-mesh-positions-array" count="84">0 0.04499995 -0.01499998 0 0.04499995 0.01499998 0.01952475 0.04054355 -0.01499998 0.01952475 0.04054355 0.01499998 0.03518241 0.02805703 -0.01499998 0.03518241 0.02805703 0.01499998 0.04387176 0.0100134 -0.01499998 0.04387176 0.0100134 0.01499998 0.04387176 -0.0100134 -0.01499998 0.04387176 -0.0100134 0.01499998 0.03518241 -0.02805703 -0.01499998 0.03518241 -0.02805703 0.01499998 0.01952475 -0.04054355 -0.01499998 0.01952475 -0.04054355 0.01499998 0 -0.04499995 -0.01499998 0 -0.04499995 0.01499998 -0.01952475 -0.04054355 -0.01499998 -0.01952475 -0.04054355 0.01499998 -0.03518241 -0.02805703 -0.01499998 -0.03518241 -0.02805703 0.01499998 -0.04387176 -0.0100134 -0.01499998 -0.04387176 -0.0100134 0.01499998 -0.04387176 0.0100134 -0.01499998 -0.04387176 0.0100134 0.01499998 -0.03518241 0.02805703 -0.01499998 -0.03518241 0.02805703 0.01499998 -0.01952475 0.04054355 -0.01499998 -0.01952475 0.04054355 0.01499998</float_array>
          <technique_common>
            <accessor source="#ericrolph_cannon_car_wash_lowvram_cannonshape_Rimbase_R_mesh-mesh-positions-array" count="28" stride="3">
              <param name="X" type="float"/>
              <param name="Y" type="float"/>
              <param name="Z" type="float"/>
            </accessor>
          </technique_common>
        </source>
        <source id="ericrolph_cannon_car_wash_lowvram_cannonshape_Rimbase_R_mesh-mesh-normals">
          <float_array id="ericrolph_cannon_car_wash_lowvram_cannonshape_Rimbase_R_mesh-mesh-normals-array" count="156">0.2225208 0.9749279 0 0.6234898 0.7818315 0 0.9009688 0.4338837 0 1 0 0 0.9009688 -0.4338837 0 0.6234898 -0.7818315 0 0.2225208 -0.9749279 0 -0.2225208 -0.9749279 0 -0.6234898 -0.7818315 0 -0.9009688 -0.4338837 0 -1 0 0 -0.9009688 0.4338837 0 0 0 1 -0.6234898 0.7818315 0 -0.2225208 0.9749279 0 0 0 -1 0.2225208 0.9749279 0 0.6234898 0.7818315 0 0.9009688 0.4338837 0 1 0 0 0.9009688 -0.4338837 0 0.6234898 -0.7818315 0 0.2225208 -0.9749279 0 -0.2225208 -0.9749279 0 -0.6234898 -0.7818315 0 -0.9009688 -0.4338837 0 -1 0 0 -0.9009688 0.4338837 0 0 0 1 0 0 1 0 0 1 0 0 1 0 0 1 0 0 1 0 0 1 0 0 1 0 0 1 0 0 1 0 0 1 -0.6234898 0.7818315 0 -0.2225208 0.9749279 0 0 0 -1 0 0 -1 0 0 -1 0 0 -1 0 0 -1 0 0 -1 0 0 -1 0 0 -1 0 0 -1 0 0 -1 0 0 -1</float_array>
          <technique_common>
            <accessor source="#ericrolph_cannon_car_wash_lowvram_cannonshape_Rimbase_R_mesh-mesh-normals-array" count="52" stride="3">
              <param name="X" type="float"/>
              <param name="Y" type="float"/>
              <param name="Z" type="float"/>
            </accessor>
          </technique_common>
        </source>
        <source id="ericrolph_cannon_car_wash_lowvram_cannonshape_Rimbase_R_mesh-mesh-map-0">
          <float_array id="ericrolph_cannon_car_wash_lowvram_cannonshape_Rimbase_R_mesh-mesh-map-0-array" count="312">1 1 0.9285714 0.5 1 0.5 0.9285714 1 0.8571428 0.5 0.9285714 0.5 0.8571428 1 0.7857142 0.5 0.8571428 0.5 0.7857142 1 0.7142856 0.5 0.7857142 0.5 0.7142856 1 0.642857 0.5 0.7142856 0.5 0.642857 1 0.5714284 0.5 0.642857 0.5 0.5714284 1 0.4999998 0.5 0.5714284 0.5 0.4999998 1 0.4285713 0.5 0.4999998 0.5 0.4285713 1 0.3571427 0.5 0.4285713 0.5 0.3571427 1 0.2857142 0.5 0.3571427 0.5 0.2857142 1 0.2142856 0.5 0.2857142 0.5 0.2142856 1 0.142857 0.5 0.2142856 0.5 0.0623604 0.3996376 0.1458679 0.03376746 0.4839827 0.196595 0.142857 1 0.07142841 0.5 0.142857 0.5 0.07142841 1 -1.3411e-7 0.5 0.07142841 0.5 0.9839827 0.303405 0.75 0.00999999 0.5160173 0.303405 1 1 0.9285714 1 0.9285714 0.5 0.9285714 1 0.8571428 1 0.8571428 0.5 0.8571428 1 0.7857142 1 0.7857142 0.5 0.7857142 1 0.7142856 1 0.7142856 0.5 0.7142856 1 0.642857 1 0.642857 0.5 0.642857 1 0.5714284 1 0.5714284 0.5 0.5714284 1 0.4999998 1 0.4999998 0.5 0.4999998 1 0.4285713 1 0.4285713 0.5 0.4285713 1 0.3571427 1 0.3571427 0.5 0.3571427 1 0.2857142 1 0.2857142 0.5 0.2857142 1 0.2142856 1 0.2142856 0.5 0.2142856 1 0.142857 1 0.142857 0.5 0.4376395 0.3996376 0.3541321 0.4662325 0.25 0.49 0.25 0.49 0.1458679 0.4662325 0.0623604 0.3996376 0.0623604 0.3996376 0.01601731 0.303405 0.01601731 0.196595 0.01601731 0.196595 0.0623604 0.1003624 0.1458679 0.03376746 0.1458679 0.03376746 0.25 0.00999999 0.3541321 0.03376746 0.3541321 0.03376746 0.4376395 0.1003624 0.4839827 0.196595 0.4839827 0.196595 0.4839827 0.303405 0.4376395 0.3996376 0.4376395 0.3996376 0.25 0.49 0.0623604 0.3996376 0.0623604 0.3996376 0.01601731 0.196595 0.1458679 0.03376746 0.1458679 0.03376746 0.3541321 0.03376746 0.4839827 0.196595 0.4839827 0.196595 0.4376395 0.3996376 0.0623604 0.3996376 0.142857 1 0.07142841 1 0.07142841 0.5 0.07142841 1 -1.3411e-7 1 -1.3411e-7 0.5 0.6458679 0.4662325 0.75 0.49 0.8541321 0.4662325 0.8541321 0.4662325 0.9376395 0.3996376 0.9839827 0.303405 0.9839827 0.303405 0.9839827 0.196595 0.9376395 0.1003624 0.9376395 0.1003624 0.8541321 0.03376746 0.75 0.00999999 0.75 0.00999999 0.6458679 0.03376746 0.5623605 0.1003624 0.5623605 0.1003624 0.5160173 0.196595 0.5160173 0.303405 0.5160173 0.303405 0.5623605 0.3996376 0.6458679 0.4662325 0.6458679 0.4662325 0.8541321 0.4662325 0.9839827 0.303405 0.9839827 0.303405 0.9376395 0.1003624 0.75 0.00999999 0.75 0.00999999 0.5623605 0.1003624 0.5160173 0.303405 0.5160173 0.303405 0.6458679 0.4662325 0.9839827 0.303405</float_array>
          <technique_common>
            <accessor source="#ericrolph_cannon_car_wash_lowvram_cannonshape_Rimbase_R_mesh-mesh-map-0-array" count="156" stride="2">
              <param name="S" type="float"/>
              <param name="T" type="float"/>
            </accessor>
          </technique_common>
        </source>
        <vertices id="ericrolph_cannon_car_wash_lowvram_cannonshape_Rimbase_R_mesh-mesh-vertices">
          <input semantic="POSITION" source="#ericrolph_cannon_car_wash_lowvram_cannonshape_Rimbase_R_mesh-mesh-positions"/>
        </vertices>
        <triangles material="ericrolph_cannon_car_wash_lowvram_attract_cannon-material" count="52">
          <input semantic="VERTEX" source="#ericrolph_cannon_car_wash_lowvram_cannonshape_Rimbase_R_mesh-mesh-vertices" offset="0"/>
          <input semantic="NORMAL" source="#ericrolph_cannon_car_wash_lowvram_cannonshape_Rimbase_R_mesh-mesh-normals" offset="1"/>
          <input semantic="TEXCOORD" source="#ericrolph_cannon_car_wash_lowvram_cannonshape_Rimbase_R_mesh-mesh-map-0" offset="2" set="0"/>
          <p>1 0 0 2 0 1 0 0 2 3 1 3 4 1 4 2 1 5 5 2 6 6 2 7 4 2 8 7 3 9 8 3 10 6 3 11 9 4 12 10 4 13 8 4 14 11 5 15 12 5 16 10 5 17 13 6 18 14 6 19 12 6 20 15 7 21 16 7 22 14 7 23 17 8 24 18 8 25 16 8 26 19 9 27 20 9 28 18 9 29 21 10 30 22 10 31 20 10 32 23 11 33 24 11 34 22 11 35 25 12 36 17 12 37 9 12 38 25 13 39 26 13 40 24 13 41 27 14 42 0 14 43 26 14 44 6 15 45 14 15 46 22 15 47 1 16 48 3 16 49 2 16 50 3 17 51 5 17 52 4 17 53 5 18 54 7 18 55 6 18 56 7 19 57 9 19 58 8 19 59 9 20 60 11 20 61 10 20 62 11 21 63 13 21 64 12 21 65 13 22 66 15 22 67 14 22 68 15 23 69 17 23 70 16 23 71 17 24 72 19 24 73 18 24 74 19 25 75 21 25 76 20 25 77 21 26 78 23 26 79 22 26 80 23 27 81 25 27 82 24 27 83 5 28 84 3 28 85 1 28 86 1 29 87 27 29 88 25 29 89 25 30 90 23 30 91 21 30 92 21 31 93 19 31 94 17 31 95 17 32 96 15 32 97 13 32 98 13 33 99 11 33 100 9 33 101 9 34 102 7 34 103 5 34 104 5 35 105 1 35 106 25 35 107 25 36 108 21 36 109 17 36 110 17 37 111 13 37 112 9 37 113 9 38 114 5 38 115 25 38 116 25 39 117 27 39 118 26 39 119 27 40 120 1 40 121 0 40 122 26 41 123 0 41 124 2 41 125 2 42 126 4 42 127 6 42 128 6 43 129 8 43 130 10 43 131 10 44 132 12 44 133 14 44 134 14 45 135 16 45 136 18 45 137 18 46 138 20 46 139 22 46 140 22 47 141 24 47 142 26 47 143 26 48 144 2 48 145 6 48 146 6 49 147 10 49 148 14 49 149 14 50 150 18 50 151 22 50 152 22 51 153 26 51 154 6 51 155</p>
        </triangles>
      </mesh>
    </geometry>
    <geometry id="ericrolph_cannon_car_wash_lowvram_cannonshape_Trunnion_L_mesh-mesh" name="ericrolph_cannon_car_wash_lowvram_cannonshape_Trunnion_L_mesh">
      <mesh>
        <source id="ericrolph_cannon_car_wash_lowvram_cannonshape_Trunnion_L_mesh-mesh-positions">
          <float_array id="ericrolph_cannon_car_wash_lowvram_cannonshape_Trunnion_L_mesh-mesh-positions-array" count="84">0 0.032 -0.04999995 0 0.032 0.04999995 0.01388424 0.028831 -0.04999995 0.01388424 0.028831 0.04999995 0.02501857 0.01995164 -0.04999995 0.02501857 0.01995164 0.04999995 0.03119766 0.007120668 -0.04999995 0.03119766 0.007120668 0.04999995 0.03119766 -0.007120668 -0.04999995 0.03119766 -0.007120668 0.04999995 0.02501857 -0.01995164 -0.04999995 0.02501857 -0.01995164 0.04999995 0.01388424 -0.028831 -0.04999995 0.01388424 -0.028831 0.04999995 0 -0.032 -0.04999995 0 -0.032 0.04999995 -0.01388424 -0.028831 -0.04999995 -0.01388424 -0.028831 0.04999995 -0.02501857 -0.01995164 -0.04999995 -0.02501857 -0.01995164 0.04999995 -0.03119766 -0.007120668 -0.04999995 -0.03119766 -0.007120668 0.04999995 -0.03119766 0.007120668 -0.04999995 -0.03119766 0.007120668 0.04999995 -0.02501857 0.01995164 -0.04999995 -0.02501857 0.01995164 0.04999995 -0.01388424 0.028831 -0.04999995 -0.01388424 0.028831 0.04999995</float_array>
          <technique_common>
            <accessor source="#ericrolph_cannon_car_wash_lowvram_cannonshape_Trunnion_L_mesh-mesh-positions-array" count="28" stride="3">
              <param name="X" type="float"/>
              <param name="Y" type="float"/>
              <param name="Z" type="float"/>
            </accessor>
          </technique_common>
        </source>
        <source id="ericrolph_cannon_car_wash_lowvram_cannonshape_Trunnion_L_mesh-mesh-normals">
          <float_array id="ericrolph_cannon_car_wash_lowvram_cannonshape_Trunnion_L_mesh-mesh-normals-array" count="156">0.2225209 0.9749279 0 0.6234897 0.7818316 0 0.9009689 0.4338837 0 1 0 0 0.9009689 -0.4338837 0 0.6234897 -0.7818316 0 0.2225209 -0.9749279 0 -0.2225209 -0.9749279 0 -0.6234897 -0.7818316 0 -0.9009689 -0.4338837 0 -1 0 0 -0.9009689 0.4338837 0 0 0 1 -0.6234897 0.7818316 0 -0.2225209 0.9749279 0 0 0 -1 0.2225209 0.9749279 0 0.6234897 0.7818316 0 0.9009689 0.4338837 0 1 0 0 0.9009689 -0.4338837 0 0.6234897 -0.7818316 0 0.2225209 -0.9749279 0 -0.2225209 -0.9749279 0 -0.6234897 -0.7818316 0 -0.9009689 -0.4338837 0 -1 0 0 -0.9009689 0.4338837 0 0 0 1 0 0 1 0 0 1 0 0 1 0 0 1 0 0 1 0 0 1 0 0 1 0 0 1 0 0 1 0 0 1 -0.6234897 0.7818316 0 -0.2225209 0.9749279 0 0 0 -1 0 0 -1 0 0 -1 0 0 -1 0 0 -1 0 0 -1 0 0 -1 0 0 -1 0 0 -1 0 0 -1 0 0 -1</float_array>
          <technique_common>
            <accessor source="#ericrolph_cannon_car_wash_lowvram_cannonshape_Trunnion_L_mesh-mesh-normals-array" count="52" stride="3">
              <param name="X" type="float"/>
              <param name="Y" type="float"/>
              <param name="Z" type="float"/>
            </accessor>
          </technique_common>
        </source>
        <source id="ericrolph_cannon_car_wash_lowvram_cannonshape_Trunnion_L_mesh-mesh-map-0">
          <float_array id="ericrolph_cannon_car_wash_lowvram_cannonshape_Trunnion_L_mesh-mesh-map-0-array" count="312">1 1 0.9285714 0.5 1 0.5 0.9285714 1 0.8571428 0.5 0.9285714 0.5 0.8571428 1 0.7857142 0.5 0.8571428 0.5 0.7857142 1 0.7142856 0.5 0.7857142 0.5 0.7142856 1 0.642857 0.5 0.7142856 0.5 0.642857 1 0.5714284 0.5 0.642857 0.5 0.5714284 1 0.4999998 0.5 0.5714284 0.5 0.4999998 1 0.4285713 0.5 0.4999998 0.5 0.4285713 1 0.3571427 0.5 0.4285713 0.5 0.3571427 1 0.2857142 0.5 0.3571427 0.5 0.2857142 1 0.2142856 0.5 0.2857142 0.5 0.2142856 1 0.142857 0.5 0.2142856 0.5 0.1458679 0.03376746 0.3541321 0.03376746 0.4839827 0.196595 0.142857 1 0.07142841 0.5 0.142857 0.5 0.07142841 1 -1.3411e-7 0.5 0.07142841 0.5 0.5160173 0.303405 0.6458679 0.4662325 0.9839827 0.303405 1 1 0.9285714 1 0.9285714 0.5 0.9285714 1 0.8571428 1 0.8571428 0.5 0.8571428 1 0.7857142 1 0.7857142 0.5 0.7857142 1 0.7142856 1 0.7142856 0.5 0.7142856 1 0.642857 1 0.642857 0.5 0.642857 1 0.5714284 1 0.5714284 0.5 0.5714284 1 0.4999998 1 0.4999998 0.5 0.4999998 1 0.4285713 1 0.4285713 0.5 0.4285713 1 0.3571427 1 0.3571427 0.5 0.3571427 1 0.2857142 1 0.2857142 0.5 0.2857142 1 0.2142856 1 0.2142856 0.5 0.2142856 1 0.142857 1 0.142857 0.5 0.4376395 0.3996376 0.3541321 0.4662325 0.25 0.49 0.25 0.49 0.1458679 0.4662325 0.0623604 0.3996376 0.0623604 0.3996376 0.01601725 0.303405 0.01601725 0.196595 0.01601725 0.196595 0.0623604 0.1003624 0.1458679 0.03376746 0.1458679 0.03376746 0.25 0.00999999 0.3541321 0.03376746 0.3541321 0.03376746 0.4376395 0.1003624 0.4839827 0.196595 0.4839827 0.196595 0.4839827 0.303405 0.4376395 0.3996376 0.4376395 0.3996376 0.25 0.49 0.4839827 0.196595 0.25 0.49 0.0623604 0.3996376 0.4839827 0.196595 0.0623604 0.3996376 0.01601725 0.196595 0.4839827 0.196595 0.01601725 0.196595 0.1458679 0.03376746 0.4839827 0.196595 0.142857 1 0.07142841 1 0.07142841 0.5 0.07142841 1 -1.3411e-7 1 -1.3411e-7 0.5 0.6458679 0.4662325 0.75 0.49 0.8541321 0.4662325 0.8541321 0.4662325 0.9376395 0.3996376 0.9839827 0.303405 0.9839827 0.303405 0.9839827 0.196595 0.9376395 0.1003624 0.9376395 0.1003624 0.8541321 0.03376746 0.75 0.00999999 0.75 0.00999999 0.6458679 0.03376746 0.5623605 0.1003624 0.5623605 0.1003624 0.5160173 0.196595 0.5160173 0.303405 0.5160173 0.303405 0.5623605 0.3996376 0.6458679 0.4662325 0.6458679 0.4662325 0.8541321 0.4662325 0.9839827 0.303405 0.9839827 0.303405 0.9376395 0.1003624 0.75 0.00999999 0.75 0.00999999 0.5623605 0.1003624 0.9839827 0.303405 0.5623605 0.1003624 0.5160173 0.303405 0.9839827 0.303405</float_array>
          <technique_common>
            <accessor source="#ericrolph_cannon_car_wash_lowvram_cannonshape_Trunnion_L_mesh-mesh-map-0-array" count="156" stride="2">
              <param name="S" type="float"/>
              <param name="T" type="float"/>
            </accessor>
          </technique_common>
        </source>
        <vertices id="ericrolph_cannon_car_wash_lowvram_cannonshape_Trunnion_L_mesh-mesh-vertices">
          <input semantic="POSITION" source="#ericrolph_cannon_car_wash_lowvram_cannonshape_Trunnion_L_mesh-mesh-positions"/>
        </vertices>
        <triangles material="ericrolph_cannon_car_wash_lowvram_attract_cannon-material" count="52">
          <input semantic="VERTEX" source="#ericrolph_cannon_car_wash_lowvram_cannonshape_Trunnion_L_mesh-mesh-vertices" offset="0"/>
          <input semantic="NORMAL" source="#ericrolph_cannon_car_wash_lowvram_cannonshape_Trunnion_L_mesh-mesh-normals" offset="1"/>
          <input semantic="TEXCOORD" source="#ericrolph_cannon_car_wash_lowvram_cannonshape_Trunnion_L_mesh-mesh-map-0" offset="2" set="0"/>
          <p>1 0 0 2 0 1 0 0 2 3 1 3 4 1 4 2 1 5 5 2 6 6 2 7 4 2 8 7 3 9 8 3 10 6 3 11 9 4 12 10 4 13 8 4 14 11 5 15 12 5 16 10 5 17 13 6 18 14 6 19 12 6 20 15 7 21 16 7 22 14 7 23 17 8 24 18 8 25 16 8 26 19 9 27 20 9 28 18 9 29 21 10 30 22 10 31 20 10 32 23 11 33 24 11 34 22 11 35 17 12 36 13 12 37 9 12 38 25 13 39 26 13 40 24 13 41 27 14 42 0 14 43 26 14 44 22 15 45 26 15 46 6 15 47 1 16 48 3 16 49 2 16 50 3 17 51 5 17 52 4 17 53 5 18 54 7 18 55 6 18 56 7 19 57 9 19 58 8 19 59 9 20 60 11 20 61 10 20 62 11 21 63 13 21 64 12 21 65 13 22 66 15 22 67 14 22 68 15 23 69 17 23 70 16 23 71 17 24 72 19 24 73 18 24 74 19 25 75 21 25 76 20 25 77 21 26 78 23 26 79 22 26 80 23 27 81 25 27 82 24 27 83 5 28 84 3 28 85 1 28 86 1 29 87 27 29 88 25 29 89 25 30 90 23 30 91 21 30 92 21 31 93 19 31 94 17 31 95 17 32 96 15 32 97 13 32 98 13 33 99 11 33 100 9 33 101 9 34 102 7 34 103 5 34 104 5 35 105 1 35 106 9 35 107 1 36 108 25 36 109 9 36 110 25 37 111 21 37 112 9 37 113 21 38 114 17 38 115 9 38 116 25 39 117 27 39 118 26 39 119 27 40 120 1 40 121 0 40 122 26 41 123 0 41 124 2 41 125 2 42 126 4 42 127 6 42 128 6 43 129 8 43 130 10 43 131 10 44 132 12 44 133 14 44 134 14 45 135 16 45 136 18 45 137 18 46 138 20 46 139 22 46 140 22 47 141 24 47 142 26 47 143 26 48 144 2 48 145 6 48 146 6 49 147 10 49 148 14 49 149 14 50 150 18 50 151 6 50 152 18 51 153 22 51 154 6 51 155</p>
        </triangles>
      </mesh>
    </geometry>
    <geometry id="ericrolph_cannon_car_wash_lowvram_cannonshape_Trunnion_R_mesh-mesh" name="ericrolph_cannon_car_wash_lowvram_cannonshape_Trunnion_R_mesh">
      <mesh>
        <source id="ericrolph_cannon_car_wash_lowvram_cannonshape_Trunnion_R_mesh-mesh-positions">
          <float_array id="ericrolph_cannon_car_wash_lowvram_cannonshape_Trunnion_R_mesh-mesh-positions-array" count="84">0 0.032 -0.04999995 0 0.032 0.04999995 0.01388424 0.028831 -0.04999995 0.01388424 0.028831 0.04999995 0.02501857 0.01995164 -0.04999995 0.02501857 0.01995164 0.04999995 0.03119766 0.007120668 -0.04999995 0.03119766 0.007120668 0.04999995 0.03119766 -0.007120668 -0.04999995 0.03119766 -0.007120668 0.04999995 0.02501857 -0.01995164 -0.04999995 0.02501857 -0.01995164 0.04999995 0.01388424 -0.028831 -0.04999995 0.01388424 -0.028831 0.04999995 0 -0.032 -0.04999995 0 -0.032 0.04999995 -0.01388424 -0.028831 -0.04999995 -0.01388424 -0.028831 0.04999995 -0.02501857 -0.01995164 -0.04999995 -0.02501857 -0.01995164 0.04999995 -0.03119766 -0.007120668 -0.04999995 -0.03119766 -0.007120668 0.04999995 -0.03119766 0.007120668 -0.04999995 -0.03119766 0.007120668 0.04999995 -0.02501857 0.01995164 -0.04999995 -0.02501857 0.01995164 0.04999995 -0.01388424 0.028831 -0.04999995 -0.01388424 0.028831 0.04999995</float_array>
          <technique_common>
            <accessor source="#ericrolph_cannon_car_wash_lowvram_cannonshape_Trunnion_R_mesh-mesh-positions-array" count="28" stride="3">
              <param name="X" type="float"/>
              <param name="Y" type="float"/>
              <param name="Z" type="float"/>
            </accessor>
          </technique_common>
        </source>
        <source id="ericrolph_cannon_car_wash_lowvram_cannonshape_Trunnion_R_mesh-mesh-normals">
          <float_array id="ericrolph_cannon_car_wash_lowvram_cannonshape_Trunnion_R_mesh-mesh-normals-array" count="156">0.2225209 0.9749279 0 0.6234897 0.7818316 0 0.9009689 0.4338837 0 1 0 0 0.9009689 -0.4338837 0 0.6234897 -0.7818316 0 0.2225209 -0.9749279 0 -0.2225209 -0.9749279 0 -0.6234897 -0.7818316 0 -0.9009689 -0.4338837 0 -1 0 0 -0.9009689 0.4338837 0 0 0 1 -0.6234897 0.7818316 0 -0.2225209 0.9749279 0 0 0 -1 0.2225209 0.9749279 0 0.6234897 0.7818316 0 0.9009689 0.4338837 0 1 0 0 0.9009689 -0.4338837 0 0.6234897 -0.7818316 0 0.2225209 -0.9749279 0 -0.2225209 -0.9749279 0 -0.6234897 -0.7818316 0 -0.9009689 -0.4338837 0 -1 0 0 -0.9009689 0.4338837 0 0 0 1 0 0 1 0 0 1 0 0 1 0 0 1 0 0 1 0 0 1 0 0 1 0 0 1 0 0 1 0 0 1 -0.6234897 0.7818316 0 -0.2225209 0.9749279 0 0 0 -1 0 0 -1 0 0 -1 0 0 -1 0 0 -1 0 0 -1 0 0 -1 0 0 -1 0 0 -1 0 0 -1 0 0 -1</float_array>
          <technique_common>
            <accessor source="#ericrolph_cannon_car_wash_lowvram_cannonshape_Trunnion_R_mesh-mesh-normals-array" count="52" stride="3">
              <param name="X" type="float"/>
              <param name="Y" type="float"/>
              <param name="Z" type="float"/>
            </accessor>
          </technique_common>
        </source>
        <source id="ericrolph_cannon_car_wash_lowvram_cannonshape_Trunnion_R_mesh-mesh-map-0">
          <float_array id="ericrolph_cannon_car_wash_lowvram_cannonshape_Trunnion_R_mesh-mesh-map-0-array" count="312">1 1 0.9285714 0.5 1 0.5 0.9285714 1 0.8571428 0.5 0.9285714 0.5 0.8571428 1 0.7857142 0.5 0.8571428 0.5 0.7857142 1 0.7142856 0.5 0.7857142 0.5 0.7142856 1 0.642857 0.5 0.7142856 0.5 0.642857 1 0.5714284 0.5 0.642857 0.5 0.5714284 1 0.4999998 0.5 0.5714284 0.5 0.4999998 1 0.4285713 0.5 0.4999998 0.5 0.4285713 1 0.3571427 0.5 0.4285713 0.5 0.3571427 1 0.2857142 0.5 0.3571427 0.5 0.2857142 1 0.2142856 0.5 0.2857142 0.5 0.2142856 1 0.142857 0.5 0.2142856 0.5 0.1458679 0.03376746 0.3541321 0.03376746 0.4839827 0.196595 0.142857 1 0.07142841 0.5 0.142857 0.5 0.07142841 1 -1.3411e-7 0.5 0.07142841 0.5 0.5160173 0.303405 0.6458679 0.4662325 0.9839827 0.303405 1 1 0.9285714 1 0.9285714 0.5 0.9285714 1 0.8571428 1 0.8571428 0.5 0.8571428 1 0.7857142 1 0.7857142 0.5 0.7857142 1 0.7142856 1 0.7142856 0.5 0.7142856 1 0.642857 1 0.642857 0.5 0.642857 1 0.5714284 1 0.5714284 0.5 0.5714284 1 0.4999998 1 0.4999998 0.5 0.4999998 1 0.4285713 1 0.4285713 0.5 0.4285713 1 0.3571427 1 0.3571427 0.5 0.3571427 1 0.2857142 1 0.2857142 0.5 0.2857142 1 0.2142856 1 0.2142856 0.5 0.2142856 1 0.142857 1 0.142857 0.5 0.4376395 0.3996376 0.3541321 0.4662325 0.25 0.49 0.25 0.49 0.1458679 0.4662325 0.0623604 0.3996376 0.0623604 0.3996376 0.01601725 0.303405 0.01601725 0.196595 0.01601725 0.196595 0.0623604 0.1003624 0.1458679 0.03376746 0.1458679 0.03376746 0.25 0.00999999 0.3541321 0.03376746 0.3541321 0.03376746 0.4376395 0.1003624 0.4839827 0.196595 0.4839827 0.196595 0.4839827 0.303405 0.4376395 0.3996376 0.4376395 0.3996376 0.25 0.49 0.4839827 0.196595 0.25 0.49 0.0623604 0.3996376 0.4839827 0.196595 0.0623604 0.3996376 0.01601725 0.196595 0.4839827 0.196595 0.01601725 0.196595 0.1458679 0.03376746 0.4839827 0.196595 0.142857 1 0.07142841 1 0.07142841 0.5 0.07142841 1 -1.3411e-7 1 -1.3411e-7 0.5 0.6458679 0.4662325 0.75 0.49 0.8541321 0.4662325 0.8541321 0.4662325 0.9376395 0.3996376 0.9839827 0.303405 0.9839827 0.303405 0.9839827 0.196595 0.9376395 0.1003624 0.9376395 0.1003624 0.8541321 0.03376746 0.75 0.00999999 0.75 0.00999999 0.6458679 0.03376746 0.5623605 0.1003624 0.5623605 0.1003624 0.5160173 0.196595 0.5160173 0.303405 0.5160173 0.303405 0.5623605 0.3996376 0.6458679 0.4662325 0.6458679 0.4662325 0.8541321 0.4662325 0.9839827 0.303405 0.9839827 0.303405 0.9376395 0.1003624 0.75 0.00999999 0.75 0.00999999 0.5623605 0.1003624 0.9839827 0.303405 0.5623605 0.1003624 0.5160173 0.303405 0.9839827 0.303405</float_array>
          <technique_common>
            <accessor source="#ericrolph_cannon_car_wash_lowvram_cannonshape_Trunnion_R_mesh-mesh-map-0-array" count="156" stride="2">
              <param name="S" type="float"/>
              <param name="T" type="float"/>
            </accessor>
          </technique_common>
        </source>
        <vertices id="ericrolph_cannon_car_wash_lowvram_cannonshape_Trunnion_R_mesh-mesh-vertices">
          <input semantic="POSITION" source="#ericrolph_cannon_car_wash_lowvram_cannonshape_Trunnion_R_mesh-mesh-positions"/>
        </vertices>
        <triangles material="ericrolph_cannon_car_wash_lowvram_attract_cannon-material" count="52">
          <input semantic="VERTEX" source="#ericrolph_cannon_car_wash_lowvram_cannonshape_Trunnion_R_mesh-mesh-vertices" offset="0"/>
          <input semantic="NORMAL" source="#ericrolph_cannon_car_wash_lowvram_cannonshape_Trunnion_R_mesh-mesh-normals" offset="1"/>
          <input semantic="TEXCOORD" source="#ericrolph_cannon_car_wash_lowvram_cannonshape_Trunnion_R_mesh-mesh-map-0" offset="2" set="0"/>
          <p>1 0 0 2 0 1 0 0 2 3 1 3 4 1 4 2 1 5 5 2 6 6 2 7 4 2 8 7 3 9 8 3 10 6 3 11 9 4 12 10 4 13 8 4 14 11 5 15 12 5 16 10 5 17 13 6 18 14 6 19 12 6 20 15 7 21 16 7 22 14 7 23 17 8 24 18 8 25 16 8 26 19 9 27 20 9 28 18 9 29 21 10 30 22 10 31 20 10 32 23 11 33 24 11 34 22 11 35 17 12 36 13 12 37 9 12 38 25 13 39 26 13 40 24 13 41 27 14 42 0 14 43 26 14 44 22 15 45 26 15 46 6 15 47 1 16 48 3 16 49 2 16 50 3 17 51 5 17 52 4 17 53 5 18 54 7 18 55 6 18 56 7 19 57 9 19 58 8 19 59 9 20 60 11 20 61 10 20 62 11 21 63 13 21 64 12 21 65 13 22 66 15 22 67 14 22 68 15 23 69 17 23 70 16 23 71 17 24 72 19 24 73 18 24 74 19 25 75 21 25 76 20 25 77 21 26 78 23 26 79 22 26 80 23 27 81 25 27 82 24 27 83 5 28 84 3 28 85 1 28 86 1 29 87 27 29 88 25 29 89 25 30 90 23 30 91 21 30 92 21 31 93 19 31 94 17 31 95 17 32 96 15 32 97 13 32 98 13 33 99 11 33 100 9 33 101 9 34 102 7 34 103 5 34 104 5 35 105 1 35 106 9 35 107 1 36 108 25 36 109 9 36 110 25 37 111 21 37 112 9 37 113 21 38 114 17 38 115 9 38 116 25 39 117 27 39 118 26 39 119 27 40 120 1 40 121 0 40 122 26 41 123 0 41 124 2 41 125 2 42 126 4 42 127 6 42 128 6 43 129 8 43 130 10 43 131 10 44 132 12 44 133 14 44 134 14 45 135 16 45 136 18 45 137 18 46 138 20 46 139 22 46 140 22 47 141 24 47 142 26 47 143 26 48 144 2 48 145 6 48 146 6 49 147 10 49 148 14 49 149 14 50 150 18 50 151 6 50 152 18 51 153 22 51 154 6 51 155</p>
        </triangles>
      </mesh>
    </geometry>
    <geometry id="ericrolph_cannon_car_wash_lowvram_cannonshape_VentField_mesh-mesh" name="ericrolph_cannon_car_wash_lowvram_cannonshape_VentField_mesh">
      <mesh>
        <source id="ericrolph_cannon_car_wash_lowvram_cannonshape_VentField_mesh-mesh-positions">
          <float_array id="ericrolph_cannon_car_wash_lowvram_cannonshape_VentField_mesh-mesh-positions-array" count="168">-0.01899999 -0.008999943 -0.04499995 -0.01899999 -0.01499998 -0.03899997 -0.02499997 -0.008999943 -0.03899997 -0.01899999 -0.0132426 -0.04324263 -0.02246409 -0.0124641 -0.04246407 -0.02324259 -0.0132426 -0.03899997 -0.02324259 -0.008999943 -0.04324263 -0.01899999 -0.01499998 0.03899997 -0.01899999 -0.008999943 0.04499995 -0.02499997 -0.008999943 0.03899997 -0.01899999 -0.0132426 0.04324263 -0.02246409 -0.0124641 0.04246407 -0.02324259 -0.008999943 0.04324263 -0.02324259 -0.0132426 0.03899997 -0.01899999 0.008999943 -0.04499995 -0.02499997 0.008999943 -0.03899997 -0.01899999 0.01499998 -0.03899997 -0.02324259 0.008999943 -0.04324263 -0.02246409 0.0124641 -0.04246407 -0.02324259 0.0132426 -0.03899997 -0.01899999 0.0132426 -0.04324263 -0.01899999 0.008999943 0.04499995 -0.01899999 0.01499998 0.03899997 -0.02499997 0.008999943 0.03899997 -0.01899999 0.0132426 0.04324263 -0.02246409 0.0124641 0.04246407 -0.02324259 0.0132426 0.03899997 -0.02324259 0.008999943 0.04324263 0.01899999 -0.008999943 -0.04499995 0.02499997 -0.008999943 -0.03899997 0.01899999 -0.01499998 -0.03899997 0.02324259 -0.008999943 -0.04324263 0.02246409 -0.0124641 -0.04246407 0.02324259 -0.0132426 -0.03899997 0.01899999 -0.0132426 -0.04324263 0.01899999 -0.008999943 0.04499995 0.01899999 -0.01499998 0.03899997 0.02499997 -0.008999943 0.03899997 0.01899999 -0.0132426 0.04324263 0.02246409 -0.0124641 0.04246407 0.02324259 -0.0132426 0.03899997 0.02324259 -0.008999943 0.04324263 0.01899999 0.008999943 -0.04499995 0.01899999 0.01499998 -0.03899997 0.02499997 0.008999943 -0.03899997 0.01899999 0.0132426 -0.04324263 0.02246409 0.0124641 -0.04246407 0.02324259 0.0132426 -0.03899997 0.02324259 0.008999943 -0.04324263 0.01899999 0.008999943 0.04499995 0.02499997 0.008999943 0.03899997 0.01899999 0.01499998 0.03899997 0.02324259 0.008999943 0.04324263 0.02246409 0.0124641 0.04246407 0.02324259 0.0132426 0.03899997 0.01899999 0.0132426 0.04324263</float_array>
          <technique_common>
            <accessor source="#ericrolph_cannon_car_wash_lowvram_cannonshape_VentField_mesh-mesh-positions-array" count="56" stride="3">
              <param name="X" type="float"/>
              <param name="Y" type="float"/>
              <param name="Z" type="float"/>
            </accessor>
          </technique_common>
        </source>
        <source id="ericrolph_cannon_car_wash_lowvram_cannonshape_VentField_mesh-mesh-normals">
          <float_array id="ericrolph_cannon_car_wash_lowvram_cannonshape_VentField_mesh-mesh-normals-array" count="324">-0.3671793 -0.2817478 -0.8864521 -0.2817476 -0.8864521 -0.3671798 -0.886452 -0.3671801 -0.2817474 -0.3671802 -0.886452 0.2817474 -0.2817478 -0.3671793 0.8864521 -0.8864521 -0.2817475 0.3671798 -0.2817478 0.3671793 -0.8864521 -0.8864521 0.2817475 -0.3671798 -0.3671802 0.886452 -0.2817474 -0.3671793 0.2817478 0.8864521 -0.2817476 0.8864521 0.3671798 -0.886452 0.3671801 0.2817474 0.2817478 -0.3671793 -0.8864521 0.8864521 -0.2817475 -0.3671798 0.3671802 -0.886452 -0.2817474 0.3671793 -0.2817478 0.8864521 0.2817476 -0.8864521 0.3671798 0.886452 -0.3671801 0.2817474 0.3671793 0.2817478 -0.8864521 0.2817476 0.8864521 -0.3671798 0.886452 0.3671801 -0.2817474 0.2817478 0.3671793 0.8864521 0.8864521 0.2817475 0.3671798 0.3671802 0.886452 0.2817474 -0.3826824 0 -0.9238799 -0.9238798 0 -0.3826829 -0.3826835 -0.9238795 0 -0.9238796 -0.3826833 0 -0.3826824 0 0.9238799 -0.9238798 0 0.3826829 -0.3826835 0.9238795 0 -0.9238796 0.3826833 0 0 0.3826823 -0.92388 0 0.9238798 -0.3826829 0 0.3826823 0.92388 0 0.9238798 0.3826829 0.9238796 0.3826834 0 0.3826835 0.9238796 0 0.3826824 0 -0.9238799 0.9238798 0 -0.3826829 0.3826824 0 0.9238799 0.9238798 0 0.3826829 0.3826835 -0.9238795 0 0.9238796 -0.3826833 0 0 -0.3826823 -0.92388 0 -0.9238798 -0.3826829 0 -0.3826823 0.92388 0 -0.9238798 0.3826829 0 0 -1 -1 0 0 0 -1 0 0 0 1 0 1 0 1 0 0 -0.2817478 -0.3671793 -0.8864523 -0.3671802 -0.886452 -0.2817474 -0.8864521 -0.2817475 -0.3671799 -0.2817476 -0.8864521 0.3671798 -0.3671793 -0.2817478 0.8864522 -0.886452 -0.3671802 0.2817474 -0.3671793 0.2817478 -0.8864522 -0.886452 0.3671802 -0.2817474 -0.2817476 0.8864521 -0.3671798 -0.2817478 0.3671793 0.8864523 -0.3671802 0.886452 0.2817474 -0.8864521 0.2817475 0.3671799 0.3671793 -0.2817478 -0.8864522 0.886452 -0.3671802 -0.2817474 0.2817476 -0.8864521 -0.3671798 0.2817478 -0.3671793 0.8864523 0.3671802 -0.886452 0.2817474 0.8864521 -0.2817475 0.3671799 0.2817478 0.3671793 -0.8864523 0.3671802 0.886452 -0.2817474 0.8864521 0.2817475 -0.3671799 0.3671793 0.2817478 0.8864522 0.886452 0.3671802 0.2817474 0.2817476 0.8864521 0.3671798 -0.3826824 0 -0.9238799 -0.9238798 0 -0.3826829 -0.3826835 -0.9238795 0 -0.9238796 -0.3826834 0 -0.3826824 0 0.9238799 -0.9238798 0 0.3826829 -0.3826835 0.9238795 0 -0.9238796 0.3826834 0 0 0.3826823 -0.92388 0 0.9238798 -0.3826829 0 0.3826823 0.92388 0 0.9238798 0.3826829 0.9238796 0.3826833 0 0.3826835 0.9238795 0 0.3826824 0 -0.9238799 0.9238798 0 -0.3826829 0.3826824 0 0.9238799 0.9238798 0 0.3826829 0.3826835 -0.9238795 0 0.9238796 -0.3826834 0 0 -0.3826823 -0.92388 0 -0.9238798 -0.3826829 0 -0.3826823 0.92388 0 -0.9238798 0.3826829 0 0 -1 -1 0 0 0 -1 0 0 0 1 0 1 0 1 0 0</float_array>
          <technique_common>
            <accessor source="#ericrolph_cannon_car_wash_lowvram_cannonshape_VentField_mesh-mesh-normals-array" count="108" stride="3">
              <param name="X" type="float"/>
              <param name="Y" type="float"/>
              <param name="Z" type="float"/>
            </accessor>
          </technique_common>
        </source>
        <source id="ericrolph_cannon_car_wash_lowvram_cannonshape_VentField_mesh-mesh-map-0">
          <float_array id="ericrolph_cannon_car_wash_lowvram_cannonshape_VentField_mesh-mesh-map-0-array" count="648">0.1549999 0.6999999 0.1376795 0.75 0.125 0.6999999 0.3916667 0.9700001 0.3820441 1 0.375 0.97 0.3916667 0.04999995 0.375 0.02113246 0.3916667 0 0.6083334 0.97 0.625 0.9873206 0.6083334 1 0.8450001 0.7000001 0.875 0.7288675 0.845 0.75 0.6083334 0.04999995 0.6179559 0 0.625 0.04999995 0.155 0.55 0.125 0.5211325 0.155 0.5 0.3916666 0.1999999 0.378522 0.2563397 0.375 0.2 0.3916667 0.28 0.378522 0.2563397 0.3916666 0.25 0.8450001 0.55 0.8623205 0.5 0.875 0.55 0.6083333 0.28 0.621478 0.2394337 0.625 0.28 0.6083334 0.2 0.621478 0.2394337 0.6083334 0.25 0.345 0.7 0.3773481 0.7471824 0.36 0.765 0.3916666 0.6999999 0.3773481 0.7471824 0.375 0.7000001 0.3916667 0.78 0.3773481 0.7471824 0.3916666 0.75 0.6549999 0.6999999 0.6268785 0.7429559 0.625 0.6999999 0.6083334 0.78 0.6268785 0.7429559 0.6400001 0.7649999 0.6083334 0.6999999 0.6268785 0.7429559 0.6083334 0.75 0.345 0.55 0.3731215 0.5070441 0.375 0.55 0.3916667 0.47 0.3731215 0.5070441 0.36 0.485 0.3916667 0.55 0.3731215 0.5070441 0.3916667 0.5 0.655 0.55 0.622652 0.5028176 0.6399999 0.4849999 0.6083334 0.5499999 0.622652 0.5028176 0.625 0.55 0.6083334 0.47 0.622652 0.5028176 0.6083333 0.5 0.1549999 0.6999999 0.125 0.55 0.155 0.55 0.375 0.04999995 0.3916666 0.1999999 0.375 0.2 0.6083334 0.97 0.3916666 1 0.3916667 0.9700001 0.6083334 0 0.3916667 0.04999995 0.3916667 0 0.8450001 0.55 0.875 0.7000001 0.8450001 0.7000001 0.6250001 0.2 0.6083334 0.04999995 0.625 0.04999995 0.3916667 0.28 0.6083334 0.25 0.6083333 0.28 0.3916666 0.25 0.6083334 0.2 0.6083334 0.25 0.155 0.55 0.36 0.485 0.345 0.55 0.375 0.28 0.3916667 0.47 0.36 0.485 0.655 0.55 0.845 0.5 0.8450001 0.55 0.6399999 0.4849999 0.6083333 0.28 0.625 0.28 0.3916667 0.55 0.6083333 0.5 0.6083334 0.5499999 0.3916667 0.5 0.6083334 0.47 0.6083333 0.5 0.345 0.55 0.375 0.7000001 0.345 0.7 0.375 0.55 0.3916666 0.6999999 0.375 0.7000001 0.6549999 0.6999999 0.625 0.55 0.655 0.55 0.625 0.6999999 0.6083334 0.5499999 0.625 0.55 0.3916667 0.78 0.6083334 0.75 0.6083334 0.78 0.3916666 0.75 0.6083334 0.6999999 0.6083334 0.75 0.345 0.7 0.155 0.75 0.1549999 0.6999999 0.36 0.765 0.3916667 0.9700001 0.375 0.97 0.8450001 0.7000001 0.6400001 0.7649999 0.6549999 0.6999999 0.625 0.97 0.6083334 0.78 0.6400001 0.7649999 0.345 0.55 0.1549999 0.6999999 0.155 0.55 0.6083334 0.04999995 0.3916666 0.1999999 0.3916667 0.04999995 0.6083334 0.78 0.3916667 0.9700001 0.3916667 0.78 0.8450001 0.55 0.6549999 0.6999999 0.655 0.55 0.6083333 0.28 0.3916667 0.47 0.3916667 0.28 0.6083334 0.5499999 0.3916666 0.6999999 0.3916667 0.55 0.1549999 0.6999999 0.155 0.75 0.1376795 0.75 0.3916667 0.9700001 0.3916666 1 0.3820441 1 0.3916667 0.04999995 0.375 0.04999995 0.375 0.02113246 0.6083334 0.97 0.625 0.97 0.625 0.9873206 0.8450001 0.7000001 0.875 0.7000001 0.875 0.7288675 0.6083334 0.04999995 0.6083334 0 0.6179559 0 0.155 0.55 0.125 0.55 0.125 0.5211325 0.3916666 0.1999999 0.3916666 0.25 0.378522 0.2563397 0.3916667 0.28 0.375 0.28 0.378522 0.2563397 0.8450001 0.55 0.845 0.5 0.8623205 0.5 0.6083333 0.28 0.6083334 0.25 0.621478 0.2394337 0.6083334 0.2 0.6250001 0.2 0.621478 0.2394337 0.345 0.7 0.375 0.7000001 0.3773481 0.7471824 0.3916666 0.6999999 0.3916666 0.75 0.3773481 0.7471824 0.3916667 0.78 0.36 0.765 0.3773481 0.7471824 0.6549999 0.6999999 0.6400001 0.7649999 0.6268785 0.7429559 0.6083334 0.78 0.6083334 0.75 0.6268785 0.7429559 0.6083334 0.6999999 0.625 0.6999999 0.6268785 0.7429559 0.345 0.55 0.36 0.485 0.3731215 0.5070441 0.3916667 0.47 0.3916667 0.5 0.3731215 0.5070441 0.3916667 0.55 0.375 0.55 0.3731215 0.5070441 0.655 0.55 0.625 0.55 0.622652 0.5028176 0.6083334 0.5499999 0.6083333 0.5 0.622652 0.5028176 0.6083334 0.47 0.6399999 0.4849999 0.622652 0.5028176 0.1549999 0.6999999 0.125 0.6999999 0.125 0.55 0.375 0.04999995 0.3916667 0.04999995 0.3916666 0.1999999 0.6083334 0.97 0.6083334 1 0.3916666 1 0.6083334 0 0.6083334 0.04999995 0.3916667 0.04999995 0.8450001 0.55 0.875 0.55 0.875 0.7000001 0.6250001 0.2 0.6083334 0.2 0.6083334 0.04999995 0.3916667 0.28 0.3916666 0.25 0.6083334 0.25 0.3916666 0.25 0.3916666 0.1999999 0.6083334 0.2 0.155 0.55 0.155 0.5 0.36 0.485 0.375 0.28 0.3916667 0.28 0.3916667 0.47 0.655 0.55 0.6399999 0.4849999 0.845 0.5 0.6399999 0.4849999 0.6083334 0.47 0.6083333 0.28 0.3916667 0.55 0.3916667 0.5 0.6083333 0.5 0.3916667 0.5 0.3916667 0.47 0.6083334 0.47 0.345 0.55 0.375 0.55 0.375 0.7000001 0.375 0.55 0.3916667 0.55 0.3916666 0.6999999 0.6549999 0.6999999 0.625 0.6999999 0.625 0.55 0.625 0.6999999 0.6083334 0.6999999 0.6083334 0.5499999 0.3916667 0.78 0.3916666 0.75 0.6083334 0.75 0.3916666 0.75 0.3916666 0.6999999 0.6083334 0.6999999 0.345 0.7 0.36 0.765 0.155 0.75 0.36 0.765 0.3916667 0.78 0.3916667 0.9700001 0.8450001 0.7000001 0.845 0.75 0.6400001 0.7649999 0.625 0.97 0.6083334 0.97 0.6083334 0.78 0.345 0.55 0.345 0.7 0.1549999 0.6999999 0.6083334 0.04999995 0.6083334 0.2 0.3916666 0.1999999 0.6083334 0.78 0.6083334 0.97 0.3916667 0.9700001 0.8450001 0.55 0.8450001 0.7000001 0.6549999 0.6999999 0.6083333 0.28 0.6083334 0.47 0.3916667 0.47 0.6083334 0.5499999 0.6083334 0.6999999 0.3916666 0.6999999</float_array>
          <technique_common>
            <accessor source="#ericrolph_cannon_car_wash_lowvram_cannonshape_VentField_mesh-mesh-map-0-array" count="324" stride="2">
              <param name="S" type="float"/>
              <param name="T" type="float"/>
            </accessor>
          </technique_common>
        </source>
        <vertices id="ericrolph_cannon_car_wash_lowvram_cannonshape_VentField_mesh-mesh-vertices">
          <input semantic="POSITION" source="#ericrolph_cannon_car_wash_lowvram_cannonshape_VentField_mesh-mesh-positions"/>
        </vertices>
        <triangles material="ericrolph_cannon_car_wash_lowvram_attract_cannon-material" count="108">
          <input semantic="VERTEX" source="#ericrolph_cannon_car_wash_lowvram_cannonshape_VentField_mesh-mesh-vertices" offset="0"/>
          <input semantic="NORMAL" source="#ericrolph_cannon_car_wash_lowvram_cannonshape_VentField_mesh-mesh-normals" offset="1"/>
          <input semantic="TEXCOORD" source="#ericrolph_cannon_car_wash_lowvram_cannonshape_VentField_mesh-mesh-map-0" offset="2" set="0"/>
          <p>0 0 0 4 0 1 6 0 2 1 1 3 4 1 4 3 1 5 2 2 6 4 2 7 5 2 8 7 3 9 11 3 10 13 3 11 8 4 12 11 4 13 10 4 14 9 5 15 11 5 16 12 5 17 14 6 18 18 6 19 20 6 20 15 7 21 18 7 22 17 7 23 16 8 24 18 8 25 19 8 26 21 9 27 25 9 28 27 9 29 22 10 30 25 10 31 24 10 32 23 11 33 25 11 34 26 11 35 28 12 36 32 12 37 34 12 38 29 13 39 32 13 40 31 13 41 30 14 42 32 14 43 33 14 44 35 15 45 39 15 46 41 15 47 36 16 48 39 16 49 38 16 50 37 17 51 39 17 52 40 17 53 42 18 54 46 18 55 48 18 56 43 19 57 46 19 58 45 19 59 44 20 60 46 20 61 47 20 62 49 21 63 53 21 64 55 21 65 50 22 66 53 22 67 52 22 68 51 23 69 53 23 70 54 23 71 0 24 72 17 24 73 14 24 74 6 25 75 15 25 76 17 25 77 7 26 78 5 26 79 1 26 80 13 27 81 2 27 82 5 27 83 21 28 84 12 28 85 8 28 86 27 29 87 9 29 88 12 29 89 16 30 90 26 30 91 22 30 92 19 31 93 23 31 94 26 31 95 14 32 96 45 32 97 42 32 98 20 33 99 43 33 100 45 33 101 49 34 102 24 34 103 21 34 104 55 35 105 22 35 106 24 35 107 44 36 108 54 36 109 50 36 110 47 37 111 51 37 112 54 37 113 42 38 114 31 38 115 28 38 116 48 39 117 29 39 118 31 39 119 35 40 120 52 40 121 49 40 122 41 41 123 50 41 124 52 41 125 30 42 126 40 42 127 36 42 128 33 43 129 37 43 130 40 43 131 28 44 132 3 44 133 0 44 134 34 45 135 1 45 136 3 45 137 8 46 138 38 46 139 35 46 140 10 47 141 36 47 142 38 47 143 42 48 144 0 48 145 14 48 146 9 49 147 15 49 148 2 49 149 36 50 150 1 50 151 30 50 152 21 51 153 35 51 154 49 51 155 22 52 156 43 52 157 16 52 158 50 53 159 29 53 160 44 53 161 0 54 162 3 54 163 4 54 164 1 55 165 5 55 166 4 55 167 2 56 168 6 56 169 4 56 170 7 57 171 10 57 172 11 57 173 8 58 174 12 58 175 11 58 176 9 59 177 13 59 178 11 59 179 14 60 180 17 60 181 18 60 182 15 61 183 19 61 184 18 61 185 16 62 186 20 62 187 18 62 188 21 63 189 24 63 190 25 63 191 22 64 192 26 64 193 25 64 194 23 65 195 27 65 196 25 65 197 28 66 198 31 66 199 32 66 200 29 67 201 33 67 202 32 67 203 30 68 204 34 68 205 32 68 206 35 69 207 38 69 208 39 69 209 36 70 210 40 70 211 39 70 212 37 71 213 41 71 214 39 71 215 42 72 216 45 72 217 46 72 218 43 73 219 47 73 220 46 73 221 44 74 222 48 74 223 46 74 224 49 75 225 52 75 226 53 75 227 50 76 228 54 76 229 53 76 230 51 77 231 55 77 232 53 77 233 0 78 234 6 78 235 17 78 236 6 79 237 2 79 238 15 79 239 7 80 240 13 80 241 5 80 242 13 81 243 9 81 244 2 81 245 21 82 246 27 82 247 12 82 248 27 83 249 23 83 250 9 83 251 16 84 252 19 84 253 26 84 254 19 85 255 15 85 256 23 85 257 14 86 258 20 86 259 45 86 260 20 87 261 16 87 262 43 87 263 49 88 264 55 88 265 24 88 266 55 89 267 51 89 268 22 89 269 44 90 270 47 90 271 54 90 272 47 91 273 43 91 274 51 91 275 42 92 276 48 92 277 31 92 278 48 93 279 44 93 280 29 93 281 35 94 282 41 94 283 52 94 284 41 95 285 37 95 286 50 95 287 30 96 288 33 96 289 40 96 290 33 97 291 29 97 292 37 97 293 28 98 294 34 98 295 3 98 296 34 99 297 30 99 298 1 99 299 8 100 300 10 100 301 38 100 302 10 101 303 7 101 304 36 101 305 42 102 306 28 102 307 0 102 308 9 103 309 23 103 310 15 103 311 36 104 312 7 104 313 1 104 314 21 105 315 8 105 316 35 105 317 22 106 318 51 106 319 43 106 320 50 107 321 37 107 322 29 107 323</p>
        </triangles>
      </mesh>
    </geometry>
  </library_geometries>
  <library_visual_scenes>
    <visual_scene id="ericrolph_cannon_car_wash_lowvram_scene" name="ericrolph_cannon_car_wash_lowvram_scene">
      <node id="ericrolph_cannon_car_wash_lowvram_cannonshape_BaseRing" name="ericrolph_cannon_car_wash_lowvram_cannonshape_BaseRing" type="NODE">
        <matrix sid="transform">1 0 0 0 0 1 0 0 0 0 1 -0.235 0 0 0 1</matrix>
        <instance_geometry url="#ericrolph_cannon_car_wash_lowvram_cannonshape_BaseRing_mesh-mesh" name="ericrolph_cannon_car_wash_lowvram_cannonshape_BaseRing">
          <bind_material>
            <technique_common>
              <instance_material symbol="ericrolph_cannon_car_wash_lowvram_attract_cannon-material" target="#ericrolph_cannon_car_wash_lowvram_attract_cannon-material">
                <bind_vertex_input semantic="UVMap" input_semantic="TEXCOORD" input_set="0"/>
              </instance_material>
            </technique_common>
          </bind_material>
        </instance_geometry>
      </node>
      <node id="ericrolph_cannon_car_wash_lowvram_cannonshape_Bore" name="ericrolph_cannon_car_wash_lowvram_cannonshape_Bore" type="NODE">
        <matrix sid="transform">1 0 0 0 0 1 0 0 0 0 1 0.608 0 0 0 1</matrix>
        <instance_geometry url="#ericrolph_cannon_car_wash_lowvram_cannonshape_Bore_mesh-mesh" name="ericrolph_cannon_car_wash_lowvram_cannonshape_Bore">
          <bind_material>
            <technique_common>
              <instance_material symbol="ericrolph_cannon_car_wash_lowvram_attract_iron-material" target="#ericrolph_cannon_car_wash_lowvram_attract_iron-material">
                <bind_vertex_input semantic="UVMap" input_semantic="TEXCOORD" input_set="0"/>
              </instance_material>
            </technique_common>
          </bind_material>
        </instance_geometry>
      </node>
      <node id="ericrolph_cannon_car_wash_lowvram_cannonshape_Breech" name="ericrolph_cannon_car_wash_lowvram_cannonshape_Breech" type="NODE">
        <matrix sid="transform">1 0 0 0 0 1 0 0 0 0 1 -0.12 0 0 0 1</matrix>
        <instance_geometry url="#ericrolph_cannon_car_wash_lowvram_cannonshape_Breech_mesh-mesh" name="ericrolph_cannon_car_wash_lowvram_cannonshape_Breech">
          <bind_material>
            <technique_common>
              <instance_material symbol="ericrolph_cannon_car_wash_lowvram_attract_cannon-material" target="#ericrolph_cannon_car_wash_lowvram_attract_cannon-material">
                <bind_vertex_input semantic="UVMap" input_semantic="TEXCOORD" input_set="0"/>
              </instance_material>
            </technique_common>
          </bind_material>
        </instance_geometry>
      </node>
      <node id="ericrolph_cannon_car_wash_lowvram_cannonshape_CascabelBall" name="ericrolph_cannon_car_wash_lowvram_cannonshape_CascabelBall" type="NODE">
        <matrix sid="transform">1 0 0 0 0 1 0 0 0 0 1 -0.315 0 0 0 1</matrix>
        <instance_geometry url="#ericrolph_cannon_car_wash_lowvram_cannonshape_CascabelBall_mesh-mesh" name="ericrolph_cannon_car_wash_lowvram_cannonshape_CascabelBall">
          <bind_material>
            <technique_common>
              <instance_material symbol="ericrolph_cannon_car_wash_lowvram_attract_cannon-material" target="#ericrolph_cannon_car_wash_lowvram_attract_cannon-material">
                <bind_vertex_input semantic="UVMap" input_semantic="TEXCOORD" input_set="0"/>
              </instance_material>
            </technique_common>
          </bind_material>
        </instance_geometry>
      </node>
      <node id="ericrolph_cannon_car_wash_lowvram_cannonshape_CascabelNeck" name="ericrolph_cannon_car_wash_lowvram_cannonshape_CascabelNeck" type="NODE">
        <matrix sid="transform">1 0 0 0 0 1 0 0 0 0 1 -0.265 0 0 0 1</matrix>
        <instance_geometry url="#ericrolph_cannon_car_wash_lowvram_cannonshape_CascabelNeck_mesh-mesh" name="ericrolph_cannon_car_wash_lowvram_cannonshape_CascabelNeck">
          <bind_material>
            <technique_common>
              <instance_material symbol="ericrolph_cannon_car_wash_lowvram_attract_cannon-material" target="#ericrolph_cannon_car_wash_lowvram_attract_cannon-material">
                <bind_vertex_input semantic="UVMap" input_semantic="TEXCOORD" input_set="0"/>
              </instance_material>
            </technique_common>
          </bind_material>
        </instance_geometry>
      </node>
      <node id="ericrolph_cannon_car_wash_lowvram_cannonshape_Chase" name="ericrolph_cannon_car_wash_lowvram_cannonshape_Chase" type="NODE">
        <matrix sid="transform">1 0 0 0 0 1 0 0 0 0 1 0.26 0 0 0 1</matrix>
        <instance_geometry url="#ericrolph_cannon_car_wash_lowvram_cannonshape_Chase_mesh-mesh" name="ericrolph_cannon_car_wash_lowvram_cannonshape_Chase">
          <bind_material>
            <technique_common>
              <instance_material symbol="ericrolph_cannon_car_wash_lowvram_attract_cannon-material" target="#ericrolph_cannon_car_wash_lowvram_attract_cannon-material">
                <bind_vertex_input semantic="UVMap" input_semantic="TEXCOORD" input_set="0"/>
              </instance_material>
            </technique_common>
          </bind_material>
        </instance_geometry>
      </node>
      <node id="ericrolph_cannon_car_wash_lowvram_cannonshape_ChaseGirdle" name="ericrolph_cannon_car_wash_lowvram_cannonshape_ChaseGirdle" type="NODE">
        <matrix sid="transform">1 0 0 0 0 1 0 0 0 0 1 0.4 0 0 0 1</matrix>
        <instance_geometry url="#ericrolph_cannon_car_wash_lowvram_cannonshape_ChaseGirdle_mesh-mesh" name="ericrolph_cannon_car_wash_lowvram_cannonshape_ChaseGirdle">
          <bind_material>
            <technique_common>
              <instance_material symbol="ericrolph_cannon_car_wash_lowvram_attract_cannon-material" target="#ericrolph_cannon_car_wash_lowvram_attract_cannon-material">
                <bind_vertex_input semantic="UVMap" input_semantic="TEXCOORD" input_set="0"/>
              </instance_material>
            </technique_common>
          </bind_material>
        </instance_geometry>
      </node>
      <node id="ericrolph_cannon_car_wash_lowvram_cannonshape_MuzzleFace" name="ericrolph_cannon_car_wash_lowvram_cannonshape_MuzzleFace" type="NODE">
        <matrix sid="transform">1 0 0 0 0 1 0 0 0 0 1 0.598 0 0 0 1</matrix>
        <instance_geometry url="#ericrolph_cannon_car_wash_lowvram_cannonshape_MuzzleFace_mesh-mesh" name="ericrolph_cannon_car_wash_lowvram_cannonshape_MuzzleFace">
          <bind_material>
            <technique_common>
              <instance_material symbol="ericrolph_cannon_car_wash_lowvram_attract_cannon-material" target="#ericrolph_cannon_car_wash_lowvram_attract_cannon-material">
                <bind_vertex_input semantic="UVMap" input_semantic="TEXCOORD" input_set="0"/>
              </instance_material>
            </technique_common>
          </bind_material>
        </instance_geometry>
      </node>
      <node id="ericrolph_cannon_car_wash_lowvram_cannonshape_MuzzleSwell" name="ericrolph_cannon_car_wash_lowvram_cannonshape_MuzzleSwell" type="NODE">
        <matrix sid="transform">1 0 0 0 0 1 0 0 0 0 1 0.555 0 0 0 1</matrix>
        <instance_geometry url="#ericrolph_cannon_car_wash_lowvram_cannonshape_MuzzleSwell_mesh-mesh" name="ericrolph_cannon_car_wash_lowvram_cannonshape_MuzzleSwell">
          <bind_material>
            <technique_common>
              <instance_material symbol="ericrolph_cannon_car_wash_lowvram_attract_cannon-material" target="#ericrolph_cannon_car_wash_lowvram_attract_cannon-material">
                <bind_vertex_input semantic="UVMap" input_semantic="TEXCOORD" input_set="0"/>
              </instance_material>
            </technique_common>
          </bind_material>
        </instance_geometry>
      </node>
      <node id="ericrolph_cannon_car_wash_lowvram_cannonshape_ReinforceRing1" name="ericrolph_cannon_car_wash_lowvram_cannonshape_ReinforceRing1" type="NODE">
        <matrix sid="transform">1 0 0 0 0 1 0 0 0 0 1 0.005 0 0 0 1</matrix>
        <instance_geometry url="#ericrolph_cannon_car_wash_lowvram_cannonshape_ReinforceRing1_mesh-mesh" name="ericrolph_cannon_car_wash_lowvram_cannonshape_ReinforceRing1">
          <bind_material>
            <technique_common>
              <instance_material symbol="ericrolph_cannon_car_wash_lowvram_attract_cannon-material" target="#ericrolph_cannon_car_wash_lowvram_attract_cannon-material">
                <bind_vertex_input semantic="UVMap" input_semantic="TEXCOORD" input_set="0"/>
              </instance_material>
            </technique_common>
          </bind_material>
        </instance_geometry>
      </node>
      <node id="ericrolph_cannon_car_wash_lowvram_cannonshape_ReinforceRing2" name="ericrolph_cannon_car_wash_lowvram_cannonshape_ReinforceRing2" type="NODE">
        <matrix sid="transform">1 0 0 0 0 1 0 0 0 0 1 0.2 0 0 0 1</matrix>
        <instance_geometry url="#ericrolph_cannon_car_wash_lowvram_cannonshape_ReinforceRing2_mesh-mesh" name="ericrolph_cannon_car_wash_lowvram_cannonshape_ReinforceRing2">
          <bind_material>
            <technique_common>
              <instance_material symbol="ericrolph_cannon_car_wash_lowvram_attract_cannon-material" target="#ericrolph_cannon_car_wash_lowvram_attract_cannon-material">
                <bind_vertex_input semantic="UVMap" input_semantic="TEXCOORD" input_set="0"/>
              </instance_material>
            </technique_common>
          </bind_material>
        </instance_geometry>
      </node>
      <node id="ericrolph_cannon_car_wash_lowvram_cannonshape_Rimbase_L" name="ericrolph_cannon_car_wash_lowvram_cannonshape_Rimbase_L" type="NODE">
        <matrix sid="transform">-4.37114e-8 0 1 -0.075 0 1 0 0 -1 0 -4.37114e-8 0 0 0 0 1</matrix>
        <instance_geometry url="#ericrolph_cannon_car_wash_lowvram_cannonshape_Rimbase_L_mesh-mesh" name="ericrolph_cannon_car_wash_lowvram_cannonshape_Rimbase_L">
          <bind_material>
            <technique_common>
              <instance_material symbol="ericrolph_cannon_car_wash_lowvram_attract_cannon-material" target="#ericrolph_cannon_car_wash_lowvram_attract_cannon-material">
                <bind_vertex_input semantic="UVMap" input_semantic="TEXCOORD" input_set="0"/>
              </instance_material>
            </technique_common>
          </bind_material>
        </instance_geometry>
      </node>
      <node id="ericrolph_cannon_car_wash_lowvram_cannonshape_Rimbase_R" name="ericrolph_cannon_car_wash_lowvram_cannonshape_Rimbase_R" type="NODE">
        <matrix sid="transform">-4.37114e-8 0 1 0.075 0 1 0 0 -1 0 -4.37114e-8 0 0 0 0 1</matrix>
        <instance_geometry url="#ericrolph_cannon_car_wash_lowvram_cannonshape_Rimbase_R_mesh-mesh" name="ericrolph_cannon_car_wash_lowvram_cannonshape_Rimbase_R">
          <bind_material>
            <technique_common>
              <instance_material symbol="ericrolph_cannon_car_wash_lowvram_attract_cannon-material" target="#ericrolph_cannon_car_wash_lowvram_attract_cannon-material">
                <bind_vertex_input semantic="UVMap" input_semantic="TEXCOORD" input_set="0"/>
              </instance_material>
            </technique_common>
          </bind_material>
        </instance_geometry>
      </node>
      <node id="ericrolph_cannon_car_wash_lowvram_cannonshape_Trunnion_L" name="ericrolph_cannon_car_wash_lowvram_cannonshape_Trunnion_L" type="NODE">
        <matrix sid="transform">-4.37114e-8 0 1 -0.115 0 1 0 0 -1 0 -4.37114e-8 0 0 0 0 1</matrix>
        <instance_geometry url="#ericrolph_cannon_car_wash_lowvram_cannonshape_Trunnion_L_mesh-mesh" name="ericrolph_cannon_car_wash_lowvram_cannonshape_Trunnion_L">
          <bind_material>
            <technique_common>
              <instance_material symbol="ericrolph_cannon_car_wash_lowvram_attract_cannon-material" target="#ericrolph_cannon_car_wash_lowvram_attract_cannon-material">
                <bind_vertex_input semantic="UVMap" input_semantic="TEXCOORD" input_set="0"/>
              </instance_material>
            </technique_common>
          </bind_material>
        </instance_geometry>
      </node>
      <node id="ericrolph_cannon_car_wash_lowvram_cannonshape_Trunnion_R" name="ericrolph_cannon_car_wash_lowvram_cannonshape_Trunnion_R" type="NODE">
        <matrix sid="transform">-4.37114e-8 0 1 0.115 0 1 0 0 -1 0 -4.37114e-8 0 0 0 0 1</matrix>
        <instance_geometry url="#ericrolph_cannon_car_wash_lowvram_cannonshape_Trunnion_R_mesh-mesh" name="ericrolph_cannon_car_wash_lowvram_cannonshape_Trunnion_R">
          <bind_material>
            <technique_common>
              <instance_material symbol="ericrolph_cannon_car_wash_lowvram_attract_cannon-material" target="#ericrolph_cannon_car_wash_lowvram_attract_cannon-material">
                <bind_vertex_input semantic="UVMap" input_semantic="TEXCOORD" input_set="0"/>
              </instance_material>
            </technique_common>
          </bind_material>
        </instance_geometry>
      </node>
      <node id="ericrolph_cannon_car_wash_lowvram_cannonshape_VentField" name="ericrolph_cannon_car_wash_lowvram_cannonshape_VentField" type="NODE">
        <matrix sid="transform">1 0 0 0 0 1 0 -0.055 0 0 1 -0.16 0 0 0 1</matrix>
        <instance_geometry url="#ericrolph_cannon_car_wash_lowvram_cannonshape_VentField_mesh-mesh" name="ericrolph_cannon_car_wash_lowvram_cannonshape_VentField">
          <bind_material>
            <technique_common>
              <instance_material symbol="ericrolph_cannon_car_wash_lowvram_attract_cannon-material" target="#ericrolph_cannon_car_wash_lowvram_attract_cannon-material">
                <bind_vertex_input semantic="UVMap" input_semantic="TEXCOORD" input_set="0"/>
              </instance_material>
            </technique_common>
          </bind_material>
        </instance_geometry>
      </node>
    </visual_scene>
  </library_visual_scenes>
  <scene>
    <instance_visual_scene url="#ericrolph_cannon_car_wash_lowvram_scene"/>
  </scene>
</COLLADA>